{
	"Name": "Cultist Mk2",
	"Author": "Camshaft Software LTD",
	"Type": "Automation",
	"ExporterVersion": 210705,
	"AutomationVersion": 2107059968,
	"Weight": 1531,
	"Power": 897,
	"Torque": 1073,
	"Years": {
		"min": 2020,
		"max": 2020
	},
	"Drivetrain": "AWD",
	"Transmission": "Manual",
	"Propulsion": "ICE",
	"Fuel Type": "Gasoline",
	"defaultPaintName1": "Default1",
	"paints": {
		"Default1": {
			"baseColor": [ 0.54902, 0, 0, 1 ],
			"clearcoat": 1,
			"clearcoatRoughness": 0,
			"metallic": 1,
			"roughness": 0.35
		},
		"Black": {
			"baseColor": [ 0.01, 0.01, 0.01, 2 ],
			"clearcoat": 1,
			"clearcoatRoughness": 0,
			"metallic": 1,
			"roughness": 0.35
		},
		"White": {
			"baseColor": [ 1, 1, 1, 2 ],
			"clearcoat": 1,
			"clearcoatRoughness": 0,
			"metallic": 1,
			"roughness": 0.35
		},
		"Red": {
			"baseColor": [ 0.7, 0.1, 0.1, 2 ],
			"clearcoat": 1,
			"clearcoatRoughness": 0,
			"metallic": 1,
			"roughness": 0.35
		},
		"Blue": {
			"baseColor": [ 0.1, 0.2, 0.4, 2 ],
			"clearcoat": 1,
			"clearcoatRoughness": 0,
			"metallic": 1,
			"roughness": 0.35
		}
	}
}
