{
	"material_0_cultist_mk2_cultist_mk2_body0": {
		"name": "material_0_cultist_mk2_cultist_mk2_body0",
		"class": "Material",
		"mapTo": "material_0_cultist_mk2_cultist_mk2_body0",
		"Stages": [
			{
				"normalMap": "camso_t_carbonfiber_twill_n.dds",
				"opacityMap": "lordkyvrss_cultist_mk2_stamp0.dds",
				"opacityMapUseUV": 1,
				"diffuseColor": [ 0, 0, 0, 1 ],
				"roughnessFactor": 0,
				"metallicFactor": 0,
				"useAnisotropic": true
			},
			{
			},
			{
			},
			{
			}
		],
		"alphaRef": 1,
		"alphaTest": true,
		"translucent": false,
		"translucentBlendOp": "None",
		"doubleSided": true,
		"invertBackFaceNormals": true,
		"dynamicCubemap": true,
		"activeLayers": 1,
		"materialTag0": "beamng",
		"order_simset": 0,
		"version": 1.5
	},
	"material_1_cultist_mk2_cultist_mk2_body0": {
		"name": "material_1_cultist_mk2_cultist_mk2_body0",
		"class": "Material",
		"mapTo": "material_1_cultist_mk2_cultist_mk2_body0",
		"Stages": [
			{
				"normalMap": "camso_col_0xff8080ff.dds",
				"clearCoatFactor": 1,
				"clearCoatRoughnessFactor": 1,
				"opacityMap": "lordkyvrss_cultist_mk2_stamp0.dds",
				"opacityMapUseUV": 1,
				"instanceDiffuse": true,
				"colorPaletteMap": "camso_col_0xffff0000.dds",
				"roughnessFactor": 1,
				"metallicFactor": 1,
				"diffuseColor": [ 1, 1, 1, 1 ],
				"useAnisotropic": true
			},
			{
			},
			{
			},
			{
			}
		],
		"alphaRef": 1,
		"alphaTest": true,
		"translucent": false,
		"translucentBlendOp": "None",
		"doubleSided": true,
		"invertBackFaceNormals": true,
		"dynamicCubemap": true,
		"activeLayers": 1,
		"materialTag0": "beamng",
		"order_simset": 0,
		"version": 1.5
	},
	"material_2_cultist_mk2_cultist_mk2_body0": {
		"name": "material_2_cultist_mk2_cultist_mk2_body0",
		"class": "Material",
		"mapTo": "material_2_cultist_mk2_cultist_mk2_body0",
		"Stages": [
			{
				"normalMap": "camso_col_0xff8080ff.dds",
				"opacityMap": "lordkyvrss_cultist_mk2_stamp0.dds",
				"opacityMapUseUV": 1,
				"diffuseColor": [ 0.0627451, 0.0627451, 0.0627451, 1 ],
				"roughnessFactor": 0,
				"metallicFactor": 0,
				"useAnisotropic": true
			},
			{
			},
			{
			},
			{
			}
		],
		"alphaRef": 1,
		"alphaTest": true,
		"translucent": false,
		"translucentBlendOp": "None",
		"doubleSided": true,
		"invertBackFaceNormals": true,
		"dynamicCubemap": true,
		"activeLayers": 1,
		"materialTag0": "beamng",
		"order_simset": 0,
		"version": 1.5
	},
	"material_3_cultist_mk2_cultist_mk2_body0": {
		"name": "material_3_cultist_mk2_cultist_mk2_body0",
		"class": "Material",
		"mapTo": "material_3_cultist_mk2_cultist_mk2_body0",
		"Stages": [
			{
				"normalMap": "camso_col_0xff8080ff.dds",
				"diffuseColor": [ 1, 0, 0, 1 ],
				"roughnessFactor": 0,
				"metallicFactor": 1
			},
			{
			},
			{
			},
			{
			}
		],
		"alphaRef": 1,
		"alphaTest": true,
		"translucent": false,
		"translucentBlendOp": "None",
		"doubleSided": true,
		"invertBackFaceNormals": true,
		"dynamicCubemap": true,
		"activeLayers": 1,
		"materialTag0": "beamng",
		"order_simset": 0,
		"version": 1.5
	},
	"material_4_cultist_mk2_cultist_mk2_body0": {
		"name": "material_4_cultist_mk2_cultist_mk2_body0",
		"class": "Material",
		"mapTo": "material_4_cultist_mk2_cultist_mk2_body0",
		"Stages": [
			{
				"normalMap": "camso_col_0xff8080ff.dds",
				"opacityMap": "lordkyvrss_cultist_mk2_stamp0.dds",
				"opacityMapUseUV": 1,
				"diffuseColor": [ 0.00392157, 0.101961, 0.0862745, 1 ],
				"roughnessFactor": 0,
				"metallicFactor": 1,
				"opacityFactor": 1,
				"useAnisotropic": true
			},
			{
			},
			{
			},
			{
			}
		],
		"alphaRef": 1,
		"alphaTest": true,
		"translucent": true,
		"translucentBlendOp": "PreMulAlpha",
		"translucentZWrite": false,
		"castShadows": false,
		"translucentRecvShadows": true,
		"dynamicCubemap": true,
		"activeLayers": 1,
		"materialTag0": "beamng",
		"order_simset": 0,
		"version": 1.5
	},
	"material_5_cultist_mk2_cultist_mk2_body0": {
		"name": "material_5_cultist_mk2_cultist_mk2_body0",
		"class": "Material",
		"mapTo": "material_5_cultist_mk2_cultist_mk2_body0",
		"Stages": [
			{
				"normalMap": "camso_col_0xff8080ff.dds",
				"clearCoatFactor": 1,
				"clearCoatRoughnessFactor": 1,
				"instanceDiffuse": true,
				"colorPaletteMap": "camso_t_carbonfiber_twill_n.dds",
				"roughnessFactor": 1,
				"metallicFactor": 1,
				"diffuseColor": [ 1, 1, 1, 1 ],
				"useAnisotropic": true
			},
			{
			},
			{
			},
			{
			}
		],
		"alphaRef": 1,
		"alphaTest": true,
		"translucent": false,
		"translucentBlendOp": "None",
		"doubleSided": true,
		"invertBackFaceNormals": true,
		"dynamicCubemap": true,
		"activeLayers": 1,
		"materialTag0": "beamng",
		"order_simset": 0,
		"version": 1.5
	},
	"material_6_cultist_mk2_chassis1": {
		"name": "material_6_cultist_mk2_chassis1",
		"class": "Material",
		"mapTo": "material_6_cultist_mk2_chassis1",
		"Stages": [
			{
				"normalMap": "camso_col_0xff8080ff.dds",
				"diffuseColor": [ 0.560784, 0.560784, 0.560784, 1 ],
				"roughnessFactor": 0.2,
				"metallicFactor": 1
			},
			{
			},
			{
			},
			{
			}
		],
		"alphaRef": 1,
		"alphaTest": true,
		"translucent": false,
		"translucentBlendOp": "None",
		"doubleSided": true,
		"invertBackFaceNormals": true,
		"dynamicCubemap": true,
		"activeLayers": 1,
		"materialTag0": "beamng",
		"order_simset": 0,
		"version": 1.5
	},
	"material_7_cultist_mk2_temp2": {
		"name": "material_7_cultist_mk2_temp2",
		"class": "Material",
		"mapTo": "material_7_cultist_mk2_temp2",
		"Stages": [
			{
				"normalMap": "camso_t_noise_n.dds",
				"diffuseColor": [ 1, 1, 1, 1 ],
				"roughnessFactor": 0,
				"metallicFactor": 0,
				"useAnisotropic": true
			},
			{
			},
			{
			},
			{
			}
		],
		"alphaRef": 1,
		"alphaTest": true,
		"translucent": false,
		"translucentBlendOp": "None",
		"doubleSided": true,
		"invertBackFaceNormals": true,
		"dynamicCubemap": true,
		"activeLayers": 1,
		"materialTag0": "beamng",
		"order_simset": 0,
		"version": 1.5
	},
	"material_8_cultist_mk2_temp2": {
		"name": "material_8_cultist_mk2_temp2",
		"class": "Material",
		"mapTo": "material_8_cultist_mk2_temp2",
		"Stages": [
			{
				"normalMap": "camso_col_0xff8080ff.dds",
				"diffuseColor": [ 0.0470588, 0.0470588, 0.0470588, 0 ],
				"roughnessFactor": 0,
				"metallicFactor": 0
			},
			{
			},
			{
			},
			{
			}
		],
		"alphaRef": 1,
		"alphaTest": true,
		"translucent": false,
		"translucentBlendOp": "None",
		"dynamicCubemap": true,
		"activeLayers": 1,
		"materialTag0": "beamng",
		"order_simset": 0,
		"version": 1.5
	},
	"material_9_cultist_mk2_temp2": {
		"name": "material_9_cultist_mk2_temp2",
		"class": "Material",
		"mapTo": "material_9_cultist_mk2_temp2",
		"Stages": [
			{
				"normalMap": "camso_col_0xff8080ff.dds",
				"diffuseColor": [ 0.737255, 0.737255, 0.737255, 1 ],
				"roughnessFactor": 0.25,
				"metallicFactor": 1
			},
			{
			},
			{
			},
			{
			}
		],
		"alphaRef": 1,
		"alphaTest": true,
		"translucent": false,
		"translucentBlendOp": "None",
		"doubleSided": true,
		"invertBackFaceNormals": true,
		"dynamicCubemap": true,
		"activeLayers": 1,
		"materialTag0": "beamng",
		"order_simset": 0,
		"version": 1.5
	},
	"material_10_cultist_mk2_tyre_f2": {
		"name": "material_10_cultist_mk2_tyre_f2",
		"class": "Material",
		"mapTo": "material_10_cultist_mk2_tyre_f2",
		"Stages": [
			{
				"normalMap": "camso_tyresemi_tread_normal.dds",
				"diffuseColor": [ 0.12549, 0.12549, 0.12549, 1 ],
				"roughnessFactor": 0.4,
				"metallicFactor": 0,
				"useAnisotropic": true
			},
			{
			},
			{
			},
			{
			}
		],
		"alphaRef": 1,
		"alphaTest": true,
		"translucent": false,
		"translucentBlendOp": "None",
		"dynamicCubemap": true,
		"activeLayers": 1,
		"materialTag0": "beamng",
		"order_simset": 0,
		"version": 1.5
	},
	"material_11_cultist_mk2_tyre_f2": {
		"name": "material_11_cultist_mk2_tyre_f2",
		"class": "Material",
		"mapTo": "material_11_cultist_mk2_tyre_f2",
		"Stages": [
			{
				"normalMap": "camso_tyresemi_sidewall_normal.dds",
				"diffuseColor": [ 0.12549, 0.12549, 0.12549, 1 ],
				"roughnessFactor": 0.4,
				"metallicFactor": 0,
				"useAnisotropic": true
			},
			{
			},
			{
			},
			{
			}
		],
		"alphaRef": 1,
		"alphaTest": true,
		"translucent": false,
		"translucentBlendOp": "None",
		"dynamicCubemap": true,
		"activeLayers": 1,
		"materialTag0": "beamng",
		"order_simset": 0,
		"version": 1.5
	},
	"material_12_cultist_mk2_tyre_f2": {
		"name": "material_12_cultist_mk2_tyre_f2",
		"class": "Material",
		"mapTo": "material_12_cultist_mk2_tyre_f2",
		"Stages": [
			{
				"normalMap": "camso_col_0xff8080ff.dds",
				"diffuseColor": [ 0.74902, 0.756863, 0.74902, 1 ],
				"roughnessFactor": 0.2,
				"metallicFactor": 1
			},
			{
			},
			{
			},
			{
			}
		],
		"alphaRef": 1,
		"alphaTest": true,
		"translucent": false,
		"translucentBlendOp": "None",
		"doubleSided": true,
		"invertBackFaceNormals": true,
		"dynamicCubemap": true,
		"activeLayers": 1,
		"materialTag0": "beamng",
		"order_simset": 0,
		"version": 1.5
	},
	"material_13_cultist_mk2_wheel_f3": {
		"name": "material_13_cultist_mk2_wheel_f3",
		"class": "Material",
		"mapTo": "material_13_cultist_mk2_wheel_f3",
		"Stages": [
			{
				"normalMap": "camso_col_0xff8080ff.dds",
				"diffuseColor": [ 0.74902, 0.756863, 0.74902, 1 ],
				"roughnessFactor": 0.2,
				"metallicFactor": 1
			},
			{
			},
			{
			},
			{
			}
		],
		"alphaRef": 1,
		"alphaTest": true,
		"translucent": false,
		"translucentBlendOp": "None",
		"doubleSided": true,
		"invertBackFaceNormals": true,
		"dynamicCubemap": true,
		"activeLayers": 1,
		"materialTag0": "beamng",
		"order_simset": 0,
		"version": 1.5
	},
	"material_14_cultist_mk2_suspension_f4": {
		"name": "material_14_cultist_mk2_suspension_f4",
		"class": "Material",
		"mapTo": "material_14_cultist_mk2_suspension_f4",
		"Stages": [
			{
				"normalMap": "camso_col_0xff8080ff.dds",
				"diffuseColor": [ 0.596078, 0.596078, 0.596078, 1 ],
				"roughnessFactor": 0.9,
				"metallicFactor": 0.4
			},
			{
			},
			{
			},
			{
			}
		],
		"alphaRef": 1,
		"alphaTest": true,
		"translucent": false,
		"translucentBlendOp": "None",
		"doubleSided": true,
		"invertBackFaceNormals": true,
		"dynamicCubemap": true,
		"activeLayers": 1,
		"materialTag0": "beamng",
		"order_simset": 0,
		"version": 1.5
	},
	"material_15_cultist_mk2_suspension_f4": {
		"name": "material_15_cultist_mk2_suspension_f4",
		"class": "Material",
		"mapTo": "material_15_cultist_mk2_suspension_f4",
		"Stages": [
			{
				"normalMap": "camso_col_0xff8080ff.dds",
				"diffuseColor": [ 0.662745, 0.568627, 0.113725, 0 ],
				"roughnessFactor": 0.3,
				"metallicFactor": 0
			},
			{
			},
			{
			},
			{
			}
		],
		"alphaRef": 1,
		"alphaTest": true,
		"translucent": false,
		"translucentBlendOp": "None",
		"doubleSided": true,
		"invertBackFaceNormals": true,
		"dynamicCubemap": true,
		"activeLayers": 1,
		"materialTag0": "beamng",
		"order_simset": 0,
		"version": 1.5
	},
	"material_16_cultist_mk2_suspension_f4": {
		"name": "material_16_cultist_mk2_suspension_f4",
		"class": "Material",
		"mapTo": "material_16_cultist_mk2_suspension_f4",
		"Stages": [
			{
				"normalMap": "camso_col_0xff8080ff.dds",
				"diffuseColor": [ 0.517647, 0, 0, 0 ],
				"roughnessFactor": 0.3,
				"metallicFactor": 0
			},
			{
			},
			{
			},
			{
			}
		],
		"alphaRef": 1,
		"alphaTest": true,
		"translucent": false,
		"translucentBlendOp": "None",
		"doubleSided": true,
		"invertBackFaceNormals": true,
		"dynamicCubemap": true,
		"activeLayers": 1,
		"materialTag0": "beamng",
		"order_simset": 0,
		"version": 1.5
	},
	"material_17_cultist_mk2_brakecaliper_f5": {
		"name": "material_17_cultist_mk2_brakecaliper_f5",
		"class": "Material",
		"mapTo": "material_17_cultist_mk2_brakecaliper_f5",
		"Stages": [
			{
				"normalMap": "camso_col_0xff8080ff.dds",
				"clearCoatFactor": 1,
				"clearCoatRoughnessFactor": 0,
				"diffuseColor": [ 1, 0, 0, 1 ],
				"roughnessFactor": 0.35,
				"metallicFactor": 1
			},
			{
			},
			{
			},
			{
			}
		],
		"alphaRef": 1,
		"alphaTest": true,
		"translucent": false,
		"translucentBlendOp": "None",
		"doubleSided": true,
		"invertBackFaceNormals": true,
		"dynamicCubemap": true,
		"activeLayers": 1,
		"materialTag0": "beamng",
		"order_simset": 0,
		"version": 1.5
	},
	"material_18_cultist_mk2_brakecaliper_f5": {
		"name": "material_18_cultist_mk2_brakecaliper_f5",
		"class": "Material",
		"mapTo": "material_18_cultist_mk2_brakecaliper_f5",
		"Stages": [
			{
				"normalMap": "camso_col_0xff8080ff.dds",
				"diffuseColor": [ 0.0470588, 0.0470588, 0.0470588, 0 ],
				"roughnessFactor": 0,
				"metallicFactor": 0
			},
			{
			},
			{
			},
			{
			}
		],
		"alphaRef": 1,
		"alphaTest": true,
		"translucent": false,
		"translucentBlendOp": "None",
		"dynamicCubemap": true,
		"activeLayers": 1,
		"materialTag0": "beamng",
		"order_simset": 0,
		"version": 1.5
	},
	"material_19_cultist_mk2_brakecaliper_f5": {
		"name": "material_19_cultist_mk2_brakecaliper_f5",
		"class": "Material",
		"mapTo": "material_19_cultist_mk2_brakecaliper_f5",
		"Stages": [
			{
				"normalMap": "camso_boltnormal.dds",
				"diffuseColor": [ 0.709804, 0.670588, 0.611765, 1 ],
				"roughnessFactor": 0.4,
				"metallicFactor": 1,
				"useAnisotropic": true
			},
			{
			},
			{
			},
			{
			}
		],
		"alphaRef": 1,
		"alphaTest": true,
		"translucent": false,
		"translucentBlendOp": "None",
		"doubleSided": true,
		"invertBackFaceNormals": true,
		"dynamicCubemap": true,
		"activeLayers": 1,
		"materialTag0": "beamng",
		"order_simset": 0,
		"version": 1.5
	},
	"material_20_cultist_mk2_temp6": {
		"name": "material_20_cultist_mk2_temp6",
		"class": "Material",
		"mapTo": "material_20_cultist_mk2_temp6",
		"Stages": [
			{
				"normalMap": "camso_col_0xff8080ff.dds",
				"diffuseColor": [ 0.372549, 0.372549, 0.372549, 1 ],
				"roughnessFactor": 0.9,
				"metallicFactor": 0.4
			},
			{
			},
			{
			},
			{
			}
		],
		"alphaRef": 1,
		"alphaTest": true,
		"translucent": false,
		"translucentBlendOp": "None",
		"doubleSided": true,
		"invertBackFaceNormals": true,
		"dynamicCubemap": true,
		"activeLayers": 1,
		"materialTag0": "beamng",
		"order_simset": 0,
		"version": 1.5
	},
	"material_21_cultist_mk2_temp6": {
		"name": "material_21_cultist_mk2_temp6",
		"class": "Material",
		"mapTo": "material_21_cultist_mk2_temp6",
		"Stages": [
			{
				"normalMap": "camso_col_0xff8080ff.dds",
				"diffuseColor": [ 0.737255, 0.737255, 0.737255, 1 ],
				"roughnessFactor": 0.25,
				"metallicFactor": 1
			},
			{
			},
			{
			},
			{
			}
		],
		"alphaRef": 1,
		"alphaTest": true,
		"translucent": false,
		"translucentBlendOp": "None",
		"doubleSided": true,
		"invertBackFaceNormals": true,
		"dynamicCubemap": true,
		"activeLayers": 1,
		"materialTag0": "beamng",
		"order_simset": 0,
		"version": 1.5
	},
	"material_22_cultist_mk2_temp6": {
		"name": "material_22_cultist_mk2_temp6",
		"class": "Material",
		"mapTo": "material_22_cultist_mk2_temp6",
		"Stages": [
			{
				"normalMap": "camso_col_0xff8080ff.dds",
				"diffuseColor": [ 0.94902, 0.854902, 0.639216, 1 ],
				"roughnessFactor": 0.2,
				"metallicFactor": 1
			},
			{
			},
			{
			},
			{
			}
		],
		"alphaRef": 1,
		"alphaTest": true,
		"translucent": false,
		"translucentBlendOp": "None",
		"doubleSided": true,
		"invertBackFaceNormals": true,
		"dynamicCubemap": true,
		"activeLayers": 1,
		"materialTag0": "beamng",
		"order_simset": 0,
		"version": 1.5
	},
	"material_23_cultist_mk2_temp6": {
		"name": "material_23_cultist_mk2_temp6",
		"class": "Material",
		"mapTo": "material_23_cultist_mk2_temp6",
		"Stages": [
			{
				"normalMap": "camso_t_carbonceramic_normal.dds",
				"diffuseColor": [ 0.658824, 0.658824, 0.658824, 1 ],
				"roughnessFactor": 0,
				"metallicFactor": 1,
				"useAnisotropic": true
			},
			{
			},
			{
			},
			{
			}
		],
		"alphaRef": 1,
		"alphaTest": true,
		"translucent": false,
		"translucentBlendOp": "None",
		"doubleSided": true,
		"invertBackFaceNormals": true,
		"dynamicCubemap": true,
		"activeLayers": 1,
		"materialTag0": "beamng",
		"order_simset": 0,
		"version": 1.5
	},
	"material_24_cultist_mk2_suspension_r9": {
		"name": "material_24_cultist_mk2_suspension_r9",
		"class": "Material",
		"mapTo": "material_24_cultist_mk2_suspension_r9",
		"Stages": [
			{
				"normalMap": "camso_col_0xff8080ff.dds",
				"diffuseColor": [ 0.737255, 0.737255, 0.737255, 1 ],
				"roughnessFactor": 0.25,
				"metallicFactor": 1
			},
			{
			},
			{
			},
			{
			}
		],
		"alphaRef": 1,
		"alphaTest": true,
		"translucent": false,
		"translucentBlendOp": "None",
		"doubleSided": true,
		"invertBackFaceNormals": true,
		"dynamicCubemap": true,
		"activeLayers": 1,
		"materialTag0": "beamng",
		"order_simset": 0,
		"version": 1.5
	},
	"material_25_cultist_mk2_efixturetype__eft_headlight012": {
		"name": "material_25_cultist_mk2_efixturetype__eft_headlight012",
		"class": "Material",
		"mapTo": "material_25_cultist_mk2_efixturetype__eft_headlight012",
		"Stages": [
			{
				"normalMap": "camso_col_0xff8080ff.dds",
				"diffuseColor": [ 1, 0.964706, 0.956863, 1 ],
				"opacityMap": "lordkyvrss_cultist_mk2_stamp1.dds",
				"opacityMapUseUV": 1,
				"roughnessFactor": 0,
				"metallicFactor": 1,
				"useAnisotropic": true
			},
			{
			},
			{
			},
			{
			}
		],
		"alphaRef": 1,
		"alphaTest": true,
		"translucent": false,
		"translucentBlendOp": "None",
		"doubleSided": true,
		"invertBackFaceNormals": true,
		"dynamicCubemap": true,
		"activeLayers": 1,
		"materialTag0": "beamng",
		"order_simset": 0,
		"version": 1.5
	},
	"material_26_cultist_mk2_efixturetype__eft_headlight012": {
		"name": "material_26_cultist_mk2_efixturetype__eft_headlight012",
		"class": "Material",
		"mapTo": "material_26_cultist_mk2_efixturetype__eft_headlight012",
		"Stages": [
			{
				"normalMap": "camso_t_taillightreflector_03_normal.dds",
				"opacityMap": "lordkyvrss_cultist_mk2_stamp1.dds",
				"opacityMapUseUV": 1,
				"diffuseColor": [ 1, 1, 1, 1 ],
				"roughnessFactor": 0.02,
				"metallicFactor": 1,
				"useAnisotropic": true
			},
			{
			},
			{
			},
			{
			}
		],
		"alphaRef": 1,
		"alphaTest": true,
		"translucent": false,
		"translucentBlendOp": "None",
		"doubleSided": true,
		"invertBackFaceNormals": true,
		"dynamicCubemap": true,
		"activeLayers": 1,
		"materialTag0": "beamng",
		"order_simset": 0,
		"version": 1.5
	},
	"material_26_cultist_mk2_efixturetype__eft_headlight012_off": {
		"name": "material_26_cultist_mk2_efixturetype__eft_headlight012_off",
		"class": "Material",
		"mapTo": "material_26_cultist_mk2_efixturetype__eft_headlight012_off",
		"Stages": [
			{
				"normalMap": "camso_t_taillightreflector_03_normal.dds",
				"opacityMap": "lordkyvrss_cultist_mk2_stamp1.dds",
				"opacityMapUseUV": 1,
				"diffuseColor": [ 1, 1, 1, 1 ],
				"roughnessFactor": 0.02,
				"metallicFactor": 1,
				"useAnisotropic": true
			},
			{
			},
			{
			},
			{
			}
		],
		"alphaRef": 1,
		"alphaTest": true,
		"translucent": false,
		"translucentBlendOp": "None",
		"doubleSided": true,
		"invertBackFaceNormals": true,
		"dynamicCubemap": true,
		"activeLayers": 1,
		"materialTag0": "beamng",
		"order_simset": 0,
		"version": 1.5
	},
	"material_26_cultist_mk2_efixturetype__eft_headlight012_on": {
		"name": "material_26_cultist_mk2_efixturetype__eft_headlight012_on",
		"class": "Material",
		"mapTo": "material_26_cultist_mk2_efixturetype__eft_headlight012_on",
		"Stages": [
			{
				"normalMap": "camso_t_taillightreflector_03_normal.dds",
				"opacityMap": "lordkyvrss_cultist_mk2_stamp1.dds",
				"opacityMapUseUV": 1,
				"diffuseColor": [ 1, 1, 1, 1 ],
				"roughnessFactor": 0.02,
				"metallicFactor": 1,
				"emissiveFactor": [ 1, 1, 1 ],
				"glow": true,
				"useAnisotropic": true
			},
			{
			},
			{
			},
			{
			}
		],
		"alphaRef": 1,
		"alphaTest": true,
		"translucent": false,
		"translucentBlendOp": "None",
		"doubleSided": true,
		"invertBackFaceNormals": true,
		"dynamicCubemap": true,
		"activeLayers": 1,
		"materialTag0": "beamng",
		"order_simset": 0,
		"version": 1.5
	},
	"material_26_cultist_mk2_efixturetype__eft_headlight012_onIntense": {
		"name": "material_26_cultist_mk2_efixturetype__eft_headlight012_onIntense",
		"class": "Material",
		"mapTo": "material_26_cultist_mk2_efixturetype__eft_headlight012_onIntense",
		"Stages": [
			{
				"normalMap": "camso_t_taillightreflector_03_normal.dds",
				"opacityMap": "lordkyvrss_cultist_mk2_stamp1.dds",
				"opacityMapUseUV": 1,
				"diffuseColor": [ 1, 1, 1, 1 ],
				"roughnessFactor": 0.02,
				"metallicFactor": 1,
				"emissiveFactor": [ 1, 1, 1 ],
				"glow": true,
				"useAnisotropic": true
			},
			{
			},
			{
			},
			{
			}
		],
		"alphaRef": 1,
		"alphaTest": true,
		"translucent": false,
		"translucentBlendOp": "None",
		"doubleSided": true,
		"invertBackFaceNormals": true,
		"dynamicCubemap": true,
		"activeLayers": 1,
		"materialTag0": "beamng",
		"order_simset": 0,
		"version": 1.5
	},
	"material_27_cultist_mk2_efixturetype__eft_wing014": {
		"name": "material_27_cultist_mk2_efixturetype__eft_wing014",
		"class": "Material",
		"mapTo": "material_27_cultist_mk2_efixturetype__eft_wing014",
		"Stages": [
			{
				"normalMap": "camso_col_0xff8080ff.dds",
				"diffuseColor": [ 0, 0, 0, 1 ],
				"roughnessFactor": 0.3,
				"metallicFactor": 0
			},
			{
			},
			{
			},
			{
			}
		],
		"alphaRef": 1,
		"alphaTest": true,
		"translucent": false,
		"translucentBlendOp": "None",
		"doubleSided": true,
		"invertBackFaceNormals": true,
		"dynamicCubemap": true,
		"activeLayers": 1,
		"materialTag0": "beamng",
		"order_simset": 0,
		"version": 1.5
	},
	"material_28_cultist_mk2_efixturetype__eft_wing014": {
		"name": "material_28_cultist_mk2_efixturetype__eft_wing014",
		"class": "Material",
		"mapTo": "material_28_cultist_mk2_efixturetype__eft_wing014",
		"Stages": [
			{
				"normalMap": "camso_col_0xff8080ff.dds",
				"clearCoatFactor": 1,
				"clearCoatRoughnessFactor": 1,
				"instanceDiffuse": true,
				"colorPaletteMap": "camso_t_carbonfiber_twill_n.dds",
				"roughnessFactor": 1,
				"metallicFactor": 1,
				"diffuseColor": [ 1, 1, 1, 1 ],
				"useAnisotropic": true
			},
			{
			},
			{
			},
			{
			}
		],
		"alphaRef": 1,
		"alphaTest": true,
		"translucent": false,
		"translucentBlendOp": "None",
		"doubleSided": true,
		"invertBackFaceNormals": true,
		"dynamicCubemap": true,
		"activeLayers": 1,
		"materialTag0": "beamng",
		"order_simset": 0,
		"version": 1.5
	},
	"material_29_cultist_mk2_efixturetype__eft_wing014": {
		"name": "material_29_cultist_mk2_efixturetype__eft_wing014",
		"class": "Material",
		"mapTo": "material_29_cultist_mk2_efixturetype__eft_wing014",
		"Stages": [
			{
				"normalMap": "camso_t_carbonfiber_twill_n.dds",
				"diffuseColor": [ 0.337255, 0.337255, 0.337255, 1 ],
				"roughnessFactor": 0,
				"metallicFactor": 0,
				"useAnisotropic": true
			},
			{
			},
			{
			},
			{
			}
		],
		"alphaRef": 1,
		"alphaTest": true,
		"translucent": false,
		"translucentBlendOp": "None",
		"doubleSided": true,
		"invertBackFaceNormals": true,
		"dynamicCubemap": true,
		"activeLayers": 1,
		"materialTag0": "beamng",
		"order_simset": 0,
		"version": 1.5
	},
	"material_30_cultist_mk2_efixturetype__eft_wing014": {
		"name": "material_30_cultist_mk2_efixturetype__eft_wing014",
		"class": "Material",
		"mapTo": "material_30_cultist_mk2_efixturetype__eft_wing014",
		"Stages": [
			{
				"normalMap": "camso_t_grille01_n.dds",
				"diffuseColor": [ 0.431373, 0.431373, 0.431373, 0.027451 ],
				"roughnessFactor": 1,
				"metallicFactor": 1,
				"diffuseMap": "camso_t_grille01_h_rbgmask.dds",
				"metallicMap": "camso_t_grille01_h_rbgmask.dds",
				"roughnessMap": "camso_t_grille01_h_i_rbgmask.dds",
				"useAnisotropic": true
			},
			{
			},
			{
			},
			{
			}
		],
		"alphaRef": 1,
		"alphaTest": true,
		"translucent": false,
		"translucentBlendOp": "None",
		"doubleSided": true,
		"invertBackFaceNormals": true,
		"dynamicCubemap": true,
		"activeLayers": 1,
		"materialTag0": "beamng",
		"order_simset": 0,
		"version": 1.5
	},
	"material_31_cultist_mk2_temp15": {
		"name": "material_31_cultist_mk2_temp15",
		"class": "Material",
		"mapTo": "material_31_cultist_mk2_temp15",
		"Stages": [
			{
				"normalMap": "camso_col_0xff8080ff.dds",
				"clearCoatFactor": 1,
				"clearCoatRoughnessFactor": 1,
				"instanceDiffuse": true,
				"colorPaletteMap": "camso_t_carbonfiber_twill_n.dds",
				"roughnessFactor": 1,
				"metallicFactor": 1,
				"diffuseColor": [ 1, 1, 1, 1 ],
				"useAnisotropic": true
			},
			{
			},
			{
			},
			{
			}
		],
		"alphaRef": 1,
		"alphaTest": true,
		"translucent": false,
		"translucentBlendOp": "None",
		"doubleSided": true,
		"invertBackFaceNormals": true,
		"dynamicCubemap": true,
		"activeLayers": 1,
		"materialTag0": "beamng",
		"order_simset": 0,
		"version": 1.5
	},
	"material_32_cultist_mk2_temp15": {
		"name": "material_32_cultist_mk2_temp15",
		"class": "Material",
		"mapTo": "material_32_cultist_mk2_temp15",
		"Stages": [
			{
				"normalMap": "camso_numberplate00_n.dds",
				"diffuseMap": "camso_numberplate00_lerp_0xfffaf8f0_0xff1f2121.dds",
				"roughnessFactor": 0.816514,
				"metallicFactor": 1,
				"useAnisotropic": true
			},
			{
			},
			{
			},
			{
			}
		],
		"alphaRef": 1,
		"alphaTest": true,
		"translucent": false,
		"translucentBlendOp": "None",
		"doubleSided": true,
		"invertBackFaceNormals": true,
		"dynamicCubemap": true,
		"activeLayers": 1,
		"materialTag0": "beamng",
		"order_simset": 0,
		"version": 1.5
	},
	"material_33_cultist_mk2_temp15": {
		"name": "material_33_cultist_mk2_temp15",
		"class": "Material",
		"mapTo": "material_33_cultist_mk2_temp15",
		"Stages": [
			{
				"normalMap": "camso_col_0xff8080ff.dds",
				"diffuseColor": [ 0.247059, 0.247059, 0.247059, 1 ],
				"roughnessFactor": 0.3,
				"metallicFactor": 0
			},
			{
			},
			{
			},
			{
			}
		],
		"alphaRef": 1,
		"alphaTest": true,
		"translucent": false,
		"translucentBlendOp": "None",
		"doubleSided": true,
		"invertBackFaceNormals": true,
		"dynamicCubemap": true,
		"activeLayers": 1,
		"materialTag0": "beamng",
		"order_simset": 0,
		"version": 1.5
	},
	"material_34_cultist_mk2_temp15": {
		"name": "material_34_cultist_mk2_temp15",
		"class": "Material",
		"mapTo": "material_34_cultist_mk2_temp15",
		"Stages": [
			{
				"normalMap": "camso_col_0xff8080ff.dds",
				"clearCoatFactor": 1,
				"clearCoatRoughnessFactor": 1,
				"opacityMap": "lordkyvrss_cultist_mk2_stamp1.dds",
				"opacityMapUseUV": 1,
				"instanceDiffuse": true,
				"colorPaletteMap": "camso_t_carbonfiber_twill_n.dds",
				"roughnessFactor": 1,
				"metallicFactor": 1,
				"diffuseColor": [ 1, 1, 1, 1 ],
				"useAnisotropic": true
			},
			{
			},
			{
			},
			{
			}
		],
		"alphaRef": 1,
		"alphaTest": true,
		"translucent": false,
		"translucentBlendOp": "None",
		"doubleSided": true,
		"invertBackFaceNormals": true,
		"dynamicCubemap": true,
		"activeLayers": 1,
		"materialTag0": "beamng",
		"order_simset": 0,
		"version": 1.5
	},
	"material_35_cultist_mk2_temp15": {
		"name": "material_35_cultist_mk2_temp15",
		"class": "Material",
		"mapTo": "material_35_cultist_mk2_temp15",
		"Stages": [
			{
				"normalMap": "camso_col_0xff8080ff.dds",
				"opacityMap": "lordkyvrss_cultist_mk2_stamp1.dds",
				"opacityMapUseUV": 1,
				"diffuseColor": [ 0, 0, 0, 1 ],
				"roughnessFactor": 0.3,
				"metallicFactor": 0,
				"useAnisotropic": true
			},
			{
			},
			{
			},
			{
			}
		],
		"alphaRef": 1,
		"alphaTest": true,
		"translucent": false,
		"translucentBlendOp": "None",
		"doubleSided": true,
		"invertBackFaceNormals": true,
		"dynamicCubemap": true,
		"activeLayers": 1,
		"materialTag0": "beamng",
		"order_simset": 0,
		"version": 1.5
	},
	"material_36_cultist_mk2_temp15": {
		"name": "material_36_cultist_mk2_temp15",
		"class": "Material",
		"mapTo": "material_36_cultist_mk2_temp15",
		"Stages": [
			{
				"normalMap": "camso_t_taillightreflector_06_normal.dds",
				"opacityMap": "lordkyvrss_cultist_mk2_stamp1.dds",
				"opacityMapUseUV": 1,
				"diffuseColor": [ 0.45098, 0.0627451, 0.0431373, 1 ],
				"roughnessFactor": 0,
				"metallicFactor": 1,
				"opacityFactor": 1,
				"useAnisotropic": true
			},
			{
			},
			{
			},
			{
			}
		],
		"alphaRef": 1,
		"alphaTest": true,
		"translucent": true,
		"translucentBlendOp": "PreMulAlpha",
		"translucentZWrite": false,
		"castShadows": false,
		"translucentRecvShadows": true,
		"dynamicCubemap": true,
		"activeLayers": 1,
		"materialTag0": "beamng",
		"order_simset": 0,
		"version": 1.5
	},
	"material_36_cultist_mk2_temp15_off": {
		"name": "material_36_cultist_mk2_temp15_off",
		"class": "Material",
		"mapTo": "material_36_cultist_mk2_temp15_off",
		"Stages": [
			{
				"normalMap": "camso_t_taillightreflector_06_normal.dds",
				"opacityMap": "lordkyvrss_cultist_mk2_stamp1.dds",
				"opacityMapUseUV": 1,
				"diffuseColor": [ 0.45098, 0.0627451, 0.0431373, 1 ],
				"roughnessFactor": 0,
				"metallicFactor": 1,
				"opacityFactor": 1,
				"useAnisotropic": true
			},
			{
			},
			{
			},
			{
			}
		],
		"alphaRef": 1,
		"alphaTest": true,
		"translucent": true,
		"translucentBlendOp": "PreMulAlpha",
		"translucentZWrite": false,
		"castShadows": false,
		"translucentRecvShadows": true,
		"dynamicCubemap": true,
		"activeLayers": 1,
		"materialTag0": "beamng",
		"order_simset": 0,
		"version": 1.5
	},
	"material_36_cultist_mk2_temp15_on": {
		"name": "material_36_cultist_mk2_temp15_on",
		"class": "Material",
		"mapTo": "material_36_cultist_mk2_temp15_on",
		"Stages": [
			{
				"normalMap": "camso_t_taillightreflector_06_normal.dds",
				"opacityMap": "lordkyvrss_cultist_mk2_stamp1.dds",
				"opacityMapUseUV": 1,
				"diffuseColor": [ 0.45098, 0.0627451, 0.0431373, 1 ],
				"roughnessFactor": 0,
				"metallicFactor": 1,
				"opacityFactor": 1,
				"emissiveFactor": [ 0.905694, 0.361288, 0.301898 ],
				"glow": true,
				"useAnisotropic": true
			},
			{
			},
			{
			},
			{
			}
		],
		"alphaRef": 1,
		"alphaTest": true,
		"translucent": true,
		"translucentBlendOp": "PreMulAlpha",
		"translucentZWrite": false,
		"castShadows": false,
		"translucentRecvShadows": true,
		"dynamicCubemap": true,
		"activeLayers": 1,
		"materialTag0": "beamng",
		"order_simset": 0,
		"version": 1.5
	},
	"material_36_cultist_mk2_temp15_onIntense": {
		"name": "material_36_cultist_mk2_temp15_onIntense",
		"class": "Material",
		"mapTo": "material_36_cultist_mk2_temp15_onIntense",
		"Stages": [
			{
				"normalMap": "camso_t_taillightreflector_06_normal.dds",
				"opacityMap": "lordkyvrss_cultist_mk2_stamp1.dds",
				"opacityMapUseUV": 1,
				"diffuseColor": [ 0.45098, 0.0627451, 0.0431373, 1 ],
				"roughnessFactor": 0,
				"metallicFactor": 1,
				"opacityFactor": 1,
				"emissiveFactor": [ 1, 0.398907, 0.333333 ],
				"glow": true,
				"useAnisotropic": true
			},
			{
			},
			{
			},
			{
			}
		],
		"alphaRef": 1,
		"alphaTest": true,
		"translucent": true,
		"translucentBlendOp": "PreMulAlpha",
		"translucentZWrite": false,
		"castShadows": false,
		"translucentRecvShadows": true,
		"dynamicCubemap": true,
		"activeLayers": 1,
		"materialTag0": "beamng",
		"order_simset": 0,
		"version": 1.5
	},
	"material_37_cultist_mk2_temp15": {
		"name": "material_37_cultist_mk2_temp15",
		"class": "Material",
		"mapTo": "material_37_cultist_mk2_temp15",
		"Stages": [
			{
				"normalMap": "camso_col_0xff8080ff.dds",
				"diffuseColor": [ 1, 1, 1, 1 ],
				"opacityMap": "lordkyvrss_cultist_mk2_stamp1.dds",
				"opacityMapUseUV": 1,
				"roughnessFactor": 0,
				"metallicFactor": 1,
				"useAnisotropic": true
			},
			{
			},
			{
			},
			{
			}
		],
		"alphaRef": 1,
		"alphaTest": true,
		"translucent": false,
		"translucentBlendOp": "None",
		"doubleSided": true,
		"invertBackFaceNormals": true,
		"dynamicCubemap": true,
		"activeLayers": 1,
		"materialTag0": "beamng",
		"order_simset": 0,
		"version": 1.5
	},
	"material_38_cultist_mk2_temp15": {
		"name": "material_38_cultist_mk2_temp15",
		"class": "Material",
		"mapTo": "material_38_cultist_mk2_temp15",
		"Stages": [
			{
				"normalMap": "camso_t_taillightreflector_06_normal.dds",
				"opacityMap": "lordkyvrss_cultist_mk2_stamp1.dds",
				"opacityMapUseUV": 1,
				"diffuseColor": [ 0.878431, 0.882353, 0.882353, 1 ],
				"roughnessFactor": 0,
				"metallicFactor": 1,
				"opacityFactor": 1,
				"useAnisotropic": true
			},
			{
			},
			{
			},
			{
			}
		],
		"alphaRef": 1,
		"alphaTest": true,
		"translucent": true,
		"translucentBlendOp": "PreMulAlpha",
		"translucentZWrite": false,
		"castShadows": false,
		"translucentRecvShadows": true,
		"dynamicCubemap": true,
		"activeLayers": 1,
		"materialTag0": "beamng",
		"order_simset": 0,
		"version": 1.5
	},
	"material_38_cultist_mk2_temp15_off": {
		"name": "material_38_cultist_mk2_temp15_off",
		"class": "Material",
		"mapTo": "material_38_cultist_mk2_temp15_off",
		"Stages": [
			{
				"normalMap": "camso_t_taillightreflector_06_normal.dds",
				"opacityMap": "lordkyvrss_cultist_mk2_stamp1.dds",
				"opacityMapUseUV": 1,
				"diffuseColor": [ 0.878431, 0.882353, 0.882353, 1 ],
				"roughnessFactor": 0,
				"metallicFactor": 1,
				"opacityFactor": 1,
				"useAnisotropic": true
			},
			{
			},
			{
			},
			{
			}
		],
		"alphaRef": 1,
		"alphaTest": true,
		"translucent": true,
		"translucentBlendOp": "PreMulAlpha",
		"translucentZWrite": false,
		"castShadows": false,
		"translucentRecvShadows": true,
		"dynamicCubemap": true,
		"activeLayers": 1,
		"materialTag0": "beamng",
		"order_simset": 0,
		"version": 1.5
	},
	"material_38_cultist_mk2_temp15_on": {
		"name": "material_38_cultist_mk2_temp15_on",
		"class": "Material",
		"mapTo": "material_38_cultist_mk2_temp15_on",
		"Stages": [
			{
				"normalMap": "camso_t_taillightreflector_06_normal.dds",
				"opacityMap": "lordkyvrss_cultist_mk2_stamp1.dds",
				"opacityMapUseUV": 1,
				"diffuseColor": [ 0.878431, 0.882353, 0.882353, 1 ],
				"roughnessFactor": 0,
				"metallicFactor": 1,
				"opacityFactor": 1,
				"emissiveFactor": [ 0.992141, 0.992141, 0.992141 ],
				"glow": true,
				"useAnisotropic": true
			},
			{
			},
			{
			},
			{
			}
		],
		"alphaRef": 1,
		"alphaTest": true,
		"translucent": true,
		"translucentBlendOp": "PreMulAlpha",
		"translucentZWrite": false,
		"castShadows": false,
		"translucentRecvShadows": true,
		"dynamicCubemap": true,
		"activeLayers": 1,
		"materialTag0": "beamng",
		"order_simset": 0,
		"version": 1.5
	},
	"material_38_cultist_mk2_temp15_onIntense": {
		"name": "material_38_cultist_mk2_temp15_onIntense",
		"class": "Material",
		"mapTo": "material_38_cultist_mk2_temp15_onIntense",
		"Stages": [
			{
				"normalMap": "camso_t_taillightreflector_06_normal.dds",
				"opacityMap": "lordkyvrss_cultist_mk2_stamp1.dds",
				"opacityMapUseUV": 1,
				"diffuseColor": [ 0.878431, 0.882353, 0.882353, 1 ],
				"roughnessFactor": 0,
				"metallicFactor": 1,
				"opacityFactor": 1,
				"emissiveFactor": [ 1, 1, 1 ],
				"glow": true,
				"useAnisotropic": true
			},
			{
			},
			{
			},
			{
			}
		],
		"alphaRef": 1,
		"alphaTest": true,
		"translucent": true,
		"translucentBlendOp": "PreMulAlpha",
		"translucentZWrite": false,
		"castShadows": false,
		"translucentRecvShadows": true,
		"dynamicCubemap": true,
		"activeLayers": 1,
		"materialTag0": "beamng",
		"order_simset": 0,
		"version": 1.5
	},
	"material_39_cultist_mk2_temp15": {
		"name": "material_39_cultist_mk2_temp15",
		"class": "Material",
		"mapTo": "material_39_cultist_mk2_temp15",
		"Stages": [
			{
				"normalMap": "camso_t_blanknormal.dds",
				"opacityMap": "lordkyvrss_cultist_mk2_stamp1.dds",
				"opacityMapUseUV": 1,
				"diffuseColor": [ 0.913725, 0.490196, 0.14902, 0.8 ],
				"roughnessFactor": 0,
				"metallicFactor": 1,
				"opacityFactor": 0.8,
				"useAnisotropic": true
			},
			{
			},
			{
			},
			{
			}
		],
		"alphaRef": 1,
		"alphaTest": true,
		"translucent": true,
		"translucentBlendOp": "PreMulAlpha",
		"translucentZWrite": false,
		"castShadows": false,
		"translucentRecvShadows": true,
		"dynamicCubemap": true,
		"activeLayers": 1,
		"materialTag0": "beamng",
		"order_simset": 0,
		"version": 1.5
	},
	"material_39_cultist_mk2_temp15_off": {
		"name": "material_39_cultist_mk2_temp15_off",
		"class": "Material",
		"mapTo": "material_39_cultist_mk2_temp15_off",
		"Stages": [
			{
				"normalMap": "camso_t_blanknormal.dds",
				"opacityMap": "lordkyvrss_cultist_mk2_stamp1.dds",
				"opacityMapUseUV": 1,
				"diffuseColor": [ 0.913725, 0.490196, 0.14902, 0.8 ],
				"roughnessFactor": 0,
				"metallicFactor": 1,
				"opacityFactor": 0.8,
				"useAnisotropic": true
			},
			{
			},
			{
			},
			{
			}
		],
		"alphaRef": 1,
		"alphaTest": true,
		"translucent": true,
		"translucentBlendOp": "PreMulAlpha",
		"translucentZWrite": false,
		"castShadows": false,
		"translucentRecvShadows": true,
		"dynamicCubemap": true,
		"activeLayers": 1,
		"materialTag0": "beamng",
		"order_simset": 0,
		"version": 1.5
	},
	"material_39_cultist_mk2_temp15_on": {
		"name": "material_39_cultist_mk2_temp15_on",
		"class": "Material",
		"mapTo": "material_39_cultist_mk2_temp15_on",
		"Stages": [
			{
				"normalMap": "camso_t_blanknormal.dds",
				"opacityMap": "lordkyvrss_cultist_mk2_stamp1.dds",
				"opacityMapUseUV": 1,
				"diffuseColor": [ 0.913725, 0.490196, 0.14902, 0.8 ],
				"roughnessFactor": 0,
				"metallicFactor": 1,
				"opacityFactor": 0.8,
				"emissiveFactor": [ 0.986902, 0.745212, 0.422958 ],
				"glow": true,
				"useAnisotropic": true
			},
			{
			},
			{
			},
			{
			}
		],
		"alphaRef": 1,
		"alphaTest": true,
		"translucent": true,
		"translucentBlendOp": "PreMulAlpha",
		"translucentZWrite": false,
		"castShadows": false,
		"translucentRecvShadows": true,
		"dynamicCubemap": true,
		"activeLayers": 1,
		"materialTag0": "beamng",
		"order_simset": 0,
		"version": 1.5
	},
	"material_39_cultist_mk2_temp15_onIntense": {
		"name": "material_39_cultist_mk2_temp15_onIntense",
		"class": "Material",
		"mapTo": "material_39_cultist_mk2_temp15_onIntense",
		"Stages": [
			{
				"normalMap": "camso_t_blanknormal.dds",
				"opacityMap": "lordkyvrss_cultist_mk2_stamp1.dds",
				"opacityMapUseUV": 1,
				"diffuseColor": [ 0.913725, 0.490196, 0.14902, 0.8 ],
				"roughnessFactor": 0,
				"metallicFactor": 1,
				"opacityFactor": 0.8,
				"emissiveFactor": [ 1, 0.755102, 0.428571 ],
				"glow": true,
				"useAnisotropic": true
			},
			{
			},
			{
			},
			{
			}
		],
		"alphaRef": 1,
		"alphaTest": true,
		"translucent": true,
		"translucentBlendOp": "PreMulAlpha",
		"translucentZWrite": false,
		"castShadows": false,
		"translucentRecvShadows": true,
		"dynamicCubemap": true,
		"activeLayers": 1,
		"materialTag0": "beamng",
		"order_simset": 0,
		"version": 1.5
	},
	"material_40_cultist_mk2_temp15": {
		"name": "material_40_cultist_mk2_temp15",
		"class": "Material",
		"mapTo": "material_40_cultist_mk2_temp15",
		"Stages": [
			{
				"normalMap": "camso_col_0xff8080ff.dds",
				"clearCoatFactor": 1,
				"clearCoatRoughnessFactor": 0,
				"opacityMap": "lordkyvrss_cultist_mk2_stamp1.dds",
				"opacityMapUseUV": 1,
				"diffuseColor": [ 0.847059, 0.0941176, 0, 1 ],
				"roughnessFactor": 0.263333,
				"metallicFactor": 0.752381,
				"useAnisotropic": true
			},
			{
			},
			{
			},
			{
			}
		],
		"alphaRef": 1,
		"alphaTest": true,
		"translucent": false,
		"translucentBlendOp": "None",
		"doubleSided": true,
		"invertBackFaceNormals": true,
		"dynamicCubemap": true,
		"activeLayers": 1,
		"materialTag0": "beamng",
		"order_simset": 0,
		"version": 1.5
	},
	"material_41_cultist_mk2_temp15": {
		"name": "material_41_cultist_mk2_temp15",
		"class": "Material",
		"mapTo": "material_41_cultist_mk2_temp15",
		"Stages": [
			{
				"normalMap": "camso_t_blanknormal.dds",
				"opacityMap": "lordkyvrss_cultist_mk2_stamp1.dds",
				"opacityMapUseUV": 1,
				"diffuseColor": [ 0.913725, 0.490196, 0.14902, 0.8 ],
				"roughnessFactor": 0,
				"metallicFactor": 1,
				"opacityFactor": 0.8,
				"useAnisotropic": true
			},
			{
			},
			{
			},
			{
			}
		],
		"alphaRef": 1,
		"alphaTest": true,
		"translucent": true,
		"translucentBlendOp": "PreMulAlpha",
		"translucentZWrite": false,
		"castShadows": false,
		"translucentRecvShadows": true,
		"dynamicCubemap": true,
		"activeLayers": 1,
		"materialTag0": "beamng",
		"order_simset": 0,
		"version": 1.5
	},
	"material_41_cultist_mk2_temp15_off": {
		"name": "material_41_cultist_mk2_temp15_off",
		"class": "Material",
		"mapTo": "material_41_cultist_mk2_temp15_off",
		"Stages": [
			{
				"normalMap": "camso_t_blanknormal.dds",
				"opacityMap": "lordkyvrss_cultist_mk2_stamp1.dds",
				"opacityMapUseUV": 1,
				"diffuseColor": [ 0.913725, 0.490196, 0.14902, 0.8 ],
				"roughnessFactor": 0,
				"metallicFactor": 1,
				"opacityFactor": 0.8,
				"useAnisotropic": true
			},
			{
			},
			{
			},
			{
			}
		],
		"alphaRef": 1,
		"alphaTest": true,
		"translucent": true,
		"translucentBlendOp": "PreMulAlpha",
		"translucentZWrite": false,
		"castShadows": false,
		"translucentRecvShadows": true,
		"dynamicCubemap": true,
		"activeLayers": 1,
		"materialTag0": "beamng",
		"order_simset": 0,
		"version": 1.5
	},
	"material_41_cultist_mk2_temp15_on": {
		"name": "material_41_cultist_mk2_temp15_on",
		"class": "Material",
		"mapTo": "material_41_cultist_mk2_temp15_on",
		"Stages": [
			{
				"normalMap": "camso_t_blanknormal.dds",
				"opacityMap": "lordkyvrss_cultist_mk2_stamp1.dds",
				"opacityMapUseUV": 1,
				"diffuseColor": [ 0.913725, 0.490196, 0.14902, 0.8 ],
				"roughnessFactor": 0,
				"metallicFactor": 1,
				"opacityFactor": 0.8,
				"emissiveFactor": [ 0.986902, 0.745212, 0.422958 ],
				"glow": true,
				"useAnisotropic": true
			},
			{
			},
			{
			},
			{
			}
		],
		"alphaRef": 1,
		"alphaTest": true,
		"translucent": true,
		"translucentBlendOp": "PreMulAlpha",
		"translucentZWrite": false,
		"castShadows": false,
		"translucentRecvShadows": true,
		"dynamicCubemap": true,
		"activeLayers": 1,
		"materialTag0": "beamng",
		"order_simset": 0,
		"version": 1.5
	},
	"material_41_cultist_mk2_temp15_onIntense": {
		"name": "material_41_cultist_mk2_temp15_onIntense",
		"class": "Material",
		"mapTo": "material_41_cultist_mk2_temp15_onIntense",
		"Stages": [
			{
				"normalMap": "camso_t_blanknormal.dds",
				"opacityMap": "lordkyvrss_cultist_mk2_stamp1.dds",
				"opacityMapUseUV": 1,
				"diffuseColor": [ 0.913725, 0.490196, 0.14902, 0.8 ],
				"roughnessFactor": 0,
				"metallicFactor": 1,
				"opacityFactor": 0.8,
				"emissiveFactor": [ 1, 0.755102, 0.428571 ],
				"glow": true,
				"useAnisotropic": true
			},
			{
			},
			{
			},
			{
			}
		],
		"alphaRef": 1,
		"alphaTest": true,
		"translucent": true,
		"translucentBlendOp": "PreMulAlpha",
		"translucentZWrite": false,
		"castShadows": false,
		"translucentRecvShadows": true,
		"dynamicCubemap": true,
		"activeLayers": 1,
		"materialTag0": "beamng",
		"order_simset": 0,
		"version": 1.5
	},
	"material_42_cultist_mk2_temp15": {
		"name": "material_42_cultist_mk2_temp15",
		"class": "Material",
		"mapTo": "material_42_cultist_mk2_temp15",
		"Stages": [
			{
				"normalMap": "camso_t_carbonfiber_twill_n.dds",
				"opacityMap": "lordkyvrss_cultist_mk2_stamp1.dds",
				"opacityMapUseUV": 1,
				"diffuseColor": [ 0.337255, 0.337255, 0.337255, 1 ],
				"roughnessFactor": 0,
				"metallicFactor": 0,
				"useAnisotropic": true
			},
			{
			},
			{
			},
			{
			}
		],
		"alphaRef": 1,
		"alphaTest": true,
		"translucent": false,
		"translucentBlendOp": "None",
		"doubleSided": true,
		"invertBackFaceNormals": true,
		"dynamicCubemap": true,
		"activeLayers": 1,
		"materialTag0": "beamng",
		"order_simset": 0,
		"version": 1.5
	},
	"material_43_cultist_mk2_temp15": {
		"name": "material_43_cultist_mk2_temp15",
		"class": "Material",
		"mapTo": "material_43_cultist_mk2_temp15",
		"Stages": [
			{
				"normalMap": "camso_t_grille01_n.dds",
				"opacityMap": "lordkyvrss_cultist_mk2_stamp1.dds",
				"opacityMapUseUV": 1,
				"diffuseColor": [ 0.431373, 0.431373, 0.431373, 0.027451 ],
				"roughnessFactor": 1,
				"metallicFactor": 1,
				"diffuseMap": "camso_t_grille01_h_rbgmask.dds",
				"metallicMap": "camso_t_grille01_h_rbgmask.dds",
				"roughnessMap": "camso_t_grille01_h_i_rbgmask.dds",
				"useAnisotropic": true
			},
			{
			},
			{
			},
			{
			}
		],
		"alphaRef": 1,
		"alphaTest": true,
		"translucent": false,
		"translucentBlendOp": "None",
		"doubleSided": true,
		"invertBackFaceNormals": true,
		"dynamicCubemap": true,
		"activeLayers": 1,
		"materialTag0": "beamng",
		"order_simset": 0,
		"version": 1.5
	},
	"material_44_cultist_mk2_efixturetype__eft_mirror015": {
		"name": "material_44_cultist_mk2_efixturetype__eft_mirror015",
		"class": "Material",
		"mapTo": "material_44_cultist_mk2_efixturetype__eft_mirror015",
		"Stages": [
			{
				"normalMap": "camso_t_carbonfiber_twill_n.dds",
				"diffuseColor": [ 0.337255, 0.337255, 0.337255, 1 ],
				"roughnessFactor": 0,
				"metallicFactor": 0,
				"useAnisotropic": true
			},
			{
			},
			{
			},
			{
			}
		],
		"alphaRef": 1,
		"alphaTest": true,
		"translucent": false,
		"translucentBlendOp": "None",
		"doubleSided": true,
		"invertBackFaceNormals": true,
		"dynamicCubemap": true,
		"activeLayers": 1,
		"materialTag0": "beamng",
		"order_simset": 0,
		"version": 1.5
	},
	"material_45_cultist_mk2_efixturetype__eft_mirror015": {
		"name": "material_45_cultist_mk2_efixturetype__eft_mirror015",
		"class": "Material",
		"mapTo": "material_45_cultist_mk2_efixturetype__eft_mirror015",
		"Stages": [
			{
				"normalMap": "camso_col_0xff8080ff.dds",
				"clearCoatFactor": 1,
				"clearCoatRoughnessFactor": 1,
				"instanceDiffuse": true,
				"colorPaletteMap": "camso_t_carbonfiber_twill_n.dds",
				"roughnessFactor": 1,
				"metallicFactor": 1,
				"diffuseColor": [ 1, 1, 1, 1 ],
				"useAnisotropic": true
			},
			{
			},
			{
			},
			{
			}
		],
		"alphaRef": 1,
		"alphaTest": true,
		"translucent": false,
		"translucentBlendOp": "None",
		"doubleSided": true,
		"invertBackFaceNormals": true,
		"dynamicCubemap": true,
		"activeLayers": 1,
		"materialTag0": "beamng",
		"order_simset": 0,
		"version": 1.5
	},
	"material_46_cultist_mk2_efixturetype__eft_mirror015": {
		"name": "material_46_cultist_mk2_efixturetype__eft_mirror015",
		"class": "Material",
		"mapTo": "material_46_cultist_mk2_efixturetype__eft_mirror015",
		"Stages": [
			{
				"normalMap": "camso_col_0xff8080ff.dds",
				"diffuseColor": [ 1, 0.964706, 0.956863, 1 ],
				"roughnessFactor": 0,
				"metallicFactor": 1
			},
			{
			},
			{
			},
			{
			}
		],
		"alphaRef": 1,
		"alphaTest": true,
		"translucent": false,
		"translucentBlendOp": "None",
		"doubleSided": true,
		"invertBackFaceNormals": true,
		"dynamicCubemap": true,
		"activeLayers": 1,
		"materialTag0": "beamng",
		"order_simset": 0,
		"version": 1.5
	},
	"material_47_cultist_mk2_temp17": {
		"name": "material_47_cultist_mk2_temp17",
		"class": "Material",
		"mapTo": "material_47_cultist_mk2_temp17",
		"Stages": [
			{
				"normalMap": "camso_t_grille01_n.dds",
				"opacityMap": "lordkyvrss_cultist_mk2_stamp1.dds",
				"opacityMapUseUV": 1,
				"diffuseColor": [ 0.431373, 0.431373, 0.431373, 0.027451 ],
				"roughnessFactor": 1,
				"metallicFactor": 1,
				"diffuseMap": "camso_t_grille01_h_rbgmask.dds",
				"metallicMap": "camso_t_grille01_h_rbgmask.dds",
				"roughnessMap": "camso_t_grille01_h_i_rbgmask.dds",
				"useAnisotropic": true
			},
			{
			},
			{
			},
			{
			}
		],
		"alphaRef": 1,
		"alphaTest": true,
		"translucent": false,
		"translucentBlendOp": "None",
		"doubleSided": true,
		"invertBackFaceNormals": true,
		"dynamicCubemap": true,
		"activeLayers": 1,
		"materialTag0": "beamng",
		"order_simset": 0,
		"version": 1.5
	},
	"material_48_cultist_mk2_efixturetype__eft_aerial017": {
		"name": "material_48_cultist_mk2_efixturetype__eft_aerial017",
		"class": "Material",
		"mapTo": "material_48_cultist_mk2_efixturetype__eft_aerial017",
		"Stages": [
			{
				"normalMap": "camso_col_0xff8080ff.dds",
				"opacityMap": "lordkyvrss_cultist_mk2_stamp1.dds",
				"opacityMapUseUV": 1,
				"diffuseColor": [ 0.247059, 0.247059, 0.247059, 1 ],
				"roughnessFactor": 0.3,
				"metallicFactor": 0,
				"useAnisotropic": true
			},
			{
			},
			{
			},
			{
			}
		],
		"alphaRef": 1,
		"alphaTest": true,
		"translucent": false,
		"translucentBlendOp": "None",
		"doubleSided": true,
		"invertBackFaceNormals": true,
		"dynamicCubemap": true,
		"activeLayers": 1,
		"materialTag0": "beamng",
		"order_simset": 0,
		"version": 1.5
	},
	"material_49_cultist_mk2_efixturetype__eft_aerial017": {
		"name": "material_49_cultist_mk2_efixturetype__eft_aerial017",
		"class": "Material",
		"mapTo": "material_49_cultist_mk2_efixturetype__eft_aerial017",
		"Stages": [
			{
				"normalMap": "camso_t_blanknormal.dds",
				"opacityMap": "lordkyvrss_cultist_mk2_stamp1.dds",
				"opacityMapUseUV": 1,
				"diffuseColor": [ 0.894118, 0.898039, 0.894118, 1 ],
				"roughnessFactor": 0,
				"metallicFactor": 0,
				"opacityFactor": 1,
				"useAnisotropic": true
			},
			{
			},
			{
			},
			{
			}
		],
		"alphaRef": 1,
		"alphaTest": true,
		"translucent": true,
		"translucentBlendOp": "PreMulAlpha",
		"translucentZWrite": false,
		"castShadows": false,
		"translucentRecvShadows": true,
		"dynamicCubemap": true,
		"activeLayers": 1,
		"materialTag0": "beamng",
		"order_simset": 0,
		"version": 1.5
	},
	"material_49_cultist_mk2_efixturetype__eft_aerial017_off": {
		"name": "material_49_cultist_mk2_efixturetype__eft_aerial017_off",
		"class": "Material",
		"mapTo": "material_49_cultist_mk2_efixturetype__eft_aerial017_off",
		"Stages": [
			{
				"normalMap": "camso_t_blanknormal.dds",
				"opacityMap": "lordkyvrss_cultist_mk2_stamp1.dds",
				"opacityMapUseUV": 1,
				"diffuseColor": [ 0.894118, 0.898039, 0.894118, 1 ],
				"roughnessFactor": 0,
				"metallicFactor": 0,
				"opacityFactor": 1,
				"useAnisotropic": true
			},
			{
			},
			{
			},
			{
			}
		],
		"alphaRef": 1,
		"alphaTest": true,
		"translucent": true,
		"translucentBlendOp": "PreMulAlpha",
		"translucentZWrite": false,
		"castShadows": false,
		"translucentRecvShadows": true,
		"dynamicCubemap": true,
		"activeLayers": 1,
		"materialTag0": "beamng",
		"order_simset": 0,
		"version": 1.5
	},
	"material_49_cultist_mk2_efixturetype__eft_aerial017_on": {
		"name": "material_49_cultist_mk2_efixturetype__eft_aerial017_on",
		"class": "Material",
		"mapTo": "material_49_cultist_mk2_efixturetype__eft_aerial017_on",
		"Stages": [
			{
				"normalMap": "camso_t_blanknormal.dds",
				"opacityMap": "lordkyvrss_cultist_mk2_stamp1.dds",
				"opacityMapUseUV": 1,
				"diffuseColor": [ 0.894118, 0.898039, 0.894118, 1 ],
				"roughnessFactor": 0,
				"metallicFactor": 0,
				"opacityFactor": 1,
				"emissiveFactor": [ 0.981553, 0.985592, 0.981553 ],
				"glow": true,
				"useAnisotropic": true
			},
			{
			},
			{
			},
			{
			}
		],
		"alphaRef": 1,
		"alphaTest": true,
		"translucent": true,
		"translucentBlendOp": "PreMulAlpha",
		"translucentZWrite": false,
		"castShadows": false,
		"translucentRecvShadows": true,
		"dynamicCubemap": true,
		"activeLayers": 1,
		"materialTag0": "beamng",
		"order_simset": 0,
		"version": 1.5
	},
	"material_49_cultist_mk2_efixturetype__eft_aerial017_onIntense": {
		"name": "material_49_cultist_mk2_efixturetype__eft_aerial017_onIntense",
		"class": "Material",
		"mapTo": "material_49_cultist_mk2_efixturetype__eft_aerial017_onIntense",
		"Stages": [
			{
				"normalMap": "camso_t_blanknormal.dds",
				"opacityMap": "lordkyvrss_cultist_mk2_stamp1.dds",
				"opacityMapUseUV": 1,
				"diffuseColor": [ 0.894118, 0.898039, 0.894118, 1 ],
				"roughnessFactor": 0,
				"metallicFactor": 0,
				"opacityFactor": 1,
				"emissiveFactor": [ 0.995902, 1, 0.995902 ],
				"glow": true,
				"useAnisotropic": true
			},
			{
			},
			{
			},
			{
			}
		],
		"alphaRef": 1,
		"alphaTest": true,
		"translucent": true,
		"translucentBlendOp": "PreMulAlpha",
		"translucentZWrite": false,
		"castShadows": false,
		"translucentRecvShadows": true,
		"dynamicCubemap": true,
		"activeLayers": 1,
		"materialTag0": "beamng",
		"order_simset": 0,
		"version": 1.5
	},
	"material_50_cultist_mk2_temp18": {
		"name": "material_50_cultist_mk2_temp18",
		"class": "Material",
		"mapTo": "material_50_cultist_mk2_temp18",
		"Stages": [
			{
				"normalMap": "lordkyvrss_cultist_mk2_custom_badge_0018_n_atlas.dds",
				"diffuseMapUseUV": 1,
				"diffuseColor": [ 0.886275, 0.886275, 0.886275, 1 ],
				"opacityMap": "lordkyvrss_cultist_mk2_custom_badge_0018_atlas.dds",
				"opacityMapUseUV": 1,
				"roughnessFactor": 0.1,
				"metallicFactor": 1,
				"useAnisotropic": true
			},
			{
			},
			{
			},
			{
			}
		],
		"alphaRef": 1,
		"alphaTest": true,
		"translucent": false,
		"translucentBlendOp": "None",
		"castShadows": false,
		"translucentRecvShadows": true,
		"dynamicCubemap": true,
		"activeLayers": 1,
		"materialTag0": "beamng",
		"order_simset": 0,
		"version": 1.5
	},
	"material_52_cultist_mk2_temp18": {
		"name": "material_52_cultist_mk2_temp18",
		"class": "Material",
		"mapTo": "material_52_cultist_mk2_temp18",
		"Stages": [
			{
				"normalMap": "camso_col_0xff8080ff.dds",
				"opacityMap": "lordkyvrss_cultist_mk2_stamp1.dds",
				"opacityMapUseUV": 1,
				"diffuseColor": [ 0.247059, 0.247059, 0.247059, 1 ],
				"roughnessFactor": 0.3,
				"metallicFactor": 0,
				"useAnisotropic": true
			},
			{
			},
			{
			},
			{
			}
		],
		"alphaRef": 1,
		"alphaTest": true,
		"translucent": false,
		"translucentBlendOp": "None",
		"doubleSided": true,
		"invertBackFaceNormals": true,
		"dynamicCubemap": true,
		"activeLayers": 1,
		"materialTag0": "beamng",
		"order_simset": 0,
		"version": 1.5
	},
	"material_53_cultist_mk2_temp18": {
		"name": "material_53_cultist_mk2_temp18",
		"class": "Material",
		"mapTo": "material_53_cultist_mk2_temp18",
		"Stages": [
			{
				"normalMap": "camso_col_0xff8080ff.dds",
				"opacityMap": "lordkyvrss_cultist_mk2_stamp1.dds",
				"opacityMapUseUV": 1,
				"diffuseColor": [ 0.0980392, 0.0980392, 0.0980392, 0 ],
				"roughnessFactor": 0,
				"metallicFactor": 0,
				"useAnisotropic": true
			},
			{
			},
			{
			},
			{
			}
		],
		"alphaRef": 1,
		"alphaTest": true,
		"translucent": false,
		"translucentBlendOp": "None",
		"doubleSided": true,
		"invertBackFaceNormals": true,
		"dynamicCubemap": true,
		"activeLayers": 1,
		"materialTag0": "beamng",
		"order_simset": 0,
		"version": 1.5
	},
	"material_54_cultist_mk2_temp18": {
		"name": "material_54_cultist_mk2_temp18",
		"class": "Material",
		"mapTo": "material_54_cultist_mk2_temp18",
		"Stages": [
			{
				"normalMap": "camso_t_blanknormal.dds",
				"opacityMap": "lordkyvrss_cultist_mk2_stamp1.dds",
				"opacityMapUseUV": 1,
				"diffuseColor": [ 0.894118, 0.898039, 0.894118, 1 ],
				"roughnessFactor": 0,
				"metallicFactor": 0,
				"opacityFactor": 1,
				"useAnisotropic": true
			},
			{
			},
			{
			},
			{
			}
		],
		"alphaRef": 1,
		"alphaTest": true,
		"translucent": true,
		"translucentBlendOp": "PreMulAlpha",
		"translucentZWrite": false,
		"castShadows": false,
		"translucentRecvShadows": true,
		"dynamicCubemap": true,
		"activeLayers": 1,
		"materialTag0": "beamng",
		"order_simset": 0,
		"version": 1.5
	},
	"material_54_cultist_mk2_temp18_off": {
		"name": "material_54_cultist_mk2_temp18_off",
		"class": "Material",
		"mapTo": "material_54_cultist_mk2_temp18_off",
		"Stages": [
			{
				"normalMap": "camso_t_blanknormal.dds",
				"opacityMap": "lordkyvrss_cultist_mk2_stamp1.dds",
				"opacityMapUseUV": 1,
				"diffuseColor": [ 0.894118, 0.898039, 0.894118, 1 ],
				"roughnessFactor": 0,
				"metallicFactor": 0,
				"opacityFactor": 1,
				"useAnisotropic": true
			},
			{
			},
			{
			},
			{
			}
		],
		"alphaRef": 1,
		"alphaTest": true,
		"translucent": true,
		"translucentBlendOp": "PreMulAlpha",
		"translucentZWrite": false,
		"castShadows": false,
		"translucentRecvShadows": true,
		"dynamicCubemap": true,
		"activeLayers": 1,
		"materialTag0": "beamng",
		"order_simset": 0,
		"version": 1.5
	},
	"material_54_cultist_mk2_temp18_on": {
		"name": "material_54_cultist_mk2_temp18_on",
		"class": "Material",
		"mapTo": "material_54_cultist_mk2_temp18_on",
		"Stages": [
			{
				"normalMap": "camso_t_blanknormal.dds",
				"opacityMap": "lordkyvrss_cultist_mk2_stamp1.dds",
				"opacityMapUseUV": 1,
				"diffuseColor": [ 0.894118, 0.898039, 0.894118, 1 ],
				"roughnessFactor": 0,
				"metallicFactor": 0,
				"opacityFactor": 1,
				"emissiveFactor": [ 0.981553, 0.985592, 0.981553 ],
				"glow": true,
				"useAnisotropic": true
			},
			{
			},
			{
			},
			{
			}
		],
		"alphaRef": 1,
		"alphaTest": true,
		"translucent": true,
		"translucentBlendOp": "PreMulAlpha",
		"translucentZWrite": false,
		"castShadows": false,
		"translucentRecvShadows": true,
		"dynamicCubemap": true,
		"activeLayers": 1,
		"materialTag0": "beamng",
		"order_simset": 0,
		"version": 1.5
	},
	"material_54_cultist_mk2_temp18_onIntense": {
		"name": "material_54_cultist_mk2_temp18_onIntense",
		"class": "Material",
		"mapTo": "material_54_cultist_mk2_temp18_onIntense",
		"Stages": [
			{
				"normalMap": "camso_t_blanknormal.dds",
				"opacityMap": "lordkyvrss_cultist_mk2_stamp1.dds",
				"opacityMapUseUV": 1,
				"diffuseColor": [ 0.894118, 0.898039, 0.894118, 1 ],
				"roughnessFactor": 0,
				"metallicFactor": 0,
				"opacityFactor": 1,
				"emissiveFactor": [ 0.995902, 1, 0.995902 ],
				"glow": true,
				"useAnisotropic": true
			},
			{
			},
			{
			},
			{
			}
		],
		"alphaRef": 1,
		"alphaTest": true,
		"translucent": true,
		"translucentBlendOp": "PreMulAlpha",
		"translucentZWrite": false,
		"castShadows": false,
		"translucentRecvShadows": true,
		"dynamicCubemap": true,
		"activeLayers": 1,
		"materialTag0": "beamng",
		"order_simset": 0,
		"version": 1.5
	},
	"material_56_cultist_mk2_inl_dohc_2_mid_c_2144210832_sectionmesh_inlv_dohc_2_head_mid18": {
		"name": "material_56_cultist_mk2_inl_dohc_2_mid_c_2144210832_sectionmesh_inlv_dohc_2_head_mid18",
		"class": "Material",
		"mapTo": "material_56_cultist_mk2_inl_dohc_2_mid_c_2144210832_sectionmesh_inlv_dohc_2_head_mid18",
		"Stages": [
			{
				"normalMap": "camso_col_0xff8080ff.dds",
				"diffuseColor": [ 0.737255, 0.737255, 0.737255, 1 ],
				"roughnessFactor": 0.25,
				"metallicFactor": 1
			},
			{
			},
			{
			},
			{
			}
		],
		"alphaRef": 1,
		"alphaTest": true,
		"translucent": false,
		"translucentBlendOp": "None",
		"doubleSided": true,
		"invertBackFaceNormals": true,
		"dynamicCubemap": true,
		"activeLayers": 1,
		"materialTag0": "beamng",
		"order_simset": 0,
		"version": 1.5
	},
	"material_57_cultist_mk2_inl_dohc_2_mid_c_2144210832_sectionmesh_inlv_dohc_2_head_mid18": {
		"name": "material_57_cultist_mk2_inl_dohc_2_mid_c_2144210832_sectionmesh_inlv_dohc_2_head_mid18",
		"class": "Material",
		"mapTo": "material_57_cultist_mk2_inl_dohc_2_mid_c_2144210832_sectionmesh_inlv_dohc_2_head_mid18",
		"Stages": [
			{
				"normalMap": "camso_col_0xff8080ff.dds",
				"diffuseColor": [ 0.866667, 0.878431, 0.905882, 1 ],
				"roughnessFactor": 0.9,
				"metallicFactor": 0.4
			},
			{
			},
			{
			},
			{
			}
		],
		"alphaRef": 1,
		"alphaTest": true,
		"translucent": false,
		"translucentBlendOp": "None",
		"doubleSided": true,
		"invertBackFaceNormals": true,
		"dynamicCubemap": true,
		"activeLayers": 1,
		"materialTag0": "beamng",
		"order_simset": 0,
		"version": 1.5
	},
	"material_58_cultist_mk2_inl_dohc_2_mid_c_2144210832_sectionmesh_inlv_dohc_2_head_mid18": {
		"name": "material_58_cultist_mk2_inl_dohc_2_mid_c_2144210832_sectionmesh_inlv_dohc_2_head_mid18",
		"class": "Material",
		"mapTo": "material_58_cultist_mk2_inl_dohc_2_mid_c_2144210832_sectionmesh_inlv_dohc_2_head_mid18",
		"Stages": [
			{
				"normalMap": "camso_col_0xff8080ff.dds",
				"diffuseMap": "camso_threadtester.dds",
				"diffuseColor": [ 0.792157, 0.752941, 0.635294, 1 ],
				"roughnessFactor": 0.4,
				"metallicFactor": 1,
				"useAnisotropic": true
			},
			{
			},
			{
			},
			{
			}
		],
		"alphaRef": 1,
		"alphaTest": true,
		"translucent": false,
		"translucentBlendOp": "None",
		"doubleSided": true,
		"invertBackFaceNormals": true,
		"dynamicCubemap": true,
		"activeLayers": 1,
		"materialTag0": "beamng",
		"order_simset": 0,
		"version": 1.5
	},
	"material_59_cultist_mk2_inl_dohc_2_mid_c_2144210832_sectionmesh_inlv_dohc_2_head_mid18": {
		"name": "material_59_cultist_mk2_inl_dohc_2_mid_c_2144210832_sectionmesh_inlv_dohc_2_head_mid18",
		"class": "Material",
		"mapTo": "material_59_cultist_mk2_inl_dohc_2_mid_c_2144210832_sectionmesh_inlv_dohc_2_head_mid18",
		"Stages": [
			{
				"normalMap": "camso_headfacingnormal.dds",
				"diffuseColor": [ 1, 1, 1, 1 ],
				"roughnessFactor": 0,
				"metallicFactor": 0,
				"useAnisotropic": true
			},
			{
			},
			{
			},
			{
			}
		],
		"alphaRef": 1,
		"alphaTest": true,
		"translucent": false,
		"translucentBlendOp": "None",
		"doubleSided": true,
		"invertBackFaceNormals": true,
		"dynamicCubemap": true,
		"activeLayers": 1,
		"materialTag0": "beamng",
		"order_simset": 0,
		"version": 1.5
	},
	"material_60_cultist_mk2_inl_dohc_2_mid_c_2144210832_sectionmesh_inlv_dohc_2_head_mid18": {
		"name": "material_60_cultist_mk2_inl_dohc_2_mid_c_2144210832_sectionmesh_inlv_dohc_2_head_mid18",
		"class": "Material",
		"mapTo": "material_60_cultist_mk2_inl_dohc_2_mid_c_2144210832_sectionmesh_inlv_dohc_2_head_mid18",
		"Stages": [
			{
				"normalMap": "camso_col_0xff8080ff.dds",
				"diffuseColor": [ 0.94902, 0.854902, 0.639216, 1 ],
				"roughnessFactor": 0.2,
				"metallicFactor": 1
			},
			{
			},
			{
			},
			{
			}
		],
		"alphaRef": 1,
		"alphaTest": true,
		"translucent": false,
		"translucentBlendOp": "None",
		"doubleSided": true,
		"invertBackFaceNormals": true,
		"dynamicCubemap": true,
		"activeLayers": 1,
		"materialTag0": "beamng",
		"order_simset": 0,
		"version": 1.5
	},
	"material_61_cultist_mk2_v_dohc_2_front_left_c_2144210828_sectionmesh_v_dohc_2_head_front_left20": {
		"name": "material_61_cultist_mk2_v_dohc_2_front_left_c_2144210828_sectionmesh_v_dohc_2_head_front_left20",
		"class": "Material",
		"mapTo": "material_61_cultist_mk2_v_dohc_2_front_left_c_2144210828_sectionmesh_v_dohc_2_head_front_left20",
		"Stages": [
			{
				"normalMap": "camso_col_0xff8080ff.dds",
				"diffuseColor": [ 0.6, 0.6, 0.6, 1 ],
				"roughnessFactor": 0.3,
				"metallicFactor": 1
			},
			{
			},
			{
			},
			{
			}
		],
		"alphaRef": 1,
		"alphaTest": true,
		"translucent": false,
		"translucentBlendOp": "None",
		"doubleSided": true,
		"invertBackFaceNormals": true,
		"dynamicCubemap": true,
		"activeLayers": 1,
		"materialTag0": "beamng",
		"order_simset": 0,
		"version": 1.5
	},
	"material_62_cultist_mk2_v_dohc_2_front_left_c_2144210828_sectionmesh_v_dohc_2_head_front_left20": {
		"name": "material_62_cultist_mk2_v_dohc_2_front_left_c_2144210828_sectionmesh_v_dohc_2_head_front_left20",
		"class": "Material",
		"mapTo": "material_62_cultist_mk2_v_dohc_2_front_left_c_2144210828_sectionmesh_v_dohc_2_head_front_left20",
		"Stages": [
			{
				"normalMap": "camso_col_0xff8080ff.dds",
				"diffuseColor": [ 0.0470588, 0.0470588, 0.0470588, 0 ],
				"roughnessFactor": 0,
				"metallicFactor": 0
			},
			{
			},
			{
			},
			{
			}
		],
		"alphaRef": 1,
		"alphaTest": true,
		"translucent": false,
		"translucentBlendOp": "None",
		"dynamicCubemap": true,
		"activeLayers": 1,
		"materialTag0": "beamng",
		"order_simset": 0,
		"version": 1.5
	},
	"material_63_cultist_mk2_inl_dohc_2_rockercover_front_c_2144210827_staticmesh_inl_dohc_2_rockercover_front21": {
		"name": "material_63_cultist_mk2_inl_dohc_2_rockercover_front_c_2144210827_staticmesh_inl_dohc_2_rockercover_front21",
		"class": "Material",
		"mapTo": "material_63_cultist_mk2_inl_dohc_2_rockercover_front_c_2144210827_staticmesh_inl_dohc_2_rockercover_front21",
		"Stages": [
			{
				"normalMap": "camso_col_0xff8080ff.dds",
				"diffuseColor": [ 0.603922, 0.603922, 0.623529, 1 ],
				"roughnessFactor": 1,
				"metallicFactor": 1
			},
			{
			},
			{
			},
			{
			}
		],
		"alphaRef": 1,
		"alphaTest": true,
		"translucent": false,
		"translucentBlendOp": "None",
		"doubleSided": true,
		"invertBackFaceNormals": true,
		"dynamicCubemap": true,
		"activeLayers": 1,
		"materialTag0": "beamng",
		"order_simset": 0,
		"version": 1.5
	},
	"material_64_cultist_mk2_crankshaftbuilder_c_2144212457_node_addstaticmeshcomponent_10_crank_main_shaft81": {
		"name": "material_64_cultist_mk2_crankshaftbuilder_c_2144212457_node_addstaticmeshcomponent_10_crank_main_shaft81",
		"class": "Material",
		"mapTo": "material_64_cultist_mk2_crankshaftbuilder_c_2144212457_node_addstaticmeshcomponent_10_crank_main_shaft81",
		"Stages": [
			{
				"normalMap": "camso_col_0xff8080ff.dds",
				"diffuseColor": [ 0.913725, 0.984314, 1, 1 ],
				"roughnessFactor": 0.19,
				"metallicFactor": 1
			},
			{
			},
			{
			},
			{
			}
		],
		"alphaRef": 1,
		"alphaTest": true,
		"translucent": false,
		"translucentBlendOp": "None",
		"doubleSided": true,
		"invertBackFaceNormals": true,
		"dynamicCubemap": true,
		"activeLayers": 1,
		"materialTag0": "beamng",
		"order_simset": 0,
		"version": 1.5
	},
	"material_65_cultist_mk2_v90_intakemanifold_di_4_highend_front_c_2144210494_staticmesh_v90_intakemanifold_mpfi_4_highend_front83": {
		"name": "material_65_cultist_mk2_v90_intakemanifold_di_4_highend_front_c_2144210494_staticmesh_v90_intakemanifold_mpfi_4_highend_front83",
		"class": "Material",
		"mapTo": "material_65_cultist_mk2_v90_intakemanifold_di_4_highend_front_c_2144210494_staticmesh_v90_intakemanifold_mpfi_4_highend_front83",
		"Stages": [
			{
				"normalMap": "camso_alunormal.dds",
				"diffuseColor": [ 0, 0, 0, 1 ],
				"roughnessFactor": 0.15,
				"metallicFactor": 0,
				"useAnisotropic": true
			},
			{
			},
			{
			},
			{
			}
		],
		"alphaRef": 1,
		"alphaTest": true,
		"translucent": false,
		"translucentBlendOp": "None",
		"doubleSided": true,
		"invertBackFaceNormals": true,
		"dynamicCubemap": true,
		"activeLayers": 1,
		"materialTag0": "beamng",
		"order_simset": 0,
		"version": 1.5
	},
	"material_66_cultist_mk2_v90_intakemanifold_di_4_highend_rear_c_2144210490_v90_mpfi_injectorplate_rear_v90_mpfi_injectorplate_rear92": {
		"name": "material_66_cultist_mk2_v90_intakemanifold_di_4_highend_rear_c_2144210490_v90_mpfi_injectorplate_rear_v90_mpfi_injectorplate_rear92",
		"class": "Material",
		"mapTo": "material_66_cultist_mk2_v90_intakemanifold_di_4_highend_rear_c_2144210490_v90_mpfi_injectorplate_rear_v90_mpfi_injectorplate_rear92",
		"Stages": [
			{
				"normalMap": "camso_col_0xff8080ff.dds",
				"diffuseColor": [ 0.74902, 0, 0, 1 ],
				"roughnessFactor": 0,
				"metallicFactor": 0
			},
			{
			},
			{
			},
			{
			}
		],
		"alphaRef": 1,
		"alphaTest": true,
		"translucent": false,
		"translucentBlendOp": "None",
		"doubleSided": true,
		"invertBackFaceNormals": true,
		"dynamicCubemap": true,
		"activeLayers": 1,
		"materialTag0": "beamng",
		"order_simset": 0,
		"version": 1.5
	},
	"material_67_cultist_mk2_v90_di_4_intake_race_trumpet_c_2144210479_staticmesh_v60_intake_di_4_race_trumpet103": {
		"name": "material_67_cultist_mk2_v90_di_4_intake_race_trumpet_c_2144210479_staticmesh_v60_intake_di_4_race_trumpet103",
		"class": "Material",
		"mapTo": "material_67_cultist_mk2_v90_di_4_intake_race_trumpet_c_2144210479_staticmesh_v60_intake_di_4_race_trumpet103",
		"Stages": [
			{
				"normalMap": "camso_t_carbonfiber_twill_n.dds",
				"diffuseColor": [ 0.658824, 0.658824, 0.658824, 1 ],
				"roughnessFactor": 0,
				"metallicFactor": 0,
				"useAnisotropic": true
			},
			{
			},
			{
			},
			{
			}
		],
		"alphaRef": 1,
		"alphaTest": true,
		"translucent": false,
		"translucentBlendOp": "None",
		"doubleSided": true,
		"invertBackFaceNormals": true,
		"dynamicCubemap": true,
		"activeLayers": 1,
		"materialTag0": "beamng",
		"order_simset": 0,
		"version": 1.5
	},
	"material_68_cultist_mk2_v90_sohc_belt_c_2144210464_v_alternator_v_alternator_modern114": {
		"name": "material_68_cultist_mk2_v90_sohc_belt_c_2144210464_v_alternator_v_alternator_modern114",
		"class": "Material",
		"mapTo": "material_68_cultist_mk2_v90_sohc_belt_c_2144210464_v_alternator_v_alternator_modern114",
		"Stages": [
			{
				"normalMap": "camso_alternator_modern_low_m_alternator_modern_normal.dds",
				"diffuseColor": [ 1, 1, 1, 1 ],
				"roughnessFactor": 0,
				"metallicFactor": 0,
				"useAnisotropic": true
			},
			{
			},
			{
			},
			{
			}
		],
		"alphaRef": 1,
		"alphaTest": true,
		"translucent": false,
		"translucentBlendOp": "None",
		"doubleSided": true,
		"invertBackFaceNormals": true,
		"dynamicCubemap": true,
		"activeLayers": 1,
		"materialTag0": "beamng",
		"order_simset": 0,
		"version": 1.5
	},
	"material_69_cultist_mk2_childactor_gen_variable_pulley_dohc_tensionpulley_left_c_cat_2144210462_pulley_component_inl_dohc_4_tensionpulley116": {
		"name": "material_69_cultist_mk2_childactor_gen_variable_pulley_dohc_tensionpulley_left_c_cat_2144210462_pulley_component_inl_dohc_4_tensionpulley116",
		"class": "Material",
		"mapTo": "material_69_cultist_mk2_childactor_gen_variable_pulley_dohc_tensionpulley_left_c_cat_2144210462_pulley_component_inl_dohc_4_tensionpulley116",
		"Stages": [
			{
				"normalMap": "camso_col_0xff8080ff.dds",
				"diffuseColor": [ 0, 0, 0, 0 ],
				"roughnessFactor": 0,
				"metallicFactor": 0
			},
			{
			},
			{
			},
			{
			}
		],
		"alphaRef": 1,
		"alphaTest": true,
		"translucent": false,
		"translucentBlendOp": "None",
		"doubleSided": true,
		"invertBackFaceNormals": true,
		"dynamicCubemap": true,
		"activeLayers": 1,
		"materialTag0": "beamng",
		"order_simset": 0,
		"version": 1.5
	},
	"material_70_cultist_mk2_v90_sohc_belt_c_2144210464_alt_bracket_v90_modern_alt_bracket_v90_modern120": {
		"name": "material_70_cultist_mk2_v90_sohc_belt_c_2144210464_alt_bracket_v90_modern_alt_bracket_v90_modern120",
		"class": "Material",
		"mapTo": "material_70_cultist_mk2_v90_sohc_belt_c_2144210464_alt_bracket_v90_modern_alt_bracket_v90_modern120",
		"Stages": [
			{
				"normalMap": "camso_brackets_low_m_alternator_normal.dds",
				"diffuseColor": [ 1, 1, 1, 1 ],
				"roughnessFactor": 0,
				"metallicFactor": 0,
				"useAnisotropic": true
			},
			{
			},
			{
			},
			{
			}
		],
		"alphaRef": 1,
		"alphaTest": true,
		"translucent": false,
		"translucentBlendOp": "None",
		"doubleSided": true,
		"invertBackFaceNormals": true,
		"dynamicCubemap": true,
		"activeLayers": 1,
		"materialTag0": "beamng",
		"order_simset": 0,
		"version": 1.5
	},
	"material_71_cultist_mk2_headerflange_mid_c_2144210456_staticmesh_headerflange_mid121": {
		"name": "material_71_cultist_mk2_headerflange_mid_c_2144210456_staticmesh_headerflange_mid121",
		"class": "Material",
		"mapTo": "material_71_cultist_mk2_headerflange_mid_c_2144210456_staticmesh_headerflange_mid121",
		"Stages": [
			{
				"normalMap": "camso_pittedironnormal.dds",
				"diffuseColor": [ 0.439216, 0.4, 0.392157, 1 ],
				"roughnessFactor": 0.9,
				"metallicFactor": 0.2,
				"useAnisotropic": true
			},
			{
			},
			{
			},
			{
			}
		],
		"alphaRef": 1,
		"alphaTest": true,
		"translucent": false,
		"translucentBlendOp": "None",
		"doubleSided": true,
		"invertBackFaceNormals": true,
		"dynamicCubemap": true,
		"activeLayers": 1,
		"materialTag0": "beamng",
		"order_simset": 0,
		"version": 1.5
	},
	"material_72_cultist_mk2_a_turbo_builder_c_2144210444_node_addstaticmeshcomponent_1_turbo_turbinehousing133": {
		"name": "material_72_cultist_mk2_a_turbo_builder_c_2144210444_node_addstaticmeshcomponent_1_turbo_turbinehousing133",
		"class": "Material",
		"mapTo": "material_72_cultist_mk2_a_turbo_builder_c_2144210444_node_addstaticmeshcomponent_1_turbo_turbinehousing133",
		"Stages": [
			{
				"normalMap": "camso_pittedironnormal.dds",
				"diffuseColor": [ 0.52549, 0.478431, 0.466667, 1 ],
				"roughnessFactor": 0.9,
				"metallicFactor": 0.2,
				"useAnisotropic": true
			},
			{
			},
			{
			},
			{
			}
		],
		"alphaRef": 1,
		"alphaTest": true,
		"translucent": false,
		"translucentBlendOp": "None",
		"doubleSided": true,
		"invertBackFaceNormals": true,
		"dynamicCubemap": true,
		"activeLayers": 1,
		"materialTag0": "beamng",
		"order_simset": 0,
		"version": 1.5
	},
	"material_73_cultist_mk2_a_turbo_builder_c_2144210444_node_addstaticmeshcomponent_1_8_turbo_shaft140": {
		"name": "material_73_cultist_mk2_a_turbo_builder_c_2144210444_node_addstaticmeshcomponent_1_8_turbo_shaft140",
		"class": "Material",
		"mapTo": "material_73_cultist_mk2_a_turbo_builder_c_2144210444_node_addstaticmeshcomponent_1_8_turbo_shaft140",
		"Stages": [
			{
				"normalMap": "camso_col_0xff8080ff.dds",
				"diffuseColor": [ 0.501961, 0.501961, 0.501961, 1 ],
				"roughnessFactor": 0,
				"metallicFactor": 0
			},
			{
			},
			{
			},
			{
			}
		],
		"alphaRef": 1,
		"alphaTest": true,
		"translucent": false,
		"translucentBlendOp": "None",
		"doubleSided": true,
		"invertBackFaceNormals": true,
		"dynamicCubemap": true,
		"activeLayers": 1,
		"materialTag0": "beamng",
		"order_simset": 0,
		"version": 1.5
	},
	"material_74_cultist_mk2_a_turbo_builder_c_2144210444_node_addstaticmeshcomponent_1_10_turbo_turbinewheel144": {
		"name": "material_74_cultist_mk2_a_turbo_builder_c_2144210444_node_addstaticmeshcomponent_1_10_turbo_turbinewheel144",
		"class": "Material",
		"mapTo": "material_74_cultist_mk2_a_turbo_builder_c_2144210444_node_addstaticmeshcomponent_1_10_turbo_turbinewheel144",
		"Stages": [
			{
				"normalMap": "camso_col_0xff8080ff.dds",
				"diffuseColor": [ 0.6, 0.6, 0.6, 1 ],
				"roughnessFactor": 0.3,
				"metallicFactor": 1
			},
			{
			},
			{
			},
			{
			}
		],
		"alphaRef": 1,
		"alphaTest": true,
		"translucent": false,
		"translucentBlendOp": "None",
		"doubleSided": true,
		"invertBackFaceNormals": true,
		"dynamicCubemap": true,
		"activeLayers": 1,
		"materialTag0": "beamng",
		"order_simset": 0,
		"version": 1.5
	},
	"material_75_cultist_mk2_a_ignition_system_coilpack_c_2144210293_staticmesh_ignitioncoilpack148": {
		"name": "material_75_cultist_mk2_a_ignition_system_coilpack_c_2144210293_staticmesh_ignitioncoilpack148",
		"class": "Material",
		"mapTo": "material_75_cultist_mk2_a_ignition_system_coilpack_c_2144210293_staticmesh_ignitioncoilpack148",
		"Stages": [
			{
				"normalMap": "camso_col_0xff8080ff.dds",
				"diffuseColor": [ 0, 0, 0, 1 ],
				"roughnessFactor": 0.3,
				"metallicFactor": 0
			},
			{
			},
			{
			},
			{
			}
		],
		"alphaRef": 1,
		"alphaTest": true,
		"translucent": false,
		"translucentBlendOp": "None",
		"doubleSided": true,
		"invertBackFaceNormals": true,
		"dynamicCubemap": true,
		"activeLayers": 1,
		"materialTag0": "beamng",
		"order_simset": 0,
		"version": 1.5
	},
	"material_76_cultist_mk2_v90_block_mid_actor_c_2144210280_sectionmesh_v90_block_middle161": {
		"name": "material_76_cultist_mk2_v90_block_mid_actor_c_2144210280_sectionmesh_v90_block_middle161",
		"class": "Material",
		"mapTo": "material_76_cultist_mk2_v90_block_mid_actor_c_2144210280_sectionmesh_v90_block_middle161",
		"Stages": [
			{
				"normalMap": "camso_col_0xff8080ff.dds",
				"diffuseColor": [ 1, 1, 1, 1 ],
				"roughnessFactor": 0,
				"metallicFactor": 0
			},
			{
			},
			{
			},
			{
			}
		],
		"alphaRef": 1,
		"alphaTest": true,
		"translucent": false,
		"translucentBlendOp": "None",
		"doubleSided": true,
		"invertBackFaceNormals": true,
		"dynamicCubemap": true,
		"activeLayers": 1,
		"materialTag0": "beamng",
		"order_simset": 0,
		"version": 1.5
	},
	"material_77_cultist_mk2_v90_block_mid_actor_c_2144210280_sectionmesh_v90_block_middle161": {
		"name": "material_77_cultist_mk2_v90_block_mid_actor_c_2144210280_sectionmesh_v90_block_middle161",
		"class": "Material",
		"mapTo": "material_77_cultist_mk2_v90_block_mid_actor_c_2144210280_sectionmesh_v90_block_middle161",
		"Stages": [
			{
				"normalMap": "camso_engineblocktophole_01_normal.dds",
				"diffuseColor": [ 0.737255, 0.737255, 0.737255, 1 ],
				"roughnessFactor": 0.25,
				"metallicFactor": 1,
				"useAnisotropic": true
			},
			{
			},
			{
			},
			{
			}
		],
		"alphaRef": 1,
		"alphaTest": true,
		"translucent": false,
		"translucentBlendOp": "None",
		"doubleSided": true,
		"invertBackFaceNormals": true,
		"dynamicCubemap": true,
		"activeLayers": 1,
		"materialTag0": "beamng",
		"order_simset": 0,
		"version": 1.5
	},
	"material_78_cultist_mk2_inl_flying_wheel_01_actor_gen_variable_inl_flying_wheel_01_actor_c_cat_2144210273_inl_flying_wheel_01_mesh_inl_flying_wheel_01168": {
		"name": "material_78_cultist_mk2_inl_flying_wheel_01_actor_gen_variable_inl_flying_wheel_01_actor_c_cat_2144210273_inl_flying_wheel_01_mesh_inl_flying_wheel_01168",
		"class": "Material",
		"mapTo": "material_78_cultist_mk2_inl_flying_wheel_01_actor_gen_variable_inl_flying_wheel_01_actor_c_cat_2144210273_inl_flying_wheel_01_mesh_inl_flying_wheel_01168",
		"Stages": [
			{
				"normalMap": "camso_col_0xff8080ff.dds",
				"diffuseColor": [ 0.737255, 0.737255, 0.737255, 1 ],
				"roughnessFactor": 0.25,
				"metallicFactor": 1
			},
			{
			},
			{
			},
			{
			}
		],
		"alphaRef": 1,
		"alphaTest": true,
		"translucent": false,
		"translucentBlendOp": "None",
		"doubleSided": true,
		"invertBackFaceNormals": true,
		"dynamicCubemap": true,
		"activeLayers": 1,
		"materialTag0": "beamng",
		"order_simset": 0,
		"version": 1.5
	},
	"material_79_cultist_mk2_mainexhaustmesh179": {
		"name": "material_79_cultist_mk2_mainexhaustmesh179",
		"class": "Material",
		"mapTo": "material_79_cultist_mk2_mainexhaustmesh179",
		"Stages": [
			{
				"normalMap": "camso_col_0xff8080ff.dds",
				"diffuseColor": [ 1, 1, 1, 1 ],
				"roughnessFactor": 0,
				"metallicFactor": 1
			},
			{
			},
			{
			},
			{
			}
		],
		"alphaRef": 1,
		"alphaTest": true,
		"translucent": false,
		"translucentBlendOp": "None",
		"doubleSided": true,
		"invertBackFaceNormals": true,
		"dynamicCubemap": true,
		"activeLayers": 1,
		"materialTag0": "beamng",
		"order_simset": 0,
		"version": 1.5
	}
}
