{
	"Name": "Fenrir (2001)",
	"Author": "Camshaft Software LTD",
	"Type": "Automation",
	"ExporterVersion": 210705,
	"AutomationVersion": 2107059968,
	"Weight": 1356,
	"Power": 213,
	"Torque": 428,
	"Years": {
		"min": 2012,
		"max": 2012
	},
	"Drivetrain": "RWD",
	"Transmission": "Automatic",
	"Propulsion": "ICE",
	"Fuel Type": "Gasoline",
	"defaultPaintName1": "Default1",
	"paints": {
		"Default1": {
			"baseColor": [ 0, 0, 0, 1 ],
			"clearcoat": 0,
			"clearcoatRoughness": 0,
			"metallic": 0,
			"roughness": 0
		},
		"Black": {
			"baseColor": [ 0.01, 0.01, 0.01, 2 ],
			"clearcoat": 0,
			"clearcoatRoughness": 0,
			"metallic": 0,
			"roughness": 0
		},
		"White": {
			"baseColor": [ 1, 1, 1, 2 ],
			"clearcoat": 0,
			"clearcoatRoughness": 0,
			"metallic": 0,
			"roughness": 0
		},
		"Red": {
			"baseColor": [ 0.7, 0.1, 0.1, 2 ],
			"clearcoat": 0,
			"clearcoatRoughness": 0,
			"metallic": 0,
			"roughness": 0
		},
		"Blue": {
			"baseColor": [ 0.1, 0.2, 0.4, 2 ],
			"clearcoat": 0,
			"clearcoatRoughness": 0,
			"metallic": 0,
			"roughness": 0
		}
	}
}
