{
	"material_0_banana_split_banana_split_body0": {
		"name": "material_0_banana_split_banana_split_body0",
		"class": "Material",
		"mapTo": "material_0_banana_split_banana_split_body0",
		"Stages": [
			{
				"normalMap": "camso_col_0xff8080ff.dds",
				"clearCoatFactor": 1,
				"clearCoatRoughnessFactor": 0,
				"opacityMap": "lordkyvrss_model_5_trim_3_stamp0.dds",
				"opacityMapUseUV": 1,
				"diffuseColor": [ 1, 0, 0.584314, 1 ],
				"roughnessFactor": 0.35,
				"metallicFactor": 1,
				"useAnisotropic": true
			},
			{
			},
			{
			},
			{
			}
		],
		"alphaRef": 1,
		"alphaTest": true,
		"translucent": false,
		"translucentBlendOp": "None",
		"doubleSided": true,
		"invertBackFaceNormals": true,
		"dynamicCubemap": true,
		"activeLayers": 1,
		"materialTag0": "beamng",
		"order_simset": 0,
		"version": 1.5
	},
	"material_1_banana_split_banana_split_body0": {
		"name": "material_1_banana_split_banana_split_body0",
		"class": "Material",
		"mapTo": "material_1_banana_split_banana_split_body0",
		"Stages": [
			{
				"normalMap": "camso_col_0xff8080ff.dds",
				"clearCoatFactor": 1,
				"clearCoatRoughnessFactor": 1,
				"opacityMap": "lordkyvrss_model_5_trim_3_stamp0.dds",
				"opacityMapUseUV": 1,
				"instanceDiffuse": true,
				"colorPaletteMap": "camso_col_0xffff0000.dds",
				"roughnessFactor": 1,
				"metallicFactor": 1,
				"diffuseColor": [ 1, 1, 1, 1 ],
				"useAnisotropic": true
			},
			{
			},
			{
			},
			{
			}
		],
		"alphaRef": 1,
		"alphaTest": true,
		"translucent": false,
		"translucentBlendOp": "None",
		"doubleSided": true,
		"invertBackFaceNormals": true,
		"dynamicCubemap": true,
		"activeLayers": 1,
		"materialTag0": "beamng",
		"order_simset": 0,
		"version": 1.5
	},
	"material_2_banana_split_banana_split_body0": {
		"name": "material_2_banana_split_banana_split_body0",
		"class": "Material",
		"mapTo": "material_2_banana_split_banana_split_body0",
		"Stages": [
			{
				"normalMap": "camso_col_0xff8080ff.dds",
				"opacityMap": "lordkyvrss_model_5_trim_3_stamp0.dds",
				"opacityMapUseUV": 1,
				"diffuseColor": [ 0.0627451, 0.0627451, 0.0627451, 1 ],
				"roughnessFactor": 0,
				"metallicFactor": 0,
				"useAnisotropic": true
			},
			{
			},
			{
			},
			{
			}
		],
		"alphaRef": 1,
		"alphaTest": true,
		"translucent": false,
		"translucentBlendOp": "None",
		"doubleSided": true,
		"invertBackFaceNormals": true,
		"dynamicCubemap": true,
		"activeLayers": 1,
		"materialTag0": "beamng",
		"order_simset": 0,
		"version": 1.5
	},
	"material_3_banana_split_banana_split_body0": {
		"name": "material_3_banana_split_banana_split_body0",
		"class": "Material",
		"mapTo": "material_3_banana_split_banana_split_body0",
		"Stages": [
			{
				"normalMap": "camso_col_0xff8080ff.dds",
				"opacityMap": "lordkyvrss_model_5_trim_3_stamp0.dds",
				"opacityMapUseUV": 1,
				"diffuseColor": [ 0.00392157, 0.101961, 0.0862745, 1 ],
				"roughnessFactor": 0,
				"metallicFactor": 1,
				"opacityFactor": 1,
				"useAnisotropic": true
			},
			{
			},
			{
			},
			{
			}
		],
		"alphaRef": 1,
		"alphaTest": true,
		"translucent": true,
		"translucentBlendOp": "PreMulAlpha",
		"translucentZWrite": false,
		"castShadows": false,
		"translucentRecvShadows": true,
		"dynamicCubemap": true,
		"activeLayers": 1,
		"materialTag0": "beamng",
		"order_simset": 0,
		"version": 1.5
	},
	"material_4_banana_split_banana_split_body0": {
		"name": "material_4_banana_split_banana_split_body0",
		"class": "Material",
		"mapTo": "material_4_banana_split_banana_split_body0",
		"Stages": [
			{
				"normalMap": "camso_col_0xff8080ff.dds",
				"clearCoatFactor": 1,
				"clearCoatRoughnessFactor": 0,
				"diffuseColor": [ 1, 0, 0.584314, 1 ],
				"roughnessFactor": 0.35,
				"metallicFactor": 1
			},
			{
			},
			{
			},
			{
			}
		],
		"alphaRef": 1,
		"alphaTest": true,
		"translucent": false,
		"translucentBlendOp": "None",
		"doubleSided": true,
		"invertBackFaceNormals": true,
		"dynamicCubemap": true,
		"activeLayers": 1,
		"materialTag0": "beamng",
		"order_simset": 0,
		"version": 1.5
	},
	"material_5_banana_split_chassis1": {
		"name": "material_5_banana_split_chassis1",
		"class": "Material",
		"mapTo": "material_5_banana_split_chassis1",
		"Stages": [
			{
				"normalMap": "camso_col_0xff8080ff.dds",
				"diffuseColor": [ 0.560784, 0.560784, 0.560784, 1 ],
				"roughnessFactor": 0.2,
				"metallicFactor": 1
			},
			{
			},
			{
			},
			{
			}
		],
		"alphaRef": 1,
		"alphaTest": true,
		"translucent": false,
		"translucentBlendOp": "None",
		"doubleSided": true,
		"invertBackFaceNormals": true,
		"dynamicCubemap": true,
		"activeLayers": 1,
		"materialTag0": "beamng",
		"order_simset": 0,
		"version": 1.5
	},
	"material_6_banana_split_temp2": {
		"name": "material_6_banana_split_temp2",
		"class": "Material",
		"mapTo": "material_6_banana_split_temp2",
		"Stages": [
			{
				"normalMap": "camso_t_noise_n.dds",
				"diffuseColor": [ 1, 1, 1, 1 ],
				"roughnessFactor": 0,
				"metallicFactor": 0,
				"useAnisotropic": true
			},
			{
			},
			{
			},
			{
			}
		],
		"alphaRef": 1,
		"alphaTest": true,
		"translucent": false,
		"translucentBlendOp": "None",
		"doubleSided": true,
		"invertBackFaceNormals": true,
		"dynamicCubemap": true,
		"activeLayers": 1,
		"materialTag0": "beamng",
		"order_simset": 0,
		"version": 1.5
	},
	"material_7_banana_split_temp2": {
		"name": "material_7_banana_split_temp2",
		"class": "Material",
		"mapTo": "material_7_banana_split_temp2",
		"Stages": [
			{
				"normalMap": "camso_col_0xff8080ff.dds",
				"diffuseColor": [ 0.0470588, 0.0470588, 0.0470588, 0 ],
				"roughnessFactor": 0,
				"metallicFactor": 0
			},
			{
			},
			{
			},
			{
			}
		],
		"alphaRef": 1,
		"alphaTest": true,
		"translucent": false,
		"translucentBlendOp": "None",
		"dynamicCubemap": true,
		"activeLayers": 1,
		"materialTag0": "beamng",
		"order_simset": 0,
		"version": 1.5
	},
	"material_8_banana_split_tyre_f2": {
		"name": "material_8_banana_split_tyre_f2",
		"class": "Material",
		"mapTo": "material_8_banana_split_tyre_f2",
		"Stages": [
			{
				"normalMap": "camso_tyresemi_tread_normal.dds",
				"diffuseColor": [ 0.12549, 0.12549, 0.12549, 1 ],
				"roughnessFactor": 0.4,
				"metallicFactor": 0,
				"useAnisotropic": true
			},
			{
			},
			{
			},
			{
			}
		],
		"alphaRef": 1,
		"alphaTest": true,
		"translucent": false,
		"translucentBlendOp": "None",
		"dynamicCubemap": true,
		"activeLayers": 1,
		"materialTag0": "beamng",
		"order_simset": 0,
		"version": 1.5
	},
	"material_9_banana_split_tyre_f2": {
		"name": "material_9_banana_split_tyre_f2",
		"class": "Material",
		"mapTo": "material_9_banana_split_tyre_f2",
		"Stages": [
			{
				"normalMap": "camso_tyresemi_sidewall_normal.dds",
				"diffuseColor": [ 0.12549, 0.12549, 0.12549, 1 ],
				"roughnessFactor": 0.4,
				"metallicFactor": 0,
				"useAnisotropic": true
			},
			{
			},
			{
			},
			{
			}
		],
		"alphaRef": 1,
		"alphaTest": true,
		"translucent": false,
		"translucentBlendOp": "None",
		"dynamicCubemap": true,
		"activeLayers": 1,
		"materialTag0": "beamng",
		"order_simset": 0,
		"version": 1.5
	},
	"material_10_banana_split_wheel_f3": {
		"name": "material_10_banana_split_wheel_f3",
		"class": "Material",
		"mapTo": "material_10_banana_split_wheel_f3",
		"Stages": [
			{
				"normalMap": "camso_col_0xff8080ff.dds",
				"clearCoatFactor": 1,
				"clearCoatRoughnessFactor": 0,
				"diffuseColor": [ 1, 0, 0.584314, 1 ],
				"roughnessFactor": 0.35,
				"metallicFactor": 1
			},
			{
			},
			{
			},
			{
			}
		],
		"alphaRef": 1,
		"alphaTest": true,
		"translucent": false,
		"translucentBlendOp": "None",
		"doubleSided": true,
		"invertBackFaceNormals": true,
		"dynamicCubemap": true,
		"activeLayers": 1,
		"materialTag0": "beamng",
		"order_simset": 0,
		"version": 1.5
	},
	"material_11_banana_split_suspension_f4": {
		"name": "material_11_banana_split_suspension_f4",
		"class": "Material",
		"mapTo": "material_11_banana_split_suspension_f4",
		"Stages": [
			{
				"normalMap": "camso_col_0xff8080ff.dds",
				"diffuseColor": [ 0.356863, 0.356863, 0.356863, 1 ],
				"roughnessFactor": 0.9,
				"metallicFactor": 0.4
			},
			{
			},
			{
			},
			{
			}
		],
		"alphaRef": 1,
		"alphaTest": true,
		"translucent": false,
		"translucentBlendOp": "None",
		"doubleSided": true,
		"invertBackFaceNormals": true,
		"dynamicCubemap": true,
		"activeLayers": 1,
		"materialTag0": "beamng",
		"order_simset": 0,
		"version": 1.5
	},
	"material_12_banana_split_suspension_f4": {
		"name": "material_12_banana_split_suspension_f4",
		"class": "Material",
		"mapTo": "material_12_banana_split_suspension_f4",
		"Stages": [
			{
				"normalMap": "camso_col_0xff8080ff.dds",
				"diffuseColor": [ 0.662745, 0.568627, 0.113725, 0 ],
				"roughnessFactor": 0.3,
				"metallicFactor": 0
			},
			{
			},
			{
			},
			{
			}
		],
		"alphaRef": 1,
		"alphaTest": true,
		"translucent": false,
		"translucentBlendOp": "None",
		"doubleSided": true,
		"invertBackFaceNormals": true,
		"dynamicCubemap": true,
		"activeLayers": 1,
		"materialTag0": "beamng",
		"order_simset": 0,
		"version": 1.5
	},
	"material_13_banana_split_suspension_f4": {
		"name": "material_13_banana_split_suspension_f4",
		"class": "Material",
		"mapTo": "material_13_banana_split_suspension_f4",
		"Stages": [
			{
				"normalMap": "camso_col_0xff8080ff.dds",
				"diffuseColor": [ 0.517647, 0, 0, 0 ],
				"roughnessFactor": 0.3,
				"metallicFactor": 0
			},
			{
			},
			{
			},
			{
			}
		],
		"alphaRef": 1,
		"alphaTest": true,
		"translucent": false,
		"translucentBlendOp": "None",
		"doubleSided": true,
		"invertBackFaceNormals": true,
		"dynamicCubemap": true,
		"activeLayers": 1,
		"materialTag0": "beamng",
		"order_simset": 0,
		"version": 1.5
	},
	"material_14_banana_split_suspension_f4": {
		"name": "material_14_banana_split_suspension_f4",
		"class": "Material",
		"mapTo": "material_14_banana_split_suspension_f4",
		"Stages": [
			{
				"normalMap": "camso_boltnormal.dds",
				"diffuseColor": [ 0.709804, 0.670588, 0.611765, 1 ],
				"roughnessFactor": 0.4,
				"metallicFactor": 1,
				"useAnisotropic": true
			},
			{
			},
			{
			},
			{
			}
		],
		"alphaRef": 1,
		"alphaTest": true,
		"translucent": false,
		"translucentBlendOp": "None",
		"doubleSided": true,
		"invertBackFaceNormals": true,
		"dynamicCubemap": true,
		"activeLayers": 1,
		"materialTag0": "beamng",
		"order_simset": 0,
		"version": 1.5
	},
	"material_15_banana_split_suspension_f4": {
		"name": "material_15_banana_split_suspension_f4",
		"class": "Material",
		"mapTo": "material_15_banana_split_suspension_f4",
		"Stages": [
			{
				"normalMap": "camso_col_0xff8080ff.dds",
				"diffuseColor": [ 0.737255, 0.737255, 0.737255, 1 ],
				"roughnessFactor": 0.25,
				"metallicFactor": 1
			},
			{
			},
			{
			},
			{
			}
		],
		"alphaRef": 1,
		"alphaTest": true,
		"translucent": false,
		"translucentBlendOp": "None",
		"doubleSided": true,
		"invertBackFaceNormals": true,
		"dynamicCubemap": true,
		"activeLayers": 1,
		"materialTag0": "beamng",
		"order_simset": 0,
		"version": 1.5
	},
	"material_16_banana_split_temp6": {
		"name": "material_16_banana_split_temp6",
		"class": "Material",
		"mapTo": "material_16_banana_split_temp6",
		"Stages": [
			{
				"normalMap": "camso_col_0xff8080ff.dds",
				"diffuseColor": [ 0.372549, 0.372549, 0.372549, 1 ],
				"roughnessFactor": 0.9,
				"metallicFactor": 0.4
			},
			{
			},
			{
			},
			{
			}
		],
		"alphaRef": 1,
		"alphaTest": true,
		"translucent": false,
		"translucentBlendOp": "None",
		"doubleSided": true,
		"invertBackFaceNormals": true,
		"dynamicCubemap": true,
		"activeLayers": 1,
		"materialTag0": "beamng",
		"order_simset": 0,
		"version": 1.5
	},
	"material_17_banana_split_temp6": {
		"name": "material_17_banana_split_temp6",
		"class": "Material",
		"mapTo": "material_17_banana_split_temp6",
		"Stages": [
			{
				"normalMap": "camso_col_0xff8080ff.dds",
				"diffuseColor": [ 0.737255, 0.737255, 0.737255, 1 ],
				"roughnessFactor": 0.25,
				"metallicFactor": 1
			},
			{
			},
			{
			},
			{
			}
		],
		"alphaRef": 1,
		"alphaTest": true,
		"translucent": false,
		"translucentBlendOp": "None",
		"doubleSided": true,
		"invertBackFaceNormals": true,
		"dynamicCubemap": true,
		"activeLayers": 1,
		"materialTag0": "beamng",
		"order_simset": 0,
		"version": 1.5
	},
	"material_18_banana_split_temp6": {
		"name": "material_18_banana_split_temp6",
		"class": "Material",
		"mapTo": "material_18_banana_split_temp6",
		"Stages": [
			{
				"normalMap": "camso_col_0xff8080ff.dds",
				"diffuseColor": [ 0.94902, 0.854902, 0.639216, 1 ],
				"roughnessFactor": 0.2,
				"metallicFactor": 1
			},
			{
			},
			{
			},
			{
			}
		],
		"alphaRef": 1,
		"alphaTest": true,
		"translucent": false,
		"translucentBlendOp": "None",
		"doubleSided": true,
		"invertBackFaceNormals": true,
		"dynamicCubemap": true,
		"activeLayers": 1,
		"materialTag0": "beamng",
		"order_simset": 0,
		"version": 1.5
	},
	"material_19_banana_split_suspension_r9": {
		"name": "material_19_banana_split_suspension_r9",
		"class": "Material",
		"mapTo": "material_19_banana_split_suspension_r9",
		"Stages": [
			{
				"normalMap": "camso_col_0xff8080ff.dds",
				"diffuseColor": [ 0.0470588, 0.0470588, 0.0470588, 0 ],
				"roughnessFactor": 0,
				"metallicFactor": 0
			},
			{
			},
			{
			},
			{
			}
		],
		"alphaRef": 1,
		"alphaTest": true,
		"translucent": false,
		"translucentBlendOp": "None",
		"dynamicCubemap": true,
		"activeLayers": 1,
		"materialTag0": "beamng",
		"order_simset": 0,
		"version": 1.5
	},
	"material_20_banana_split_suspension_r9": {
		"name": "material_20_banana_split_suspension_r9",
		"class": "Material",
		"mapTo": "material_20_banana_split_suspension_r9",
		"Stages": [
			{
				"normalMap": "camso_col_0xff8080ff.dds",
				"diffuseColor": [ 0.596078, 0.596078, 0.596078, 1 ],
				"roughnessFactor": 0.9,
				"metallicFactor": 0.4
			},
			{
			},
			{
			},
			{
			}
		],
		"alphaRef": 1,
		"alphaTest": true,
		"translucent": false,
		"translucentBlendOp": "None",
		"doubleSided": true,
		"invertBackFaceNormals": true,
		"dynamicCubemap": true,
		"activeLayers": 1,
		"materialTag0": "beamng",
		"order_simset": 0,
		"version": 1.5
	},
	"material_21_banana_split_temp12": {
		"name": "material_21_banana_split_temp12",
		"class": "Material",
		"mapTo": "material_21_banana_split_temp12",
		"Stages": [
			{
				"normalMap": "camso_col_0xff8080ff.dds",
				"clearCoatFactor": 1,
				"clearCoatRoughnessFactor": 1,
				"instanceDiffuse": true,
				"colorPaletteMap": "camso_col_0xffff0000.dds",
				"roughnessFactor": 1,
				"metallicFactor": 1,
				"diffuseColor": [ 1, 1, 1, 1 ]
			},
			{
			},
			{
			},
			{
			}
		],
		"alphaRef": 1,
		"alphaTest": true,
		"translucent": false,
		"translucentBlendOp": "None",
		"doubleSided": true,
		"invertBackFaceNormals": true,
		"dynamicCubemap": true,
		"activeLayers": 1,
		"materialTag0": "beamng",
		"order_simset": 0,
		"version": 1.5
	},
	"material_22_banana_split_temp12": {
		"name": "material_22_banana_split_temp12",
		"class": "Material",
		"mapTo": "material_22_banana_split_temp12",
		"Stages": [
			{
				"normalMap": "camso_t_blanknormal.dds",
				"diffuseColor": [ 0.984314, 0.988235, 0.988235, 0.298039 ],
				"roughnessFactor": 0,
				"metallicFactor": 1,
				"opacityFactor": 0.298039,
				"useAnisotropic": true
			},
			{
			},
			{
			},
			{
			}
		],
		"alphaRef": 1,
		"alphaTest": true,
		"translucent": true,
		"translucentBlendOp": "AddAlpha",
		"translucentZWrite": false,
		"castShadows": false,
		"translucentRecvShadows": true,
		"dynamicCubemap": true,
		"activeLayers": 1,
		"materialTag0": "beamng",
		"order_simset": 0,
		"version": 1.5
	},
	"material_22_banana_split_temp12_off": {
		"name": "material_22_banana_split_temp12_off",
		"class": "Material",
		"mapTo": "material_22_banana_split_temp12_off",
		"Stages": [
			{
				"normalMap": "camso_t_blanknormal.dds",
				"diffuseColor": [ 0.984314, 0.988235, 0.988235, 0.298039 ],
				"roughnessFactor": 0,
				"metallicFactor": 1,
				"opacityFactor": 0.298039,
				"useAnisotropic": true
			},
			{
			},
			{
			},
			{
			}
		],
		"alphaRef": 1,
		"alphaTest": true,
		"translucent": true,
		"translucentBlendOp": "AddAlpha",
		"translucentZWrite": false,
		"castShadows": false,
		"translucentRecvShadows": true,
		"dynamicCubemap": true,
		"activeLayers": 1,
		"materialTag0": "beamng",
		"order_simset": 0,
		"version": 1.5
	},
	"material_22_banana_split_temp12_on": {
		"name": "material_22_banana_split_temp12_on",
		"class": "Material",
		"mapTo": "material_22_banana_split_temp12_on",
		"Stages": [
			{
				"normalMap": "camso_t_blanknormal.dds",
				"diffuseColor": [ 0.984314, 0.988235, 0.988235, 0.298039 ],
				"roughnessFactor": 0,
				"metallicFactor": 1,
				"opacityFactor": 0.298039,
				"emissiveFactor": [ 1, 1, 1 ],
				"glow": true,
				"useAnisotropic": true
			},
			{
			},
			{
			},
			{
			}
		],
		"alphaRef": 1,
		"alphaTest": true,
		"translucent": true,
		"translucentBlendOp": "AddAlpha",
		"translucentZWrite": false,
		"castShadows": false,
		"translucentRecvShadows": true,
		"dynamicCubemap": true,
		"activeLayers": 1,
		"materialTag0": "beamng",
		"order_simset": 0,
		"version": 1.5
	},
	"material_22_banana_split_temp12_onIntense": {
		"name": "material_22_banana_split_temp12_onIntense",
		"class": "Material",
		"mapTo": "material_22_banana_split_temp12_onIntense",
		"Stages": [
			{
				"normalMap": "camso_t_blanknormal.dds",
				"diffuseColor": [ 0.984314, 0.988235, 0.988235, 0.298039 ],
				"roughnessFactor": 0,
				"metallicFactor": 1,
				"opacityFactor": 0.298039,
				"emissiveFactor": [ 1, 1, 1 ],
				"glow": true,
				"useAnisotropic": true
			},
			{
			},
			{
			},
			{
			}
		],
		"alphaRef": 1,
		"alphaTest": true,
		"translucent": true,
		"translucentBlendOp": "AddAlpha",
		"translucentZWrite": false,
		"castShadows": false,
		"translucentRecvShadows": true,
		"dynamicCubemap": true,
		"activeLayers": 1,
		"materialTag0": "beamng",
		"order_simset": 0,
		"version": 1.5
	},
	"material_23_banana_split_temp12": {
		"name": "material_23_banana_split_temp12",
		"class": "Material",
		"mapTo": "material_23_banana_split_temp12",
		"Stages": [
			{
				"normalMap": "camso_t_taillightreflector_05_normal.dds",
				"diffuseColor": [ 1, 1, 1, 1 ],
				"roughnessFactor": 0,
				"metallicFactor": 0,
				"opacityFactor": 1,
				"useAnisotropic": true
			},
			{
			},
			{
			},
			{
			}
		],
		"alphaRef": 1,
		"alphaTest": true,
		"translucent": true,
		"translucentBlendOp": "PreMulAlpha",
		"translucentZWrite": false,
		"castShadows": false,
		"translucentRecvShadows": true,
		"dynamicCubemap": true,
		"activeLayers": 1,
		"materialTag0": "beamng",
		"order_simset": 0,
		"version": 1.5
	},
	"material_23_banana_split_temp12_off": {
		"name": "material_23_banana_split_temp12_off",
		"class": "Material",
		"mapTo": "material_23_banana_split_temp12_off",
		"Stages": [
			{
				"normalMap": "camso_t_taillightreflector_05_normal.dds",
				"diffuseColor": [ 1, 1, 1, 1 ],
				"roughnessFactor": 0,
				"metallicFactor": 0,
				"opacityFactor": 1,
				"useAnisotropic": true
			},
			{
			},
			{
			},
			{
			}
		],
		"alphaRef": 1,
		"alphaTest": true,
		"translucent": true,
		"translucentBlendOp": "PreMulAlpha",
		"translucentZWrite": false,
		"castShadows": false,
		"translucentRecvShadows": true,
		"dynamicCubemap": true,
		"activeLayers": 1,
		"materialTag0": "beamng",
		"order_simset": 0,
		"version": 1.5
	},
	"material_23_banana_split_temp12_on": {
		"name": "material_23_banana_split_temp12_on",
		"class": "Material",
		"mapTo": "material_23_banana_split_temp12_on",
		"Stages": [
			{
				"normalMap": "camso_t_taillightreflector_05_normal.dds",
				"diffuseColor": [ 1, 1, 1, 1 ],
				"roughnessFactor": 0,
				"metallicFactor": 0,
				"opacityFactor": 1,
				"emissiveFactor": [ 0.990831, 0.990831, 0.990831 ],
				"glow": true,
				"useAnisotropic": true
			},
			{
			},
			{
			},
			{
			}
		],
		"alphaRef": 1,
		"alphaTest": true,
		"translucent": true,
		"translucentBlendOp": "PreMulAlpha",
		"translucentZWrite": false,
		"castShadows": false,
		"translucentRecvShadows": true,
		"dynamicCubemap": true,
		"activeLayers": 1,
		"materialTag0": "beamng",
		"order_simset": 0,
		"version": 1.5
	},
	"material_23_banana_split_temp12_onIntense": {
		"name": "material_23_banana_split_temp12_onIntense",
		"class": "Material",
		"mapTo": "material_23_banana_split_temp12_onIntense",
		"Stages": [
			{
				"normalMap": "camso_t_taillightreflector_05_normal.dds",
				"diffuseColor": [ 1, 1, 1, 1 ],
				"roughnessFactor": 0,
				"metallicFactor": 0,
				"opacityFactor": 1,
				"emissiveFactor": [ 1, 1, 1 ],
				"glow": true,
				"useAnisotropic": true
			},
			{
			},
			{
			},
			{
			}
		],
		"alphaRef": 1,
		"alphaTest": true,
		"translucent": true,
		"translucentBlendOp": "PreMulAlpha",
		"translucentZWrite": false,
		"castShadows": false,
		"translucentRecvShadows": true,
		"dynamicCubemap": true,
		"activeLayers": 1,
		"materialTag0": "beamng",
		"order_simset": 0,
		"version": 1.5
	},
	"material_24_banana_split_temp12": {
		"name": "material_24_banana_split_temp12",
		"class": "Material",
		"mapTo": "material_24_banana_split_temp12",
		"Stages": [
			{
				"normalMap": "camso_col_0xff8080ff.dds",
				"diffuseColor": [ 0, 0, 0, 1 ],
				"roughnessFactor": 0.3,
				"metallicFactor": 0
			},
			{
			},
			{
			},
			{
			}
		],
		"alphaRef": 1,
		"alphaTest": true,
		"translucent": false,
		"translucentBlendOp": "None",
		"doubleSided": true,
		"invertBackFaceNormals": true,
		"dynamicCubemap": true,
		"activeLayers": 1,
		"materialTag0": "beamng",
		"order_simset": 0,
		"version": 1.5
	},
	"material_25_banana_split_temp12": {
		"name": "material_25_banana_split_temp12",
		"class": "Material",
		"mapTo": "material_25_banana_split_temp12",
		"Stages": [
			{
				"normalMap": "camso_col_0xff8080ff.dds",
				"diffuseColor": [ 1, 0.964706, 0.956863, 1 ],
				"roughnessFactor": 0,
				"metallicFactor": 1
			},
			{
			},
			{
			},
			{
			}
		],
		"alphaRef": 1,
		"alphaTest": true,
		"translucent": false,
		"translucentBlendOp": "None",
		"doubleSided": true,
		"invertBackFaceNormals": true,
		"dynamicCubemap": true,
		"activeLayers": 1,
		"materialTag0": "beamng",
		"order_simset": 0,
		"version": 1.5
	},
	"material_26_banana_split_temp12": {
		"name": "material_26_banana_split_temp12",
		"class": "Material",
		"mapTo": "material_26_banana_split_temp12",
		"Stages": [
			{
				"normalMap": "camso_t_blanknormal.dds",
				"diffuseColor": [ 0.913725, 0.415686, 0, 0.898039 ],
				"roughnessFactor": 0,
				"metallicFactor": 1,
				"opacityFactor": 0.898039,
				"useAnisotropic": true
			},
			{
			},
			{
			},
			{
			}
		],
		"alphaRef": 1,
		"alphaTest": true,
		"translucent": true,
		"translucentBlendOp": "PreMulAlpha",
		"translucentZWrite": false,
		"castShadows": false,
		"translucentRecvShadows": true,
		"dynamicCubemap": true,
		"activeLayers": 1,
		"materialTag0": "beamng",
		"order_simset": 0,
		"version": 1.5
	},
	"material_26_banana_split_temp12_off": {
		"name": "material_26_banana_split_temp12_off",
		"class": "Material",
		"mapTo": "material_26_banana_split_temp12_off",
		"Stages": [
			{
				"normalMap": "camso_t_blanknormal.dds",
				"diffuseColor": [ 0.913725, 0.415686, 0, 0.898039 ],
				"roughnessFactor": 0,
				"metallicFactor": 1,
				"opacityFactor": 0.898039,
				"useAnisotropic": true
			},
			{
			},
			{
			},
			{
			}
		],
		"alphaRef": 1,
		"alphaTest": true,
		"translucent": true,
		"translucentBlendOp": "PreMulAlpha",
		"translucentZWrite": false,
		"castShadows": false,
		"translucentRecvShadows": true,
		"dynamicCubemap": true,
		"activeLayers": 1,
		"materialTag0": "beamng",
		"order_simset": 0,
		"version": 1.5
	},
	"material_26_banana_split_temp12_on": {
		"name": "material_26_banana_split_temp12_on",
		"class": "Material",
		"mapTo": "material_26_banana_split_temp12_on",
		"Stages": [
			{
				"normalMap": "camso_t_blanknormal.dds",
				"diffuseColor": [ 0.913725, 0.415686, 0, 0.898039 ],
				"roughnessFactor": 0,
				"metallicFactor": 1,
				"opacityFactor": 0.898039,
				"emissiveFactor": [ 0.986902, 0.696874, 0 ],
				"glow": true,
				"useAnisotropic": true
			},
			{
			},
			{
			},
			{
			}
		],
		"alphaRef": 1,
		"alphaTest": true,
		"translucent": true,
		"translucentBlendOp": "PreMulAlpha",
		"translucentZWrite": false,
		"castShadows": false,
		"translucentRecvShadows": true,
		"dynamicCubemap": true,
		"activeLayers": 1,
		"materialTag0": "beamng",
		"order_simset": 0,
		"version": 1.5
	},
	"material_26_banana_split_temp12_onIntense": {
		"name": "material_26_banana_split_temp12_onIntense",
		"class": "Material",
		"mapTo": "material_26_banana_split_temp12_onIntense",
		"Stages": [
			{
				"normalMap": "camso_t_blanknormal.dds",
				"diffuseColor": [ 0.913725, 0.415686, 0, 0.898039 ],
				"roughnessFactor": 0,
				"metallicFactor": 1,
				"opacityFactor": 0.898039,
				"emissiveFactor": [ 1, 0.706122, 0 ],
				"glow": true,
				"useAnisotropic": true
			},
			{
			},
			{
			},
			{
			}
		],
		"alphaRef": 1,
		"alphaTest": true,
		"translucent": true,
		"translucentBlendOp": "PreMulAlpha",
		"translucentZWrite": false,
		"castShadows": false,
		"translucentRecvShadows": true,
		"dynamicCubemap": true,
		"activeLayers": 1,
		"materialTag0": "beamng",
		"order_simset": 0,
		"version": 1.5
	},
	"material_27_banana_split_temp12": {
		"name": "material_27_banana_split_temp12",
		"class": "Material",
		"mapTo": "material_27_banana_split_temp12",
		"Stages": [
			{
				"normalMap": "camso_col_0xff8080ff.dds",
				"clearCoatFactor": 1,
				"clearCoatRoughnessFactor": 1,
				"instanceDiffuse": true,
				"colorPaletteMap": "camso_col_0xffff0000.dds",
				"roughnessFactor": 1,
				"metallicFactor": 1,
				"diffuseColor": [ 1, 1, 1, 1 ]
			},
			{
			},
			{
			},
			{
			}
		],
		"alphaRef": 1,
		"alphaTest": true,
		"translucent": false,
		"translucentBlendOp": "None",
		"doubleSided": true,
		"invertBackFaceNormals": true,
		"dynamicCubemap": true,
		"activeLayers": 1,
		"materialTag0": "beamng",
		"order_simset": 0,
		"version": 1.5
	},
	"material_28_banana_split_temp12": {
		"name": "material_28_banana_split_temp12",
		"class": "Material",
		"mapTo": "material_28_banana_split_temp12",
		"Stages": [
			{
				"normalMap": "camso_t_taillightreflector_03_normal.dds",
				"diffuseColor": [ 1, 1, 1, 1 ],
				"roughnessFactor": 0.02,
				"metallicFactor": 1,
				"useAnisotropic": true
			},
			{
			},
			{
			},
			{
			}
		],
		"alphaRef": 1,
		"alphaTest": true,
		"translucent": false,
		"translucentBlendOp": "None",
		"doubleSided": true,
		"invertBackFaceNormals": true,
		"dynamicCubemap": true,
		"activeLayers": 1,
		"materialTag0": "beamng",
		"order_simset": 0,
		"version": 1.5
	},
	"material_28_banana_split_temp12_off": {
		"name": "material_28_banana_split_temp12_off",
		"class": "Material",
		"mapTo": "material_28_banana_split_temp12_off",
		"Stages": [
			{
				"normalMap": "camso_t_taillightreflector_03_normal.dds",
				"diffuseColor": [ 1, 1, 1, 1 ],
				"roughnessFactor": 0.02,
				"metallicFactor": 1,
				"useAnisotropic": true
			},
			{
			},
			{
			},
			{
			}
		],
		"alphaRef": 1,
		"alphaTest": true,
		"translucent": false,
		"translucentBlendOp": "None",
		"doubleSided": true,
		"invertBackFaceNormals": true,
		"dynamicCubemap": true,
		"activeLayers": 1,
		"materialTag0": "beamng",
		"order_simset": 0,
		"version": 1.5
	},
	"material_28_banana_split_temp12_on": {
		"name": "material_28_banana_split_temp12_on",
		"class": "Material",
		"mapTo": "material_28_banana_split_temp12_on",
		"Stages": [
			{
				"normalMap": "camso_t_taillightreflector_03_normal.dds",
				"diffuseColor": [ 1, 1, 1, 1 ],
				"roughnessFactor": 0.02,
				"metallicFactor": 1,
				"emissiveFactor": [ 0.994761, 0.661853, 0.416135 ],
				"glow": true,
				"useAnisotropic": true
			},
			{
			},
			{
			},
			{
			}
		],
		"alphaRef": 1,
		"alphaTest": true,
		"translucent": false,
		"translucentBlendOp": "None",
		"doubleSided": true,
		"invertBackFaceNormals": true,
		"dynamicCubemap": true,
		"activeLayers": 1,
		"materialTag0": "beamng",
		"order_simset": 0,
		"version": 1.5
	},
	"material_28_banana_split_temp12_onIntense": {
		"name": "material_28_banana_split_temp12_onIntense",
		"class": "Material",
		"mapTo": "material_28_banana_split_temp12_onIntense",
		"Stages": [
			{
				"normalMap": "camso_t_taillightreflector_03_normal.dds",
				"diffuseColor": [ 1, 1, 1, 1 ],
				"roughnessFactor": 0.02,
				"metallicFactor": 1,
				"emissiveFactor": [ 1, 0.665339, 0.418327 ],
				"glow": true,
				"useAnisotropic": true
			},
			{
			},
			{
			},
			{
			}
		],
		"alphaRef": 1,
		"alphaTest": true,
		"translucent": false,
		"translucentBlendOp": "None",
		"doubleSided": true,
		"invertBackFaceNormals": true,
		"dynamicCubemap": true,
		"activeLayers": 1,
		"materialTag0": "beamng",
		"order_simset": 0,
		"version": 1.5
	},
	"material_29_banana_split_temp12": {
		"name": "material_29_banana_split_temp12",
		"class": "Material",
		"mapTo": "material_29_banana_split_temp12",
		"Stages": [
			{
				"normalMap": "camso_t_blanknormal.dds",
				"diffuseColor": [ 0.913725, 0.415686, 0, 0.898039 ],
				"roughnessFactor": 0,
				"metallicFactor": 1,
				"opacityFactor": 0.898039,
				"useAnisotropic": true
			},
			{
			},
			{
			},
			{
			}
		],
		"alphaRef": 1,
		"alphaTest": true,
		"translucent": true,
		"translucentBlendOp": "PreMulAlpha",
		"translucentZWrite": false,
		"castShadows": false,
		"translucentRecvShadows": true,
		"dynamicCubemap": true,
		"activeLayers": 1,
		"materialTag0": "beamng",
		"order_simset": 0,
		"version": 1.5
	},
	"material_29_banana_split_temp12_off": {
		"name": "material_29_banana_split_temp12_off",
		"class": "Material",
		"mapTo": "material_29_banana_split_temp12_off",
		"Stages": [
			{
				"normalMap": "camso_t_blanknormal.dds",
				"diffuseColor": [ 0.913725, 0.415686, 0, 0.898039 ],
				"roughnessFactor": 0,
				"metallicFactor": 1,
				"opacityFactor": 0.898039,
				"useAnisotropic": true
			},
			{
			},
			{
			},
			{
			}
		],
		"alphaRef": 1,
		"alphaTest": true,
		"translucent": true,
		"translucentBlendOp": "PreMulAlpha",
		"translucentZWrite": false,
		"castShadows": false,
		"translucentRecvShadows": true,
		"dynamicCubemap": true,
		"activeLayers": 1,
		"materialTag0": "beamng",
		"order_simset": 0,
		"version": 1.5
	},
	"material_29_banana_split_temp12_on": {
		"name": "material_29_banana_split_temp12_on",
		"class": "Material",
		"mapTo": "material_29_banana_split_temp12_on",
		"Stages": [
			{
				"normalMap": "camso_t_blanknormal.dds",
				"diffuseColor": [ 0.913725, 0.415686, 0, 0.898039 ],
				"roughnessFactor": 0,
				"metallicFactor": 1,
				"opacityFactor": 0.898039,
				"emissiveFactor": [ 0.986902, 0.696874, 0 ],
				"glow": true,
				"useAnisotropic": true
			},
			{
			},
			{
			},
			{
			}
		],
		"alphaRef": 1,
		"alphaTest": true,
		"translucent": true,
		"translucentBlendOp": "PreMulAlpha",
		"translucentZWrite": false,
		"castShadows": false,
		"translucentRecvShadows": true,
		"dynamicCubemap": true,
		"activeLayers": 1,
		"materialTag0": "beamng",
		"order_simset": 0,
		"version": 1.5
	},
	"material_29_banana_split_temp12_onIntense": {
		"name": "material_29_banana_split_temp12_onIntense",
		"class": "Material",
		"mapTo": "material_29_banana_split_temp12_onIntense",
		"Stages": [
			{
				"normalMap": "camso_t_blanknormal.dds",
				"diffuseColor": [ 0.913725, 0.415686, 0, 0.898039 ],
				"roughnessFactor": 0,
				"metallicFactor": 1,
				"opacityFactor": 0.898039,
				"emissiveFactor": [ 1, 0.706122, 0 ],
				"glow": true,
				"useAnisotropic": true
			},
			{
			},
			{
			},
			{
			}
		],
		"alphaRef": 1,
		"alphaTest": true,
		"translucent": true,
		"translucentBlendOp": "PreMulAlpha",
		"translucentZWrite": false,
		"castShadows": false,
		"translucentRecvShadows": true,
		"dynamicCubemap": true,
		"activeLayers": 1,
		"materialTag0": "beamng",
		"order_simset": 0,
		"version": 1.5
	},
	"material_30_banana_split_temp12": {
		"name": "material_30_banana_split_temp12",
		"class": "Material",
		"mapTo": "material_30_banana_split_temp12",
		"Stages": [
			{
				"normalMap": "camso_t_taillightreflector_03_normal.dds",
				"diffuseColor": [ 1, 1, 1, 1 ],
				"roughnessFactor": 0.02,
				"metallicFactor": 1,
				"useAnisotropic": true
			},
			{
			},
			{
			},
			{
			}
		],
		"alphaRef": 1,
		"alphaTest": true,
		"translucent": false,
		"translucentBlendOp": "None",
		"doubleSided": true,
		"invertBackFaceNormals": true,
		"dynamicCubemap": true,
		"activeLayers": 1,
		"materialTag0": "beamng",
		"order_simset": 0,
		"version": 1.5
	},
	"material_30_banana_split_temp12_off": {
		"name": "material_30_banana_split_temp12_off",
		"class": "Material",
		"mapTo": "material_30_banana_split_temp12_off",
		"Stages": [
			{
				"normalMap": "camso_t_taillightreflector_03_normal.dds",
				"diffuseColor": [ 1, 1, 1, 1 ],
				"roughnessFactor": 0.02,
				"metallicFactor": 1,
				"useAnisotropic": true
			},
			{
			},
			{
			},
			{
			}
		],
		"alphaRef": 1,
		"alphaTest": true,
		"translucent": false,
		"translucentBlendOp": "None",
		"doubleSided": true,
		"invertBackFaceNormals": true,
		"dynamicCubemap": true,
		"activeLayers": 1,
		"materialTag0": "beamng",
		"order_simset": 0,
		"version": 1.5
	},
	"material_30_banana_split_temp12_on": {
		"name": "material_30_banana_split_temp12_on",
		"class": "Material",
		"mapTo": "material_30_banana_split_temp12_on",
		"Stages": [
			{
				"normalMap": "camso_t_taillightreflector_03_normal.dds",
				"diffuseColor": [ 1, 1, 1, 1 ],
				"roughnessFactor": 0.02,
				"metallicFactor": 1,
				"emissiveFactor": [ 0.994761, 0.661853, 0.416135 ],
				"glow": true,
				"useAnisotropic": true
			},
			{
			},
			{
			},
			{
			}
		],
		"alphaRef": 1,
		"alphaTest": true,
		"translucent": false,
		"translucentBlendOp": "None",
		"doubleSided": true,
		"invertBackFaceNormals": true,
		"dynamicCubemap": true,
		"activeLayers": 1,
		"materialTag0": "beamng",
		"order_simset": 0,
		"version": 1.5
	},
	"material_30_banana_split_temp12_onIntense": {
		"name": "material_30_banana_split_temp12_onIntense",
		"class": "Material",
		"mapTo": "material_30_banana_split_temp12_onIntense",
		"Stages": [
			{
				"normalMap": "camso_t_taillightreflector_03_normal.dds",
				"diffuseColor": [ 1, 1, 1, 1 ],
				"roughnessFactor": 0.02,
				"metallicFactor": 1,
				"emissiveFactor": [ 1, 0.665339, 0.418327 ],
				"glow": true,
				"useAnisotropic": true
			},
			{
			},
			{
			},
			{
			}
		],
		"alphaRef": 1,
		"alphaTest": true,
		"translucent": false,
		"translucentBlendOp": "None",
		"doubleSided": true,
		"invertBackFaceNormals": true,
		"dynamicCubemap": true,
		"activeLayers": 1,
		"materialTag0": "beamng",
		"order_simset": 0,
		"version": 1.5
	},
	"material_31_banana_split_temp12": {
		"name": "material_31_banana_split_temp12",
		"class": "Material",
		"mapTo": "material_31_banana_split_temp12",
		"Stages": [
			{
				"normalMap": "camso_t_blanknormal.dds",
				"diffuseColor": [ 0.47451, 0.0666667, 0.0470588, 0.988235 ],
				"roughnessFactor": 0,
				"metallicFactor": 0,
				"opacityFactor": 0.988235,
				"useAnisotropic": true
			},
			{
			},
			{
			},
			{
			}
		],
		"alphaRef": 1,
		"alphaTest": true,
		"translucent": true,
		"translucentBlendOp": "PreMulAlpha",
		"translucentZWrite": false,
		"castShadows": false,
		"translucentRecvShadows": true,
		"dynamicCubemap": true,
		"activeLayers": 1,
		"materialTag0": "beamng",
		"order_simset": 0,
		"version": 1.5
	},
	"material_31_banana_split_temp12_off": {
		"name": "material_31_banana_split_temp12_off",
		"class": "Material",
		"mapTo": "material_31_banana_split_temp12_off",
		"Stages": [
			{
				"normalMap": "camso_t_blanknormal.dds",
				"diffuseColor": [ 0.47451, 0.0666667, 0.0470588, 0.988235 ],
				"roughnessFactor": 0,
				"metallicFactor": 0,
				"opacityFactor": 0.988235,
				"useAnisotropic": true
			},
			{
			},
			{
			},
			{
			}
		],
		"alphaRef": 1,
		"alphaTest": true,
		"translucent": true,
		"translucentBlendOp": "PreMulAlpha",
		"translucentZWrite": false,
		"castShadows": false,
		"translucentRecvShadows": true,
		"dynamicCubemap": true,
		"activeLayers": 1,
		"materialTag0": "beamng",
		"order_simset": 0,
		"version": 1.5
	},
	"material_31_banana_split_temp12_on": {
		"name": "material_31_banana_split_temp12_on",
		"class": "Material",
		"mapTo": "material_31_banana_split_temp12_on",
		"Stages": [
			{
				"normalMap": "camso_t_blanknormal.dds",
				"diffuseColor": [ 0.47451, 0.0666667, 0.0470588, 0.988235 ],
				"roughnessFactor": 0,
				"metallicFactor": 0,
				"opacityFactor": 0.988235,
				"emissiveFactor": [ 0.905694, 0.361288, 0.301898 ],
				"glow": true,
				"useAnisotropic": true
			},
			{
			},
			{
			},
			{
			}
		],
		"alphaRef": 1,
		"alphaTest": true,
		"translucent": true,
		"translucentBlendOp": "PreMulAlpha",
		"translucentZWrite": false,
		"castShadows": false,
		"translucentRecvShadows": true,
		"dynamicCubemap": true,
		"activeLayers": 1,
		"materialTag0": "beamng",
		"order_simset": 0,
		"version": 1.5
	},
	"material_31_banana_split_temp12_onIntense": {
		"name": "material_31_banana_split_temp12_onIntense",
		"class": "Material",
		"mapTo": "material_31_banana_split_temp12_onIntense",
		"Stages": [
			{
				"normalMap": "camso_t_blanknormal.dds",
				"diffuseColor": [ 0.47451, 0.0666667, 0.0470588, 0.988235 ],
				"roughnessFactor": 0,
				"metallicFactor": 0,
				"opacityFactor": 0.988235,
				"emissiveFactor": [ 1, 0.398907, 0.333333 ],
				"glow": true,
				"useAnisotropic": true
			},
			{
			},
			{
			},
			{
			}
		],
		"alphaRef": 1,
		"alphaTest": true,
		"translucent": true,
		"translucentBlendOp": "PreMulAlpha",
		"translucentZWrite": false,
		"castShadows": false,
		"translucentRecvShadows": true,
		"dynamicCubemap": true,
		"activeLayers": 1,
		"materialTag0": "beamng",
		"order_simset": 0,
		"version": 1.5
	},
	"material_32_banana_split_temp12": {
		"name": "material_32_banana_split_temp12",
		"class": "Material",
		"mapTo": "material_32_banana_split_temp12",
		"Stages": [
			{
				"normalMap": "camso_t_taillightreflector_05_normal.dds",
				"diffuseColor": [ 0.996078, 0.419608, 0, 1 ],
				"roughnessFactor": 0,
				"metallicFactor": 0,
				"opacityFactor": 1,
				"useAnisotropic": true
			},
			{
			},
			{
			},
			{
			}
		],
		"alphaRef": 1,
		"alphaTest": true,
		"translucent": true,
		"translucentBlendOp": "PreMulAlpha",
		"translucentZWrite": false,
		"castShadows": false,
		"translucentRecvShadows": true,
		"dynamicCubemap": true,
		"activeLayers": 1,
		"materialTag0": "beamng",
		"order_simset": 0,
		"version": 1.5
	},
	"material_32_banana_split_temp12_off": {
		"name": "material_32_banana_split_temp12_off",
		"class": "Material",
		"mapTo": "material_32_banana_split_temp12_off",
		"Stages": [
			{
				"normalMap": "camso_t_taillightreflector_05_normal.dds",
				"diffuseColor": [ 0.996078, 0.419608, 0, 1 ],
				"roughnessFactor": 0,
				"metallicFactor": 0,
				"opacityFactor": 1,
				"useAnisotropic": true
			},
			{
			},
			{
			},
			{
			}
		],
		"alphaRef": 1,
		"alphaTest": true,
		"translucent": true,
		"translucentBlendOp": "PreMulAlpha",
		"translucentZWrite": false,
		"castShadows": false,
		"translucentRecvShadows": true,
		"dynamicCubemap": true,
		"activeLayers": 1,
		"materialTag0": "beamng",
		"order_simset": 0,
		"version": 1.5
	},
	"material_32_banana_split_temp12_on": {
		"name": "material_32_banana_split_temp12_on",
		"class": "Material",
		"mapTo": "material_32_banana_split_temp12_on",
		"Stages": [
			{
				"normalMap": "camso_t_taillightreflector_05_normal.dds",
				"diffuseColor": [ 0.996078, 0.419608, 0, 1 ],
				"roughnessFactor": 0,
				"metallicFactor": 0,
				"opacityFactor": 1,
				"emissiveFactor": [ 0.99738, 0.670177, 0.33903 ],
				"glow": true,
				"useAnisotropic": true
			},
			{
			},
			{
			},
			{
			}
		],
		"alphaRef": 1,
		"alphaTest": true,
		"translucent": true,
		"translucentBlendOp": "PreMulAlpha",
		"translucentZWrite": false,
		"castShadows": false,
		"translucentRecvShadows": true,
		"dynamicCubemap": true,
		"activeLayers": 1,
		"materialTag0": "beamng",
		"order_simset": 0,
		"version": 1.5
	},
	"material_32_banana_split_temp12_onIntense": {
		"name": "material_32_banana_split_temp12_onIntense",
		"class": "Material",
		"mapTo": "material_32_banana_split_temp12_onIntense",
		"Stages": [
			{
				"normalMap": "camso_t_taillightreflector_05_normal.dds",
				"diffuseColor": [ 0.996078, 0.419608, 0, 1 ],
				"roughnessFactor": 0,
				"metallicFactor": 0,
				"opacityFactor": 1,
				"emissiveFactor": [ 1, 0.671937, 0.339921 ],
				"glow": true,
				"useAnisotropic": true
			},
			{
			},
			{
			},
			{
			}
		],
		"alphaRef": 1,
		"alphaTest": true,
		"translucent": true,
		"translucentBlendOp": "PreMulAlpha",
		"translucentZWrite": false,
		"castShadows": false,
		"translucentRecvShadows": true,
		"dynamicCubemap": true,
		"activeLayers": 1,
		"materialTag0": "beamng",
		"order_simset": 0,
		"version": 1.5
	},
	"material_33_banana_split_temp12": {
		"name": "material_33_banana_split_temp12",
		"class": "Material",
		"mapTo": "material_33_banana_split_temp12",
		"Stages": [
			{
				"normalMap": "camso_t_taillightreflector_05_normal.dds",
				"diffuseColor": [ 0.996078, 0.419608, 0, 1 ],
				"roughnessFactor": 0,
				"metallicFactor": 0,
				"opacityFactor": 1,
				"useAnisotropic": true
			},
			{
			},
			{
			},
			{
			}
		],
		"alphaRef": 1,
		"alphaTest": true,
		"translucent": true,
		"translucentBlendOp": "PreMulAlpha",
		"translucentZWrite": false,
		"castShadows": false,
		"translucentRecvShadows": true,
		"dynamicCubemap": true,
		"activeLayers": 1,
		"materialTag0": "beamng",
		"order_simset": 0,
		"version": 1.5
	},
	"material_33_banana_split_temp12_off": {
		"name": "material_33_banana_split_temp12_off",
		"class": "Material",
		"mapTo": "material_33_banana_split_temp12_off",
		"Stages": [
			{
				"normalMap": "camso_t_taillightreflector_05_normal.dds",
				"diffuseColor": [ 0.996078, 0.419608, 0, 1 ],
				"roughnessFactor": 0,
				"metallicFactor": 0,
				"opacityFactor": 1,
				"useAnisotropic": true
			},
			{
			},
			{
			},
			{
			}
		],
		"alphaRef": 1,
		"alphaTest": true,
		"translucent": true,
		"translucentBlendOp": "PreMulAlpha",
		"translucentZWrite": false,
		"castShadows": false,
		"translucentRecvShadows": true,
		"dynamicCubemap": true,
		"activeLayers": 1,
		"materialTag0": "beamng",
		"order_simset": 0,
		"version": 1.5
	},
	"material_33_banana_split_temp12_on": {
		"name": "material_33_banana_split_temp12_on",
		"class": "Material",
		"mapTo": "material_33_banana_split_temp12_on",
		"Stages": [
			{
				"normalMap": "camso_t_taillightreflector_05_normal.dds",
				"diffuseColor": [ 0.996078, 0.419608, 0, 1 ],
				"roughnessFactor": 0,
				"metallicFactor": 0,
				"opacityFactor": 1,
				"emissiveFactor": [ 0.99738, 0.670177, 0.33903 ],
				"glow": true,
				"useAnisotropic": true
			},
			{
			},
			{
			},
			{
			}
		],
		"alphaRef": 1,
		"alphaTest": true,
		"translucent": true,
		"translucentBlendOp": "PreMulAlpha",
		"translucentZWrite": false,
		"castShadows": false,
		"translucentRecvShadows": true,
		"dynamicCubemap": true,
		"activeLayers": 1,
		"materialTag0": "beamng",
		"order_simset": 0,
		"version": 1.5
	},
	"material_33_banana_split_temp12_onIntense": {
		"name": "material_33_banana_split_temp12_onIntense",
		"class": "Material",
		"mapTo": "material_33_banana_split_temp12_onIntense",
		"Stages": [
			{
				"normalMap": "camso_t_taillightreflector_05_normal.dds",
				"diffuseColor": [ 0.996078, 0.419608, 0, 1 ],
				"roughnessFactor": 0,
				"metallicFactor": 0,
				"opacityFactor": 1,
				"emissiveFactor": [ 1, 0.671937, 0.339921 ],
				"glow": true,
				"useAnisotropic": true
			},
			{
			},
			{
			},
			{
			}
		],
		"alphaRef": 1,
		"alphaTest": true,
		"translucent": true,
		"translucentBlendOp": "PreMulAlpha",
		"translucentZWrite": false,
		"castShadows": false,
		"translucentRecvShadows": true,
		"dynamicCubemap": true,
		"activeLayers": 1,
		"materialTag0": "beamng",
		"order_simset": 0,
		"version": 1.5
	},
	"material_34_banana_split_temp12": {
		"name": "material_34_banana_split_temp12",
		"class": "Material",
		"mapTo": "material_34_banana_split_temp12",
		"Stages": [
			{
				"normalMap": "camso_t_blanknormal.dds",
				"diffuseColor": [ 0.913725, 0.490196, 0.14902, 0.8 ],
				"roughnessFactor": 0,
				"metallicFactor": 1,
				"opacityFactor": 0.8,
				"useAnisotropic": true
			},
			{
			},
			{
			},
			{
			}
		],
		"alphaRef": 1,
		"alphaTest": true,
		"translucent": true,
		"translucentBlendOp": "PreMulAlpha",
		"translucentZWrite": false,
		"castShadows": false,
		"translucentRecvShadows": true,
		"dynamicCubemap": true,
		"activeLayers": 1,
		"materialTag0": "beamng",
		"order_simset": 0,
		"version": 1.5
	},
	"material_34_banana_split_temp12_off": {
		"name": "material_34_banana_split_temp12_off",
		"class": "Material",
		"mapTo": "material_34_banana_split_temp12_off",
		"Stages": [
			{
				"normalMap": "camso_t_blanknormal.dds",
				"diffuseColor": [ 0.913725, 0.490196, 0.14902, 0.8 ],
				"roughnessFactor": 0,
				"metallicFactor": 1,
				"opacityFactor": 0.8,
				"useAnisotropic": true
			},
			{
			},
			{
			},
			{
			}
		],
		"alphaRef": 1,
		"alphaTest": true,
		"translucent": true,
		"translucentBlendOp": "PreMulAlpha",
		"translucentZWrite": false,
		"castShadows": false,
		"translucentRecvShadows": true,
		"dynamicCubemap": true,
		"activeLayers": 1,
		"materialTag0": "beamng",
		"order_simset": 0,
		"version": 1.5
	},
	"material_34_banana_split_temp12_on": {
		"name": "material_34_banana_split_temp12_on",
		"class": "Material",
		"mapTo": "material_34_banana_split_temp12_on",
		"Stages": [
			{
				"normalMap": "camso_t_blanknormal.dds",
				"diffuseColor": [ 0.913725, 0.490196, 0.14902, 0.8 ],
				"roughnessFactor": 0,
				"metallicFactor": 1,
				"opacityFactor": 0.8,
				"emissiveFactor": [ 0.986902, 0.745212, 0.422958 ],
				"glow": true,
				"useAnisotropic": true
			},
			{
			},
			{
			},
			{
			}
		],
		"alphaRef": 1,
		"alphaTest": true,
		"translucent": true,
		"translucentBlendOp": "PreMulAlpha",
		"translucentZWrite": false,
		"castShadows": false,
		"translucentRecvShadows": true,
		"dynamicCubemap": true,
		"activeLayers": 1,
		"materialTag0": "beamng",
		"order_simset": 0,
		"version": 1.5
	},
	"material_34_banana_split_temp12_onIntense": {
		"name": "material_34_banana_split_temp12_onIntense",
		"class": "Material",
		"mapTo": "material_34_banana_split_temp12_onIntense",
		"Stages": [
			{
				"normalMap": "camso_t_blanknormal.dds",
				"diffuseColor": [ 0.913725, 0.490196, 0.14902, 0.8 ],
				"roughnessFactor": 0,
				"metallicFactor": 1,
				"opacityFactor": 0.8,
				"emissiveFactor": [ 1, 0.755102, 0.428571 ],
				"glow": true,
				"useAnisotropic": true
			},
			{
			},
			{
			},
			{
			}
		],
		"alphaRef": 1,
		"alphaTest": true,
		"translucent": true,
		"translucentBlendOp": "PreMulAlpha",
		"translucentZWrite": false,
		"castShadows": false,
		"translucentRecvShadows": true,
		"dynamicCubemap": true,
		"activeLayers": 1,
		"materialTag0": "beamng",
		"order_simset": 0,
		"version": 1.5
	},
	"material_35_banana_split_temp12": {
		"name": "material_35_banana_split_temp12",
		"class": "Material",
		"mapTo": "material_35_banana_split_temp12",
		"Stages": [
			{
				"normalMap": "camso_col_0xff8080ff.dds",
				"clearCoatFactor": 1,
				"clearCoatRoughnessFactor": 0,
				"diffuseColor": [ 0.847059, 0.0941176, 0, 1 ],
				"roughnessFactor": 0.263333,
				"metallicFactor": 0.752381
			},
			{
			},
			{
			},
			{
			}
		],
		"alphaRef": 1,
		"alphaTest": true,
		"translucent": false,
		"translucentBlendOp": "None",
		"doubleSided": true,
		"invertBackFaceNormals": true,
		"dynamicCubemap": true,
		"activeLayers": 1,
		"materialTag0": "beamng",
		"order_simset": 0,
		"version": 1.5
	},
	"material_36_banana_split_temp12": {
		"name": "material_36_banana_split_temp12",
		"class": "Material",
		"mapTo": "material_36_banana_split_temp12",
		"Stages": [
			{
				"normalMap": "camso_t_taillightreflector_03_normal.dds",
				"diffuseColor": [ 1, 1, 1, 1 ],
				"roughnessFactor": 0.02,
				"metallicFactor": 1,
				"useAnisotropic": true
			},
			{
			},
			{
			},
			{
			}
		],
		"alphaRef": 1,
		"alphaTest": true,
		"translucent": false,
		"translucentBlendOp": "None",
		"doubleSided": true,
		"invertBackFaceNormals": true,
		"dynamicCubemap": true,
		"activeLayers": 1,
		"materialTag0": "beamng",
		"order_simset": 0,
		"version": 1.5
	},
	"material_36_banana_split_temp12_off": {
		"name": "material_36_banana_split_temp12_off",
		"class": "Material",
		"mapTo": "material_36_banana_split_temp12_off",
		"Stages": [
			{
				"normalMap": "camso_t_taillightreflector_03_normal.dds",
				"diffuseColor": [ 1, 1, 1, 1 ],
				"roughnessFactor": 0.02,
				"metallicFactor": 1,
				"useAnisotropic": true
			},
			{
			},
			{
			},
			{
			}
		],
		"alphaRef": 1,
		"alphaTest": true,
		"translucent": false,
		"translucentBlendOp": "None",
		"doubleSided": true,
		"invertBackFaceNormals": true,
		"dynamicCubemap": true,
		"activeLayers": 1,
		"materialTag0": "beamng",
		"order_simset": 0,
		"version": 1.5
	},
	"material_36_banana_split_temp12_on": {
		"name": "material_36_banana_split_temp12_on",
		"class": "Material",
		"mapTo": "material_36_banana_split_temp12_on",
		"Stages": [
			{
				"normalMap": "camso_t_taillightreflector_03_normal.dds",
				"diffuseColor": [ 1, 1, 1, 1 ],
				"roughnessFactor": 0.02,
				"metallicFactor": 1,
				"emissiveFactor": [ 1, 1, 1 ],
				"glow": true,
				"useAnisotropic": true
			},
			{
			},
			{
			},
			{
			}
		],
		"alphaRef": 1,
		"alphaTest": true,
		"translucent": false,
		"translucentBlendOp": "None",
		"doubleSided": true,
		"invertBackFaceNormals": true,
		"dynamicCubemap": true,
		"activeLayers": 1,
		"materialTag0": "beamng",
		"order_simset": 0,
		"version": 1.5
	},
	"material_36_banana_split_temp12_onIntense": {
		"name": "material_36_banana_split_temp12_onIntense",
		"class": "Material",
		"mapTo": "material_36_banana_split_temp12_onIntense",
		"Stages": [
			{
				"normalMap": "camso_t_taillightreflector_03_normal.dds",
				"diffuseColor": [ 1, 1, 1, 1 ],
				"roughnessFactor": 0.02,
				"metallicFactor": 1,
				"emissiveFactor": [ 1, 1, 1 ],
				"glow": true,
				"useAnisotropic": true
			},
			{
			},
			{
			},
			{
			}
		],
		"alphaRef": 1,
		"alphaTest": true,
		"translucent": false,
		"translucentBlendOp": "None",
		"doubleSided": true,
		"invertBackFaceNormals": true,
		"dynamicCubemap": true,
		"activeLayers": 1,
		"materialTag0": "beamng",
		"order_simset": 0,
		"version": 1.5
	},
	"material_37_banana_split_temp12": {
		"name": "material_37_banana_split_temp12",
		"class": "Material",
		"mapTo": "material_37_banana_split_temp12",
		"Stages": [
			{
				"normalMap": "camso_t_blanknormal.dds",
				"diffuseColor": [ 0.913725, 0.490196, 0.14902, 0.8 ],
				"roughnessFactor": 0,
				"metallicFactor": 1,
				"opacityFactor": 0.8,
				"useAnisotropic": true
			},
			{
			},
			{
			},
			{
			}
		],
		"alphaRef": 1,
		"alphaTest": true,
		"translucent": true,
		"translucentBlendOp": "PreMulAlpha",
		"translucentZWrite": false,
		"castShadows": false,
		"translucentRecvShadows": true,
		"dynamicCubemap": true,
		"activeLayers": 1,
		"materialTag0": "beamng",
		"order_simset": 0,
		"version": 1.5
	},
	"material_37_banana_split_temp12_off": {
		"name": "material_37_banana_split_temp12_off",
		"class": "Material",
		"mapTo": "material_37_banana_split_temp12_off",
		"Stages": [
			{
				"normalMap": "camso_t_blanknormal.dds",
				"diffuseColor": [ 0.913725, 0.490196, 0.14902, 0.8 ],
				"roughnessFactor": 0,
				"metallicFactor": 1,
				"opacityFactor": 0.8,
				"useAnisotropic": true
			},
			{
			},
			{
			},
			{
			}
		],
		"alphaRef": 1,
		"alphaTest": true,
		"translucent": true,
		"translucentBlendOp": "PreMulAlpha",
		"translucentZWrite": false,
		"castShadows": false,
		"translucentRecvShadows": true,
		"dynamicCubemap": true,
		"activeLayers": 1,
		"materialTag0": "beamng",
		"order_simset": 0,
		"version": 1.5
	},
	"material_37_banana_split_temp12_on": {
		"name": "material_37_banana_split_temp12_on",
		"class": "Material",
		"mapTo": "material_37_banana_split_temp12_on",
		"Stages": [
			{
				"normalMap": "camso_t_blanknormal.dds",
				"diffuseColor": [ 0.913725, 0.490196, 0.14902, 0.8 ],
				"roughnessFactor": 0,
				"metallicFactor": 1,
				"opacityFactor": 0.8,
				"emissiveFactor": [ 0.986902, 0.745212, 0.422958 ],
				"glow": true,
				"useAnisotropic": true
			},
			{
			},
			{
			},
			{
			}
		],
		"alphaRef": 1,
		"alphaTest": true,
		"translucent": true,
		"translucentBlendOp": "PreMulAlpha",
		"translucentZWrite": false,
		"castShadows": false,
		"translucentRecvShadows": true,
		"dynamicCubemap": true,
		"activeLayers": 1,
		"materialTag0": "beamng",
		"order_simset": 0,
		"version": 1.5
	},
	"material_37_banana_split_temp12_onIntense": {
		"name": "material_37_banana_split_temp12_onIntense",
		"class": "Material",
		"mapTo": "material_37_banana_split_temp12_onIntense",
		"Stages": [
			{
				"normalMap": "camso_t_blanknormal.dds",
				"diffuseColor": [ 0.913725, 0.490196, 0.14902, 0.8 ],
				"roughnessFactor": 0,
				"metallicFactor": 1,
				"opacityFactor": 0.8,
				"emissiveFactor": [ 1, 0.755102, 0.428571 ],
				"glow": true,
				"useAnisotropic": true
			},
			{
			},
			{
			},
			{
			}
		],
		"alphaRef": 1,
		"alphaTest": true,
		"translucent": true,
		"translucentBlendOp": "PreMulAlpha",
		"translucentZWrite": false,
		"castShadows": false,
		"translucentRecvShadows": true,
		"dynamicCubemap": true,
		"activeLayers": 1,
		"materialTag0": "beamng",
		"order_simset": 0,
		"version": 1.5
	},
	"material_38_banana_split_efixturetype__eft_wing012": {
		"name": "material_38_banana_split_efixturetype__eft_wing012",
		"class": "Material",
		"mapTo": "material_38_banana_split_efixturetype__eft_wing012",
		"Stages": [
			{
				"normalMap": "camso_t_carbonfiber_twill_n.dds",
				"diffuseColor": [ 0.337255, 0.337255, 0.337255, 1 ],
				"roughnessFactor": 0,
				"metallicFactor": 0,
				"useAnisotropic": true
			},
			{
			},
			{
			},
			{
			}
		],
		"alphaRef": 1,
		"alphaTest": true,
		"translucent": false,
		"translucentBlendOp": "None",
		"doubleSided": true,
		"invertBackFaceNormals": true,
		"dynamicCubemap": true,
		"activeLayers": 1,
		"materialTag0": "beamng",
		"order_simset": 0,
		"version": 1.5
	},
	"material_39_banana_split_efixturetype__eft_wing012": {
		"name": "material_39_banana_split_efixturetype__eft_wing012",
		"class": "Material",
		"mapTo": "material_39_banana_split_efixturetype__eft_wing012",
		"Stages": [
			{
				"normalMap": "camso_col_0xff8080ff.dds",
				"clearCoatFactor": 0.5,
				"clearCoatRoughnessFactor": 0,
				"diffuseColor": [ 0.741176, 0.741176, 0.741176, 1 ],
				"roughnessFactor": 0.279817,
				"metallicFactor": 1
			},
			{
			},
			{
			},
			{
			}
		],
		"alphaRef": 1,
		"alphaTest": true,
		"translucent": false,
		"translucentBlendOp": "None",
		"doubleSided": true,
		"invertBackFaceNormals": true,
		"dynamicCubemap": true,
		"activeLayers": 1,
		"materialTag0": "beamng",
		"order_simset": 0,
		"version": 1.5
	},
	"material_40_banana_split_temp14": {
		"name": "material_40_banana_split_temp14",
		"class": "Material",
		"mapTo": "material_40_banana_split_temp14",
		"Stages": [
			{
				"normalMap": "camso_col_0xff8080ff.dds",
				"diffuseColor": [ 0.603922, 0.603922, 0.623529, 1 ],
				"roughnessFactor": 0.03,
				"metallicFactor": 1
			},
			{
			},
			{
			},
			{
			}
		],
		"alphaRef": 1,
		"alphaTest": true,
		"translucent": false,
		"translucentBlendOp": "None",
		"doubleSided": true,
		"invertBackFaceNormals": true,
		"dynamicCubemap": true,
		"activeLayers": 1,
		"materialTag0": "beamng",
		"order_simset": 0,
		"version": 1.5
	},
	"material_41_banana_split_temp14": {
		"name": "material_41_banana_split_temp14",
		"class": "Material",
		"mapTo": "material_41_banana_split_temp14",
		"Stages": [
			{
				"normalMap": "camso_col_0xff8080ff.dds",
				"clearCoatFactor": 1,
				"clearCoatRoughnessFactor": 1,
				"instanceDiffuse": true,
				"colorPaletteMap": "camso_col_0xffff0000.dds",
				"roughnessFactor": 1,
				"metallicFactor": 1,
				"diffuseColor": [ 1, 1, 1, 1 ]
			},
			{
			},
			{
			},
			{
			}
		],
		"alphaRef": 1,
		"alphaTest": true,
		"translucent": false,
		"translucentBlendOp": "None",
		"doubleSided": true,
		"invertBackFaceNormals": true,
		"dynamicCubemap": true,
		"activeLayers": 1,
		"materialTag0": "beamng",
		"order_simset": 0,
		"version": 1.5
	},
	"material_42_banana_split_temp14": {
		"name": "material_42_banana_split_temp14",
		"class": "Material",
		"mapTo": "material_42_banana_split_temp14",
		"Stages": [
			{
				"normalMap": "camso_t_grille01_n.dds",
				"diffuseColor": [ 0.431373, 0.431373, 0.431373, 0.027451 ],
				"roughnessFactor": 1,
				"metallicFactor": 1,
				"diffuseMap": "camso_t_grille01_h_rbgmask.dds",
				"metallicMap": "camso_t_grille01_h_rbgmask.dds",
				"roughnessMap": "camso_t_grille01_h_i_rbgmask.dds",
				"useAnisotropic": true
			},
			{
			},
			{
			},
			{
			}
		],
		"alphaRef": 1,
		"alphaTest": true,
		"translucent": false,
		"translucentBlendOp": "None",
		"doubleSided": true,
		"invertBackFaceNormals": true,
		"dynamicCubemap": true,
		"activeLayers": 1,
		"materialTag0": "beamng",
		"order_simset": 0,
		"version": 1.5
	},
	"material_43_banana_split_efixturetype__eft_aerial014": {
		"name": "material_43_banana_split_efixturetype__eft_aerial014",
		"class": "Material",
		"mapTo": "material_43_banana_split_efixturetype__eft_aerial014",
		"Stages": [
			{
				"normalMap": "camso_col_0xff8080ff.dds",
				"diffuseColor": [ 0.0588235, 0.0588235, 0.0588235, 1 ],
				"roughnessFactor": 0.8,
				"metallicFactor": 0
			},
			{
			},
			{
			},
			{
			}
		],
		"alphaRef": 1,
		"alphaTest": true,
		"translucent": false,
		"translucentBlendOp": "None",
		"doubleSided": true,
		"invertBackFaceNormals": true,
		"dynamicCubemap": true,
		"activeLayers": 1,
		"materialTag0": "beamng",
		"order_simset": 0,
		"version": 1.5
	},
	"material_44_banana_split_temp15": {
		"name": "material_44_banana_split_temp15",
		"class": "Material",
		"mapTo": "material_44_banana_split_temp15",
		"Stages": [
			{
				"normalMap": "camso_col_0xff8080ff.dds",
				"diffuseColor": [ 0.247059, 0.247059, 0.247059, 1 ],
				"roughnessFactor": 0.3,
				"metallicFactor": 0
			},
			{
			},
			{
			},
			{
			}
		],
		"alphaRef": 1,
		"alphaTest": true,
		"translucent": false,
		"translucentBlendOp": "None",
		"doubleSided": true,
		"invertBackFaceNormals": true,
		"dynamicCubemap": true,
		"activeLayers": 1,
		"materialTag0": "beamng",
		"order_simset": 0,
		"version": 1.5
	},
	"material_45_banana_split_v90_ohv_2_mid_c_2147225945_sectionmesh_inl_ohv_2_head_mid15": {
		"name": "material_45_banana_split_v90_ohv_2_mid_c_2147225945_sectionmesh_inl_ohv_2_head_mid15",
		"class": "Material",
		"mapTo": "material_45_banana_split_v90_ohv_2_mid_c_2147225945_sectionmesh_inl_ohv_2_head_mid15",
		"Stages": [
			{
				"normalMap": "camso_pittedironnormal.dds",
				"diffuseColor": [ 0.517647, 0.521569, 0.513725, 1 ],
				"roughnessFactor": 0.9,
				"metallicFactor": 0.2,
				"useAnisotropic": true
			},
			{
			},
			{
			},
			{
			}
		],
		"alphaRef": 1,
		"alphaTest": true,
		"translucent": false,
		"translucentBlendOp": "None",
		"doubleSided": true,
		"invertBackFaceNormals": true,
		"dynamicCubemap": true,
		"activeLayers": 1,
		"materialTag0": "beamng",
		"order_simset": 0,
		"version": 1.5
	},
	"material_46_banana_split_v90_ohv_2_mid_c_2147225945_sectionmesh_inl_ohv_2_head_mid15": {
		"name": "material_46_banana_split_v90_ohv_2_mid_c_2147225945_sectionmesh_inl_ohv_2_head_mid15",
		"class": "Material",
		"mapTo": "material_46_banana_split_v90_ohv_2_mid_c_2147225945_sectionmesh_inl_ohv_2_head_mid15",
		"Stages": [
			{
				"normalMap": "camso_headfacingnormal.dds",
				"diffuseColor": [ 1, 1, 1, 1 ],
				"roughnessFactor": 0,
				"metallicFactor": 0,
				"useAnisotropic": true
			},
			{
			},
			{
			},
			{
			}
		],
		"alphaRef": 1,
		"alphaTest": true,
		"translucent": false,
		"translucentBlendOp": "None",
		"doubleSided": true,
		"invertBackFaceNormals": true,
		"dynamicCubemap": true,
		"activeLayers": 1,
		"materialTag0": "beamng",
		"order_simset": 0,
		"version": 1.5
	},
	"material_47_banana_split_v90_ohv_2_mid_c_2147225945_sectionmesh_inl_ohv_2_head_mid15": {
		"name": "material_47_banana_split_v90_ohv_2_mid_c_2147225945_sectionmesh_inl_ohv_2_head_mid15",
		"class": "Material",
		"mapTo": "material_47_banana_split_v90_ohv_2_mid_c_2147225945_sectionmesh_inl_ohv_2_head_mid15",
		"Stages": [
			{
				"normalMap": "camso_col_0xff8080ff.dds",
				"diffuseColor": [ 0.737255, 0.737255, 0.737255, 1 ],
				"roughnessFactor": 0.25,
				"metallicFactor": 1
			},
			{
			},
			{
			},
			{
			}
		],
		"alphaRef": 1,
		"alphaTest": true,
		"translucent": false,
		"translucentBlendOp": "None",
		"doubleSided": true,
		"invertBackFaceNormals": true,
		"dynamicCubemap": true,
		"activeLayers": 1,
		"materialTag0": "beamng",
		"order_simset": 0,
		"version": 1.5
	},
	"material_48_banana_split_v90_ohv_2_mid_c_2147225945_sectionmesh_inl_ohv_2_head_mid15": {
		"name": "material_48_banana_split_v90_ohv_2_mid_c_2147225945_sectionmesh_inl_ohv_2_head_mid15",
		"class": "Material",
		"mapTo": "material_48_banana_split_v90_ohv_2_mid_c_2147225945_sectionmesh_inl_ohv_2_head_mid15",
		"Stages": [
			{
				"normalMap": "camso_col_0xff8080ff.dds",
				"diffuseMap": "camso_threadtester.dds",
				"diffuseColor": [ 0.792157, 0.752941, 0.635294, 1 ],
				"roughnessFactor": 0.4,
				"metallicFactor": 1,
				"useAnisotropic": true
			},
			{
			},
			{
			},
			{
			}
		],
		"alphaRef": 1,
		"alphaTest": true,
		"translucent": false,
		"translucentBlendOp": "None",
		"doubleSided": true,
		"invertBackFaceNormals": true,
		"dynamicCubemap": true,
		"activeLayers": 1,
		"materialTag0": "beamng",
		"order_simset": 0,
		"version": 1.5
	},
	"material_49_banana_split_v90_ohv_2_mid_c_2147225945_sectionmesh_inl_ohv_2_head_mid15": {
		"name": "material_49_banana_split_v90_ohv_2_mid_c_2147225945_sectionmesh_inl_ohv_2_head_mid15",
		"class": "Material",
		"mapTo": "material_49_banana_split_v90_ohv_2_mid_c_2147225945_sectionmesh_inl_ohv_2_head_mid15",
		"Stages": [
			{
				"normalMap": "camso_col_0xff8080ff.dds",
				"diffuseColor": [ 0.94902, 0.854902, 0.639216, 1 ],
				"roughnessFactor": 0.2,
				"metallicFactor": 1
			},
			{
			},
			{
			},
			{
			}
		],
		"alphaRef": 1,
		"alphaTest": true,
		"translucent": false,
		"translucentBlendOp": "None",
		"doubleSided": true,
		"invertBackFaceNormals": true,
		"dynamicCubemap": true,
		"activeLayers": 1,
		"materialTag0": "beamng",
		"order_simset": 0,
		"version": 1.5
	},
	"material_50_banana_split_v90_ohv_2_mid_c_2147225945_sohc_camshaftsection_sohc_camshaftsection16": {
		"name": "material_50_banana_split_v90_ohv_2_mid_c_2147225945_sohc_camshaftsection_sohc_camshaftsection16",
		"class": "Material",
		"mapTo": "material_50_banana_split_v90_ohv_2_mid_c_2147225945_sohc_camshaftsection_sohc_camshaftsection16",
		"Stages": [
			{
				"normalMap": "camso_pittedironnormal.dds",
				"diffuseColor": [ 0.517647, 0.521569, 0.513725, 1 ],
				"roughnessFactor": 0.9,
				"metallicFactor": 0.2,
				"useAnisotropic": true
			},
			{
			},
			{
			},
			{
			}
		],
		"alphaRef": 1,
		"alphaTest": true,
		"translucent": false,
		"translucentBlendOp": "None",
		"doubleSided": true,
		"invertBackFaceNormals": true,
		"dynamicCubemap": true,
		"activeLayers": 1,
		"materialTag0": "beamng",
		"order_simset": 0,
		"version": 1.5
	},
	"material_51_banana_split_inl_ohv_2_rockercover_2_mid_c_2147225940_staticmesh_inl_ohv_2_rockercover_2_mid17": {
		"name": "material_51_banana_split_inl_ohv_2_rockercover_2_mid_c_2147225940_staticmesh_inl_ohv_2_rockercover_2_mid17",
		"class": "Material",
		"mapTo": "material_51_banana_split_inl_ohv_2_rockercover_2_mid_c_2147225940_staticmesh_inl_ohv_2_rockercover_2_mid17",
		"Stages": [
			{
				"normalMap": "camso_col_0xff8080ff.dds",
				"clearCoatFactor": 1,
				"clearCoatRoughnessFactor": 0,
				"diffuseColor": [ 1, 0, 0.760784, 1 ],
				"roughnessFactor": 0.35,
				"metallicFactor": 1
			},
			{
			},
			{
			},
			{
			}
		],
		"alphaRef": 1,
		"alphaTest": true,
		"translucent": false,
		"translucentBlendOp": "None",
		"doubleSided": true,
		"invertBackFaceNormals": true,
		"dynamicCubemap": true,
		"activeLayers": 1,
		"materialTag0": "beamng",
		"order_simset": 0,
		"version": 1.5
	},
	"material_52_banana_split_inl_ohv_2_rockercover_2_mid_c_2147225940_staticmesh_inl_ohv_2_rockercover_2_mid17": {
		"name": "material_52_banana_split_inl_ohv_2_rockercover_2_mid_c_2147225940_staticmesh_inl_ohv_2_rockercover_2_mid17",
		"class": "Material",
		"mapTo": "material_52_banana_split_inl_ohv_2_rockercover_2_mid_c_2147225940_staticmesh_inl_ohv_2_rockercover_2_mid17",
		"Stages": [
			{
				"normalMap": "camso_col_0xff8080ff.dds",
				"clearCoatFactor": 1,
				"clearCoatRoughnessFactor": 0,
				"diffuseColor": [ 0.964706, 0, 1, 1 ],
				"roughnessFactor": 0.263333,
				"metallicFactor": 0.752381
			},
			{
			},
			{
			},
			{
			}
		],
		"alphaRef": 1,
		"alphaTest": true,
		"translucent": false,
		"translucentBlendOp": "None",
		"doubleSided": true,
		"invertBackFaceNormals": true,
		"dynamicCubemap": true,
		"activeLayers": 1,
		"materialTag0": "beamng",
		"order_simset": 0,
		"version": 1.5
	},
	"material_53_banana_split_inl_ohv_2_rockercover_2_front_c_2147225938_staticmesh_inl_ohv_2_rockercover_2_front19": {
		"name": "material_53_banana_split_inl_ohv_2_rockercover_2_front_c_2147225938_staticmesh_inl_ohv_2_rockercover_2_front19",
		"class": "Material",
		"mapTo": "material_53_banana_split_inl_ohv_2_rockercover_2_front_c_2147225938_staticmesh_inl_ohv_2_rockercover_2_front19",
		"Stages": [
			{
				"normalMap": "camso_col_0xff8080ff.dds",
				"clearCoatFactor": 1,
				"clearCoatRoughnessFactor": 0,
				"diffuseColor": [ 1, 0.866667, 0, 1 ],
				"roughnessFactor": 0.263333,
				"metallicFactor": 0.752381
			},
			{
			},
			{
			},
			{
			}
		],
		"alphaRef": 1,
		"alphaTest": true,
		"translucent": false,
		"translucentBlendOp": "None",
		"doubleSided": true,
		"invertBackFaceNormals": true,
		"dynamicCubemap": true,
		"activeLayers": 1,
		"materialTag0": "beamng",
		"order_simset": 0,
		"version": 1.5
	},
	"material_54_banana_split_v90_ohv_intake_adapter_c_2147225887_mesh_v90_ohv_intake_adapter49": {
		"name": "material_54_banana_split_v90_ohv_intake_adapter_c_2147225887_mesh_v90_ohv_intake_adapter49",
		"class": "Material",
		"mapTo": "material_54_banana_split_v90_ohv_intake_adapter_c_2147225887_mesh_v90_ohv_intake_adapter49",
		"Stages": [
			{
				"normalMap": "camso_col_0xff8080ff.dds",
				"diffuseColor": [ 0.913725, 0.984314, 1, 1 ],
				"roughnessFactor": 0.19,
				"metallicFactor": 1
			},
			{
			},
			{
			},
			{
			}
		],
		"alphaRef": 1,
		"alphaTest": true,
		"translucent": false,
		"translucentBlendOp": "None",
		"doubleSided": true,
		"invertBackFaceNormals": true,
		"dynamicCubemap": true,
		"activeLayers": 1,
		"materialTag0": "beamng",
		"order_simset": 0,
		"version": 1.5
	},
	"material_55_banana_split_v90_ohv_intake_adapter_c_2147225887_mesh_v90_ohv_intake_adapter49": {
		"name": "material_55_banana_split_v90_ohv_intake_adapter_c_2147225887_mesh_v90_ohv_intake_adapter49",
		"class": "Material",
		"mapTo": "material_55_banana_split_v90_ohv_intake_adapter_c_2147225887_mesh_v90_ohv_intake_adapter49",
		"Stages": [
			{
				"normalMap": "camso_pittedironnormal.dds",
				"diffuseColor": [ 0.517647, 0.521569, 0.513725, 1 ],
				"roughnessFactor": 0.9,
				"metallicFactor": 0.2,
				"useAnisotropic": true
			},
			{
			},
			{
			},
			{
			}
		],
		"alphaRef": 1,
		"alphaTest": true,
		"translucent": false,
		"translucentBlendOp": "None",
		"doubleSided": true,
		"invertBackFaceNormals": true,
		"dynamicCubemap": true,
		"activeLayers": 1,
		"materialTag0": "beamng",
		"order_simset": 0,
		"version": 1.5
	},
	"material_56_banana_split_v90_intakemanifold_mpfi_2_race_front_c_2147358525_staticmesh_v90_intakemanifold_mpfi_2_race_front59": {
		"name": "material_56_banana_split_v90_intakemanifold_mpfi_2_race_front_c_2147358525_staticmesh_v90_intakemanifold_mpfi_2_race_front59",
		"class": "Material",
		"mapTo": "material_56_banana_split_v90_intakemanifold_mpfi_2_race_front_c_2147358525_staticmesh_v90_intakemanifold_mpfi_2_race_front59",
		"Stages": [
			{
				"normalMap": "camso_pittedironnormal.dds",
				"diffuseColor": [ 0.992157, 1, 0, 1 ],
				"roughnessFactor": 0.3,
				"metallicFactor": 0,
				"useAnisotropic": true
			},
			{
			},
			{
			},
			{
			}
		],
		"alphaRef": 1,
		"alphaTest": true,
		"translucent": false,
		"translucentBlendOp": "None",
		"doubleSided": true,
		"invertBackFaceNormals": true,
		"dynamicCubemap": true,
		"activeLayers": 1,
		"materialTag0": "beamng",
		"order_simset": 0,
		"version": 1.5
	},
	"material_57_banana_split_v90_intakemanifold_mpfi_2_race_rear_c_2147358522_v90_mpfi_injectorplate_rear_v90_mpfi_injectorplate_rear66": {
		"name": "material_57_banana_split_v90_intakemanifold_mpfi_2_race_rear_c_2147358522_v90_mpfi_injectorplate_rear_v90_mpfi_injectorplate_rear66",
		"class": "Material",
		"mapTo": "material_57_banana_split_v90_intakemanifold_mpfi_2_race_rear_c_2147358522_v90_mpfi_injectorplate_rear_v90_mpfi_injectorplate_rear66",
		"Stages": [
			{
				"normalMap": "camso_col_0xff8080ff.dds",
				"diffuseColor": [ 0.74902, 0, 0, 1 ],
				"roughnessFactor": 0,
				"metallicFactor": 0
			},
			{
			},
			{
			},
			{
			}
		],
		"alphaRef": 1,
		"alphaTest": true,
		"translucent": false,
		"translucentBlendOp": "None",
		"doubleSided": true,
		"invertBackFaceNormals": true,
		"dynamicCubemap": true,
		"activeLayers": 1,
		"materialTag0": "beamng",
		"order_simset": 0,
		"version": 1.5
	},
	"material_58_banana_split_fuelsystem_mpfi_single_c_2147358521_staticmesh_fuelsystem_mpfi_single67": {
		"name": "material_58_banana_split_fuelsystem_mpfi_single_c_2147358521_staticmesh_fuelsystem_mpfi_single67",
		"class": "Material",
		"mapTo": "material_58_banana_split_fuelsystem_mpfi_single_c_2147358521_staticmesh_fuelsystem_mpfi_single67",
		"Stages": [
			{
				"normalMap": "camso_col_0xff8080ff.dds",
				"diffuseColor": [ 0.866667, 0.878431, 0.905882, 1 ],
				"roughnessFactor": 0.9,
				"metallicFactor": 0.4
			},
			{
			},
			{
			},
			{
			}
		],
		"alphaRef": 1,
		"alphaTest": true,
		"translucent": false,
		"translucentBlendOp": "None",
		"doubleSided": true,
		"invertBackFaceNormals": true,
		"dynamicCubemap": true,
		"activeLayers": 1,
		"materialTag0": "beamng",
		"order_simset": 0,
		"version": 1.5
	},
	"material_59_banana_split_v90_ohv_2_belt_c_2147225649_v6_alternator_v_alternator_modern70": {
		"name": "material_59_banana_split_v90_ohv_2_belt_c_2147225649_v6_alternator_v_alternator_modern70",
		"class": "Material",
		"mapTo": "material_59_banana_split_v90_ohv_2_belt_c_2147225649_v6_alternator_v_alternator_modern70",
		"Stages": [
			{
				"normalMap": "camso_alternator_modern_low_m_alternator_modern_normal.dds",
				"diffuseColor": [ 1, 1, 1, 1 ],
				"roughnessFactor": 0,
				"metallicFactor": 0,
				"useAnisotropic": true
			},
			{
			},
			{
			},
			{
			}
		],
		"alphaRef": 1,
		"alphaTest": true,
		"translucent": false,
		"translucentBlendOp": "None",
		"doubleSided": true,
		"invertBackFaceNormals": true,
		"dynamicCubemap": true,
		"activeLayers": 1,
		"materialTag0": "beamng",
		"order_simset": 0,
		"version": 1.5
	},
	"material_60_banana_split_childactor_gen_variable_v_pulley_ohvcam_c_cat_2147225645_pulley_component_ohv_camtiminggear74": {
		"name": "material_60_banana_split_childactor_gen_variable_v_pulley_ohvcam_c_cat_2147225645_pulley_component_ohv_camtiminggear74",
		"class": "Material",
		"mapTo": "material_60_banana_split_childactor_gen_variable_v_pulley_ohvcam_c_cat_2147225645_pulley_component_ohv_camtiminggear74",
		"Stages": [
			{
				"normalMap": "camso_col_0xff8080ff.dds",
				"diffuseColor": [ 0.6, 0.6, 0.6, 1 ],
				"roughnessFactor": 0.3,
				"metallicFactor": 1
			},
			{
			},
			{
			},
			{
			}
		],
		"alphaRef": 1,
		"alphaTest": true,
		"translucent": false,
		"translucentBlendOp": "None",
		"doubleSided": true,
		"invertBackFaceNormals": true,
		"dynamicCubemap": true,
		"activeLayers": 1,
		"materialTag0": "beamng",
		"order_simset": 0,
		"version": 1.5
	},
	"material_61_banana_split_v90_ohv_timingchain1_gen_variable_v90_ohv_timingchain_c_cat_2147225646_biglinkcomponent_timingchain_biglink75": {
		"name": "material_61_banana_split_v90_ohv_timingchain1_gen_variable_v90_ohv_timingchain_c_cat_2147225646_biglinkcomponent_timingchain_biglink75",
		"class": "Material",
		"mapTo": "material_61_banana_split_v90_ohv_timingchain1_gen_variable_v90_ohv_timingchain_c_cat_2147225646_biglinkcomponent_timingchain_biglink75",
		"Stages": [
			{
				"normalMap": "camso_col_0xff8080ff.dds",
				"diffuseColor": [ 1, 1, 1, 1 ],
				"diffuseMap": "camso_timingchainlink.dds",
				"roughnessFactor": 0,
				"metallicFactor": 1,
				"useAnisotropic": true
			},
			{
			},
			{
			},
			{
			}
		],
		"alphaRef": 1,
		"alphaTest": true,
		"translucent": false,
		"translucentBlendOp": "None",
		"doubleSided": true,
		"invertBackFaceNormals": true,
		"dynamicCubemap": true,
		"activeLayers": 1,
		"materialTag0": "beamng",
		"order_simset": 0,
		"version": 1.5
	},
	"material_62_banana_split_v90_ohv_2_belt_c_2147225649_alt_bracket_v90_modern_alt_bracket_v90_modern77": {
		"name": "material_62_banana_split_v90_ohv_2_belt_c_2147225649_alt_bracket_v90_modern_alt_bracket_v90_modern77",
		"class": "Material",
		"mapTo": "material_62_banana_split_v90_ohv_2_belt_c_2147225649_alt_bracket_v90_modern_alt_bracket_v90_modern77",
		"Stages": [
			{
				"normalMap": "camso_brackets_low_m_alternator_normal.dds",
				"diffuseColor": [ 1, 1, 1, 1 ],
				"roughnessFactor": 0,
				"metallicFactor": 0,
				"useAnisotropic": true
			},
			{
			},
			{
			},
			{
			}
		],
		"alphaRef": 1,
		"alphaTest": true,
		"translucent": false,
		"translucentBlendOp": "None",
		"doubleSided": true,
		"invertBackFaceNormals": true,
		"dynamicCubemap": true,
		"activeLayers": 1,
		"materialTag0": "beamng",
		"order_simset": 0,
		"version": 1.5
	},
	"material_63_banana_split_v90_v8_headers_turbo_shortcast_l_c_2147225625_staticmesh_v90_v8_headers_turbo_shortcast_l78": {
		"name": "material_63_banana_split_v90_v8_headers_turbo_shortcast_l_c_2147225625_staticmesh_v90_v8_headers_turbo_shortcast_l78",
		"class": "Material",
		"mapTo": "material_63_banana_split_v90_v8_headers_turbo_shortcast_l_c_2147225625_staticmesh_v90_v8_headers_turbo_shortcast_l78",
		"Stages": [
			{
				"normalMap": "camso_pittedironnormal.dds",
				"diffuseColor": [ 0.439216, 0.4, 0.392157, 1 ],
				"roughnessFactor": 0.9,
				"metallicFactor": 0.2,
				"useAnisotropic": true
			},
			{
			},
			{
			},
			{
			}
		],
		"alphaRef": 1,
		"alphaTest": true,
		"translucent": false,
		"translucentBlendOp": "None",
		"doubleSided": true,
		"invertBackFaceNormals": true,
		"dynamicCubemap": true,
		"activeLayers": 1,
		"materialTag0": "beamng",
		"order_simset": 0,
		"version": 1.5
	},
	"material_64_banana_split_a_turbo_builder_c_2147358497_node_addstaticmeshcomponent_1_57_turbo_turbinehousing80": {
		"name": "material_64_banana_split_a_turbo_builder_c_2147358497_node_addstaticmeshcomponent_1_57_turbo_turbinehousing80",
		"class": "Material",
		"mapTo": "material_64_banana_split_a_turbo_builder_c_2147358497_node_addstaticmeshcomponent_1_57_turbo_turbinehousing80",
		"Stages": [
			{
				"normalMap": "camso_pittedironnormal.dds",
				"diffuseColor": [ 0.52549, 0.478431, 0.466667, 1 ],
				"roughnessFactor": 0.9,
				"metallicFactor": 0.2,
				"useAnisotropic": true
			},
			{
			},
			{
			},
			{
			}
		],
		"alphaRef": 1,
		"alphaTest": true,
		"translucent": false,
		"translucentBlendOp": "None",
		"doubleSided": true,
		"invertBackFaceNormals": true,
		"dynamicCubemap": true,
		"activeLayers": 1,
		"materialTag0": "beamng",
		"order_simset": 0,
		"version": 1.5
	},
	"material_65_banana_split_a_turbo_builder_c_2147358497_node_addstaticmeshcomponent_1_66_turbo_shaft87": {
		"name": "material_65_banana_split_a_turbo_builder_c_2147358497_node_addstaticmeshcomponent_1_66_turbo_shaft87",
		"class": "Material",
		"mapTo": "material_65_banana_split_a_turbo_builder_c_2147358497_node_addstaticmeshcomponent_1_66_turbo_shaft87",
		"Stages": [
			{
				"normalMap": "camso_col_0xff8080ff.dds",
				"diffuseColor": [ 0.501961, 0.501961, 0.501961, 1 ],
				"roughnessFactor": 0,
				"metallicFactor": 0
			},
			{
			},
			{
			},
			{
			}
		],
		"alphaRef": 1,
		"alphaTest": true,
		"translucent": false,
		"translucentBlendOp": "None",
		"doubleSided": true,
		"invertBackFaceNormals": true,
		"dynamicCubemap": true,
		"activeLayers": 1,
		"materialTag0": "beamng",
		"order_simset": 0,
		"version": 1.5
	},
	"material_66_banana_split_v90_ohv_2valve_leads_c_2147225594_cube_distributor_large103": {
		"name": "material_66_banana_split_v90_ohv_2valve_leads_c_2147225594_cube_distributor_large103",
		"class": "Material",
		"mapTo": "material_66_banana_split_v90_ohv_2valve_leads_c_2147225594_cube_distributor_large103",
		"Stages": [
			{
				"normalMap": "camso_col_0xff8080ff.dds",
				"diffuseColor": [ 0.0588235, 0.0588235, 0.0588235, 1 ],
				"roughnessFactor": 0.8,
				"metallicFactor": 0
			},
			{
			},
			{
			},
			{
			}
		],
		"alphaRef": 1,
		"alphaTest": true,
		"translucent": false,
		"translucentBlendOp": "None",
		"doubleSided": true,
		"invertBackFaceNormals": true,
		"dynamicCubemap": true,
		"activeLayers": 1,
		"materialTag0": "beamng",
		"order_simset": 0,
		"version": 1.5
	},
	"material_67_banana_split_ignitionleadplugstraight_c_2147225202_staticmesh_ignitionleadplugstraight112": {
		"name": "material_67_banana_split_ignitionleadplugstraight_c_2147225202_staticmesh_ignitionleadplugstraight112",
		"class": "Material",
		"mapTo": "material_67_banana_split_ignitionleadplugstraight_c_2147225202_staticmesh_ignitionleadplugstraight112",
		"Stages": [
			{
				"normalMap": "camso_t_noise_desk_normal.dds",
				"diffuseMap": "camso_t_graphmachinescreen.dds",
				"diffuseColor": [ 0.0627451, 0.0627451, 0.0627451, 1 ],
				"roughnessFactor": 0.281651,
				"metallicFactor": 0,
				"useAnisotropic": true
			},
			{
			},
			{
			},
			{
			}
		],
		"alphaRef": 1,
		"alphaTest": true,
		"translucent": false,
		"translucentBlendOp": "None",
		"doubleSided": true,
		"invertBackFaceNormals": true,
		"dynamicCubemap": true,
		"activeLayers": 1,
		"materialTag0": "beamng",
		"order_simset": 0,
		"version": 1.5
	},
	"material_68_banana_split_v90_block_ohv_mid_actor_c_2147225179_sectionmesh_v90_block_middle_ohv183": {
		"name": "material_68_banana_split_v90_block_ohv_mid_actor_c_2147225179_sectionmesh_v90_block_middle_ohv183",
		"class": "Material",
		"mapTo": "material_68_banana_split_v90_block_ohv_mid_actor_c_2147225179_sectionmesh_v90_block_middle_ohv183",
		"Stages": [
			{
				"normalMap": "camso_col_0xff8080ff.dds",
				"diffuseColor": [ 1, 1, 1, 1 ],
				"roughnessFactor": 0,
				"metallicFactor": 0
			},
			{
			},
			{
			},
			{
			}
		],
		"alphaRef": 1,
		"alphaTest": true,
		"translucent": false,
		"translucentBlendOp": "None",
		"doubleSided": true,
		"invertBackFaceNormals": true,
		"dynamicCubemap": true,
		"activeLayers": 1,
		"materialTag0": "beamng",
		"order_simset": 0,
		"version": 1.5
	},
	"material_69_banana_split_v90_block_ohv_mid_actor_c_2147225179_sectionmesh_v90_block_middle_ohv183": {
		"name": "material_69_banana_split_v90_block_ohv_mid_actor_c_2147225179_sectionmesh_v90_block_middle_ohv183",
		"class": "Material",
		"mapTo": "material_69_banana_split_v90_block_ohv_mid_actor_c_2147225179_sectionmesh_v90_block_middle_ohv183",
		"Stages": [
			{
				"normalMap": "camso_engineblocktophole_01_normal.dds",
				"diffuseColor": [ 0.737255, 0.737255, 0.737255, 1 ],
				"roughnessFactor": 0.25,
				"metallicFactor": 1,
				"useAnisotropic": true
			},
			{
			},
			{
			},
			{
			}
		],
		"alphaRef": 1,
		"alphaTest": true,
		"translucent": false,
		"translucentBlendOp": "None",
		"doubleSided": true,
		"invertBackFaceNormals": true,
		"dynamicCubemap": true,
		"activeLayers": 1,
		"materialTag0": "beamng",
		"order_simset": 0,
		"version": 1.5
	},
	"material_70_banana_split_inl_flying_wheel_01_actor_gen_variable_inl_flying_wheel_01_actor_c_cat_2147225173_inl_flying_wheel_01_mesh_inl_flying_wheel_01189": {
		"name": "material_70_banana_split_inl_flying_wheel_01_actor_gen_variable_inl_flying_wheel_01_actor_c_cat_2147225173_inl_flying_wheel_01_mesh_inl_flying_wheel_01189",
		"class": "Material",
		"mapTo": "material_70_banana_split_inl_flying_wheel_01_actor_gen_variable_inl_flying_wheel_01_actor_c_cat_2147225173_inl_flying_wheel_01_mesh_inl_flying_wheel_01189",
		"Stages": [
			{
				"normalMap": "camso_col_0xff8080ff.dds",
				"diffuseColor": [ 0.737255, 0.737255, 0.737255, 1 ],
				"roughnessFactor": 0.25,
				"metallicFactor": 1
			},
			{
			},
			{
			},
			{
			}
		],
		"alphaRef": 1,
		"alphaTest": true,
		"translucent": false,
		"translucentBlendOp": "None",
		"doubleSided": true,
		"invertBackFaceNormals": true,
		"dynamicCubemap": true,
		"activeLayers": 1,
		"materialTag0": "beamng",
		"order_simset": 0,
		"version": 1.5
	},
	"material_71_banana_split_mainexhaustmesh195": {
		"name": "material_71_banana_split_mainexhaustmesh195",
		"class": "Material",
		"mapTo": "material_71_banana_split_mainexhaustmesh195",
		"Stages": [
			{
				"normalMap": "camso_col_0xff8080ff.dds",
				"diffuseColor": [ 1, 1, 1, 1 ],
				"roughnessFactor": 0,
				"metallicFactor": 1
			},
			{
			},
			{
			},
			{
			}
		],
		"alphaRef": 1,
		"alphaTest": true,
		"translucent": false,
		"translucentBlendOp": "None",
		"doubleSided": true,
		"invertBackFaceNormals": true,
		"dynamicCubemap": true,
		"activeLayers": 1,
		"materialTag0": "beamng",
		"order_simset": 0,
		"version": 1.5
	}
}
