{
	"material_0_russ__bomber_russ__bomber_body0": {
		"name": "material_0_russ__bomber_russ__bomber_body0",
		"class": "Material",
		"mapTo": "material_0_russ__bomber_russ__bomber_body0",
		"Stages": [
			{
				"normalMap": "camso_col_0xff8080ff.dds",
				"clearCoatFactor": 1,
				"clearCoatRoughnessFactor": 1,
				"opacityMap": "rb2_stamp0.dds",
				"opacityMapUseUV": 1,
				"instanceDiffuse": true,
				"colorPaletteMap": "camso_col_0xffff0000.dds",
				"roughnessFactor": 1,
				"metallicFactor": 1,
				"diffuseColor": [ 1, 1, 1, 1 ],
				"useAnisotropic": true
			},
			{
			},
			{
			},
			{
			}
		],
		"alphaRef": 1,
		"alphaTest": true,
		"translucent": false,
		"translucentBlendOp": "None",
		"doubleSided": true,
		"invertBackFaceNormals": true,
		"dynamicCubemap": true,
		"activeLayers": 1,
		"materialTag0": "beamng",
		"order_simset": 0,
		"version": 1.5
	},
	"material_1_russ__bomber_russ__bomber_body0": {
		"name": "material_1_russ__bomber_russ__bomber_body0",
		"class": "Material",
		"mapTo": "material_1_russ__bomber_russ__bomber_body0",
		"Stages": [
			{
				"normalMap": "camso_col_0xff8080ff.dds",
				"opacityMap": "rb2_stamp0.dds",
				"opacityMapUseUV": 1,
				"diffuseColor": [ 0.0627451, 0.0627451, 0.0627451, 1 ],
				"roughnessFactor": 0,
				"metallicFactor": 0,
				"useAnisotropic": true
			},
			{
			},
			{
			},
			{
			}
		],
		"alphaRef": 1,
		"alphaTest": true,
		"translucent": false,
		"translucentBlendOp": "None",
		"doubleSided": true,
		"invertBackFaceNormals": true,
		"dynamicCubemap": true,
		"activeLayers": 1,
		"materialTag0": "beamng",
		"order_simset": 0,
		"version": 1.5
	},
	"material_2_russ__bomber_russ__bomber_body0": {
		"name": "material_2_russ__bomber_russ__bomber_body0",
		"class": "Material",
		"mapTo": "material_2_russ__bomber_russ__bomber_body0",
		"Stages": [
			{
				"normalMap": "camso_t_carbonfiber_twill_n.dds",
				"opacityMap": "rb2_stamp0.dds",
				"opacityMapUseUV": 1,
				"diffuseColor": [ 0.337255, 0.337255, 0.337255, 1 ],
				"roughnessFactor": 0,
				"metallicFactor": 0,
				"useAnisotropic": true
			},
			{
			},
			{
			},
			{
			}
		],
		"alphaRef": 1,
		"alphaTest": true,
		"translucent": false,
		"translucentBlendOp": "None",
		"doubleSided": true,
		"invertBackFaceNormals": true,
		"dynamicCubemap": true,
		"activeLayers": 1,
		"materialTag0": "beamng",
		"order_simset": 0,
		"version": 1.5
	},
	"material_3_russ__bomber_russ__bomber_body0": {
		"name": "material_3_russ__bomber_russ__bomber_body0",
		"class": "Material",
		"mapTo": "material_3_russ__bomber_russ__bomber_body0",
		"Stages": [
			{
				"normalMap": "camso_col_0xff8080ff.dds",
				"opacityMap": "rb2_stamp0.dds",
				"opacityMapUseUV": 1,
				"diffuseColor": [ 0.00392157, 0.101961, 0.0862745, 1 ],
				"roughnessFactor": 0,
				"metallicFactor": 1,
				"opacityFactor": 1,
				"useAnisotropic": true
			},
			{
			},
			{
			},
			{
			}
		],
		"alphaRef": 1,
		"alphaTest": true,
		"translucent": true,
		"translucentBlendOp": "PreMulAlpha",
		"translucentZWrite": false,
		"castShadows": false,
		"translucentRecvShadows": true,
		"dynamicCubemap": true,
		"activeLayers": 1,
		"materialTag0": "beamng",
		"order_simset": 0,
		"version": 1.5
	},
	"material_4_russ__bomber_russ__bomber_body0": {
		"name": "material_4_russ__bomber_russ__bomber_body0",
		"class": "Material",
		"mapTo": "material_4_russ__bomber_russ__bomber_body0",
		"Stages": [
			{
				"normalMap": "camso_t_leather_01_n.dds",
				"opacityMap": "rb2_stamp0.dds",
				"opacityMapUseUV": 1,
				"diffuseColor": [ 0.14902, 0.180392, 0.239216, 1 ],
				"roughnessFactor": 0.09,
				"metallicFactor": 0,
				"useAnisotropic": true
			},
			{
			},
			{
			},
			{
			}
		],
		"alphaRef": 1,
		"alphaTest": true,
		"translucent": false,
		"translucentBlendOp": "None",
		"doubleSided": true,
		"invertBackFaceNormals": true,
		"dynamicCubemap": true,
		"activeLayers": 1,
		"materialTag0": "beamng",
		"order_simset": 0,
		"version": 1.5
	},
	"material_5_russ__bomber_russ__bomber_body0": {
		"name": "material_5_russ__bomber_russ__bomber_body0",
		"class": "Material",
		"mapTo": "material_5_russ__bomber_russ__bomber_body0",
		"Stages": [
			{
				"normalMap": "camso_t_carbonfiber_twill_n.dds",
				"diffuseColor": [ 0.337255, 0.337255, 0.337255, 1 ],
				"roughnessFactor": 0,
				"metallicFactor": 0,
				"useAnisotropic": true
			},
			{
			},
			{
			},
			{
			}
		],
		"alphaRef": 1,
		"alphaTest": true,
		"translucent": false,
		"translucentBlendOp": "None",
		"doubleSided": true,
		"invertBackFaceNormals": true,
		"dynamicCubemap": true,
		"activeLayers": 1,
		"materialTag0": "beamng",
		"order_simset": 0,
		"version": 1.5
	},
	"material_6_russ__bomber_chassis1": {
		"name": "material_6_russ__bomber_chassis1",
		"class": "Material",
		"mapTo": "material_6_russ__bomber_chassis1",
		"Stages": [
			{
				"normalMap": "camso_t_noise_n.dds",
				"diffuseColor": [ 1, 1, 1, 1 ],
				"roughnessFactor": 0,
				"metallicFactor": 0,
				"useAnisotropic": true
			},
			{
			},
			{
			},
			{
			}
		],
		"alphaRef": 1,
		"alphaTest": true,
		"translucent": false,
		"translucentBlendOp": "None",
		"doubleSided": true,
		"invertBackFaceNormals": true,
		"dynamicCubemap": true,
		"activeLayers": 1,
		"materialTag0": "beamng",
		"order_simset": 0,
		"version": 1.5
	},
	"material_7_russ__bomber_temp2": {
		"name": "material_7_russ__bomber_temp2",
		"class": "Material",
		"mapTo": "material_7_russ__bomber_temp2",
		"Stages": [
			{
				"normalMap": "camso_col_0xff8080ff.dds",
				"diffuseColor": [ 0.0470588, 0.0470588, 0.0470588, 0 ],
				"roughnessFactor": 0,
				"metallicFactor": 0
			},
			{
			},
			{
			},
			{
			}
		],
		"alphaRef": 1,
		"alphaTest": true,
		"translucent": false,
		"translucentBlendOp": "None",
		"dynamicCubemap": true,
		"activeLayers": 1,
		"materialTag0": "beamng",
		"order_simset": 0,
		"version": 1.5
	},
	"material_8_russ__bomber_temp2": {
		"name": "material_8_russ__bomber_temp2",
		"class": "Material",
		"mapTo": "material_8_russ__bomber_temp2",
		"Stages": [
			{
				"normalMap": "camso_col_0xff8080ff.dds",
				"diffuseColor": [ 0.560784, 0.560784, 0.560784, 1 ],
				"roughnessFactor": 0.2,
				"metallicFactor": 1
			},
			{
			},
			{
			},
			{
			}
		],
		"alphaRef": 1,
		"alphaTest": true,
		"translucent": false,
		"translucentBlendOp": "None",
		"doubleSided": true,
		"invertBackFaceNormals": true,
		"dynamicCubemap": true,
		"activeLayers": 1,
		"materialTag0": "beamng",
		"order_simset": 0,
		"version": 1.5
	},
	"material_9_russ__bomber_tyre_f2": {
		"name": "material_9_russ__bomber_tyre_f2",
		"class": "Material",
		"mapTo": "material_9_russ__bomber_tyre_f2",
		"Stages": [
			{
				"normalMap": "camso_tyresemi_tread_normal.dds",
				"diffuseColor": [ 0.12549, 0.12549, 0.12549, 1 ],
				"roughnessFactor": 0.4,
				"metallicFactor": 0,
				"useAnisotropic": true
			},
			{
			},
			{
			},
			{
			}
		],
		"alphaRef": 1,
		"alphaTest": true,
		"translucent": false,
		"translucentBlendOp": "None",
		"dynamicCubemap": true,
		"activeLayers": 1,
		"materialTag0": "beamng",
		"order_simset": 0,
		"version": 1.5
	},
	"material_10_russ__bomber_tyre_f2": {
		"name": "material_10_russ__bomber_tyre_f2",
		"class": "Material",
		"mapTo": "material_10_russ__bomber_tyre_f2",
		"Stages": [
			{
				"normalMap": "camso_tyresemi_sidewall_normal.dds",
				"diffuseColor": [ 0.12549, 0.12549, 0.12549, 1 ],
				"roughnessFactor": 0.4,
				"metallicFactor": 0,
				"useAnisotropic": true
			},
			{
			},
			{
			},
			{
			}
		],
		"alphaRef": 1,
		"alphaTest": true,
		"translucent": false,
		"translucentBlendOp": "None",
		"dynamicCubemap": true,
		"activeLayers": 1,
		"materialTag0": "beamng",
		"order_simset": 0,
		"version": 1.5
	},
	"material_11_russ__bomber_tyre_f2": {
		"name": "material_11_russ__bomber_tyre_f2",
		"class": "Material",
		"mapTo": "material_11_russ__bomber_tyre_f2",
		"Stages": [
			{
				"normalMap": "camso_col_0xff8080ff.dds",
				"diffuseColor": [ 0.74902, 0.756863, 0.74902, 1 ],
				"roughnessFactor": 0.2,
				"metallicFactor": 1
			},
			{
			},
			{
			},
			{
			}
		],
		"alphaRef": 1,
		"alphaTest": true,
		"translucent": false,
		"translucentBlendOp": "None",
		"doubleSided": true,
		"invertBackFaceNormals": true,
		"dynamicCubemap": true,
		"activeLayers": 1,
		"materialTag0": "beamng",
		"order_simset": 0,
		"version": 1.5
	},
	"material_12_russ__bomber_wheel_f3": {
		"name": "material_12_russ__bomber_wheel_f3",
		"class": "Material",
		"mapTo": "material_12_russ__bomber_wheel_f3",
		"Stages": [
			{
				"normalMap": "camso_col_0xff8080ff.dds",
				"diffuseColor": [ 0.74902, 0.756863, 0.74902, 1 ],
				"roughnessFactor": 0.2,
				"metallicFactor": 1
			},
			{
			},
			{
			},
			{
			}
		],
		"alphaRef": 1,
		"alphaTest": true,
		"translucent": false,
		"translucentBlendOp": "None",
		"doubleSided": true,
		"invertBackFaceNormals": true,
		"dynamicCubemap": true,
		"activeLayers": 1,
		"materialTag0": "beamng",
		"order_simset": 0,
		"version": 1.5
	},
	"material_13_russ__bomber_suspension_f4": {
		"name": "material_13_russ__bomber_suspension_f4",
		"class": "Material",
		"mapTo": "material_13_russ__bomber_suspension_f4",
		"Stages": [
			{
				"normalMap": "camso_col_0xff8080ff.dds",
				"diffuseColor": [ 0.596078, 0.596078, 0.596078, 1 ],
				"roughnessFactor": 0.9,
				"metallicFactor": 0.4
			},
			{
			},
			{
			},
			{
			}
		],
		"alphaRef": 1,
		"alphaTest": true,
		"translucent": false,
		"translucentBlendOp": "None",
		"doubleSided": true,
		"invertBackFaceNormals": true,
		"dynamicCubemap": true,
		"activeLayers": 1,
		"materialTag0": "beamng",
		"order_simset": 0,
		"version": 1.5
	},
	"material_14_russ__bomber_suspension_f4": {
		"name": "material_14_russ__bomber_suspension_f4",
		"class": "Material",
		"mapTo": "material_14_russ__bomber_suspension_f4",
		"Stages": [
			{
				"normalMap": "camso_col_0xff8080ff.dds",
				"diffuseColor": [ 0.662745, 0.568627, 0.113725, 0 ],
				"roughnessFactor": 0.3,
				"metallicFactor": 0
			},
			{
			},
			{
			},
			{
			}
		],
		"alphaRef": 1,
		"alphaTest": true,
		"translucent": false,
		"translucentBlendOp": "None",
		"doubleSided": true,
		"invertBackFaceNormals": true,
		"dynamicCubemap": true,
		"activeLayers": 1,
		"materialTag0": "beamng",
		"order_simset": 0,
		"version": 1.5
	},
	"material_15_russ__bomber_suspension_f4": {
		"name": "material_15_russ__bomber_suspension_f4",
		"class": "Material",
		"mapTo": "material_15_russ__bomber_suspension_f4",
		"Stages": [
			{
				"normalMap": "camso_col_0xff8080ff.dds",
				"diffuseColor": [ 0.517647, 0, 0, 0 ],
				"roughnessFactor": 0.3,
				"metallicFactor": 0
			},
			{
			},
			{
			},
			{
			}
		],
		"alphaRef": 1,
		"alphaTest": true,
		"translucent": false,
		"translucentBlendOp": "None",
		"doubleSided": true,
		"invertBackFaceNormals": true,
		"dynamicCubemap": true,
		"activeLayers": 1,
		"materialTag0": "beamng",
		"order_simset": 0,
		"version": 1.5
	},
	"material_16_russ__bomber_suspension_f4": {
		"name": "material_16_russ__bomber_suspension_f4",
		"class": "Material",
		"mapTo": "material_16_russ__bomber_suspension_f4",
		"Stages": [
			{
				"normalMap": "camso_boltnormal.dds",
				"diffuseColor": [ 0.709804, 0.670588, 0.611765, 1 ],
				"roughnessFactor": 0.4,
				"metallicFactor": 1,
				"useAnisotropic": true
			},
			{
			},
			{
			},
			{
			}
		],
		"alphaRef": 1,
		"alphaTest": true,
		"translucent": false,
		"translucentBlendOp": "None",
		"doubleSided": true,
		"invertBackFaceNormals": true,
		"dynamicCubemap": true,
		"activeLayers": 1,
		"materialTag0": "beamng",
		"order_simset": 0,
		"version": 1.5
	},
	"material_17_russ__bomber_suspension_f4": {
		"name": "material_17_russ__bomber_suspension_f4",
		"class": "Material",
		"mapTo": "material_17_russ__bomber_suspension_f4",
		"Stages": [
			{
				"normalMap": "camso_col_0xff8080ff.dds",
				"diffuseColor": [ 0.737255, 0.737255, 0.737255, 1 ],
				"roughnessFactor": 0.25,
				"metallicFactor": 1
			},
			{
			},
			{
			},
			{
			}
		],
		"alphaRef": 1,
		"alphaTest": true,
		"translucent": false,
		"translucentBlendOp": "None",
		"doubleSided": true,
		"invertBackFaceNormals": true,
		"dynamicCubemap": true,
		"activeLayers": 1,
		"materialTag0": "beamng",
		"order_simset": 0,
		"version": 1.5
	},
	"material_18_russ__bomber_brakecaliper_f5": {
		"name": "material_18_russ__bomber_brakecaliper_f5",
		"class": "Material",
		"mapTo": "material_18_russ__bomber_brakecaliper_f5",
		"Stages": [
			{
				"normalMap": "camso_col_0xff8080ff.dds",
				"clearCoatFactor": 1,
				"clearCoatRoughnessFactor": 1,
				"instanceDiffuse": true,
				"colorPaletteMap": "camso_col_0xffff0000.dds",
				"roughnessFactor": 1,
				"metallicFactor": 1,
				"diffuseColor": [ 1, 1, 1, 1 ]
			},
			{
			},
			{
			},
			{
			}
		],
		"alphaRef": 1,
		"alphaTest": true,
		"translucent": false,
		"translucentBlendOp": "None",
		"doubleSided": true,
		"invertBackFaceNormals": true,
		"dynamicCubemap": true,
		"activeLayers": 1,
		"materialTag0": "beamng",
		"order_simset": 0,
		"version": 1.5
	},
	"material_19_russ__bomber_brakecaliper_f5": {
		"name": "material_19_russ__bomber_brakecaliper_f5",
		"class": "Material",
		"mapTo": "material_19_russ__bomber_brakecaliper_f5",
		"Stages": [
			{
				"normalMap": "camso_boltnormal.dds",
				"diffuseColor": [ 0.709804, 0.670588, 0.611765, 1 ],
				"roughnessFactor": 0.4,
				"metallicFactor": 1,
				"useAnisotropic": true
			},
			{
			},
			{
			},
			{
			}
		],
		"alphaRef": 1,
		"alphaTest": true,
		"translucent": false,
		"translucentBlendOp": "None",
		"doubleSided": true,
		"invertBackFaceNormals": true,
		"dynamicCubemap": true,
		"activeLayers": 1,
		"materialTag0": "beamng",
		"order_simset": 0,
		"version": 1.5
	},
	"material_20_russ__bomber_brakecaliper_f5": {
		"name": "material_20_russ__bomber_brakecaliper_f5",
		"class": "Material",
		"mapTo": "material_20_russ__bomber_brakecaliper_f5",
		"Stages": [
			{
				"normalMap": "camso_col_0xff8080ff.dds",
				"diffuseColor": [ 0.0470588, 0.0470588, 0.0470588, 0 ],
				"roughnessFactor": 0,
				"metallicFactor": 0
			},
			{
			},
			{
			},
			{
			}
		],
		"alphaRef": 1,
		"alphaTest": true,
		"translucent": false,
		"translucentBlendOp": "None",
		"dynamicCubemap": true,
		"activeLayers": 1,
		"materialTag0": "beamng",
		"order_simset": 0,
		"version": 1.5
	},
	"material_21_russ__bomber_temp6": {
		"name": "material_21_russ__bomber_temp6",
		"class": "Material",
		"mapTo": "material_21_russ__bomber_temp6",
		"Stages": [
			{
				"normalMap": "camso_col_0xff8080ff.dds",
				"diffuseColor": [ 0.372549, 0.372549, 0.372549, 1 ],
				"roughnessFactor": 0.9,
				"metallicFactor": 0.4
			},
			{
			},
			{
			},
			{
			}
		],
		"alphaRef": 1,
		"alphaTest": true,
		"translucent": false,
		"translucentBlendOp": "None",
		"doubleSided": true,
		"invertBackFaceNormals": true,
		"dynamicCubemap": true,
		"activeLayers": 1,
		"materialTag0": "beamng",
		"order_simset": 0,
		"version": 1.5
	},
	"material_22_russ__bomber_temp6": {
		"name": "material_22_russ__bomber_temp6",
		"class": "Material",
		"mapTo": "material_22_russ__bomber_temp6",
		"Stages": [
			{
				"normalMap": "camso_col_0xff8080ff.dds",
				"diffuseColor": [ 0.737255, 0.737255, 0.737255, 1 ],
				"roughnessFactor": 0.25,
				"metallicFactor": 1
			},
			{
			},
			{
			},
			{
			}
		],
		"alphaRef": 1,
		"alphaTest": true,
		"translucent": false,
		"translucentBlendOp": "None",
		"doubleSided": true,
		"invertBackFaceNormals": true,
		"dynamicCubemap": true,
		"activeLayers": 1,
		"materialTag0": "beamng",
		"order_simset": 0,
		"version": 1.5
	},
	"material_23_russ__bomber_temp6": {
		"name": "material_23_russ__bomber_temp6",
		"class": "Material",
		"mapTo": "material_23_russ__bomber_temp6",
		"Stages": [
			{
				"normalMap": "camso_col_0xff8080ff.dds",
				"diffuseColor": [ 0.94902, 0.854902, 0.639216, 1 ],
				"roughnessFactor": 0.2,
				"metallicFactor": 1
			},
			{
			},
			{
			},
			{
			}
		],
		"alphaRef": 1,
		"alphaTest": true,
		"translucent": false,
		"translucentBlendOp": "None",
		"doubleSided": true,
		"invertBackFaceNormals": true,
		"dynamicCubemap": true,
		"activeLayers": 1,
		"materialTag0": "beamng",
		"order_simset": 0,
		"version": 1.5
	},
	"material_24_russ__bomber_temp6": {
		"name": "material_24_russ__bomber_temp6",
		"class": "Material",
		"mapTo": "material_24_russ__bomber_temp6",
		"Stages": [
			{
				"normalMap": "camso_t_carbonceramic_normal.dds",
				"diffuseColor": [ 0.658824, 0.658824, 0.658824, 1 ],
				"roughnessFactor": 0,
				"metallicFactor": 1,
				"useAnisotropic": true
			},
			{
			},
			{
			},
			{
			}
		],
		"alphaRef": 1,
		"alphaTest": true,
		"translucent": false,
		"translucentBlendOp": "None",
		"doubleSided": true,
		"invertBackFaceNormals": true,
		"dynamicCubemap": true,
		"activeLayers": 1,
		"materialTag0": "beamng",
		"order_simset": 0,
		"version": 1.5
	},
	"material_25_russ__bomber_suspension_r9": {
		"name": "material_25_russ__bomber_suspension_r9",
		"class": "Material",
		"mapTo": "material_25_russ__bomber_suspension_r9",
		"Stages": [
			{
				"normalMap": "camso_col_0xff8080ff.dds",
				"diffuseColor": [ 0.0470588, 0.0470588, 0.0470588, 0 ],
				"roughnessFactor": 0,
				"metallicFactor": 0
			},
			{
			},
			{
			},
			{
			}
		],
		"alphaRef": 1,
		"alphaTest": true,
		"translucent": false,
		"translucentBlendOp": "None",
		"dynamicCubemap": true,
		"activeLayers": 1,
		"materialTag0": "beamng",
		"order_simset": 0,
		"version": 1.5
	},
	"material_26_russ__bomber_temp12": {
		"name": "material_26_russ__bomber_temp12",
		"class": "Material",
		"mapTo": "material_26_russ__bomber_temp12",
		"Stages": [
			{
				"normalMap": "camso_col_0xff8080ff.dds",
				"clearCoatFactor": 1,
				"clearCoatRoughnessFactor": 1,
				"instanceDiffuse": true,
				"colorPaletteMap": "camso_col_0xffff0000.dds",
				"roughnessFactor": 1,
				"metallicFactor": 1,
				"diffuseColor": [ 1, 1, 1, 1 ]
			},
			{
			},
			{
			},
			{
			}
		],
		"alphaRef": 1,
		"alphaTest": true,
		"translucent": false,
		"translucentBlendOp": "None",
		"doubleSided": true,
		"invertBackFaceNormals": true,
		"dynamicCubemap": true,
		"activeLayers": 1,
		"materialTag0": "beamng",
		"order_simset": 0,
		"version": 1.5
	},
	"material_27_russ__bomber_temp12": {
		"name": "material_27_russ__bomber_temp12",
		"class": "Material",
		"mapTo": "material_27_russ__bomber_temp12",
		"Stages": [
			{
				"normalMap": "camso_t_blanknormal.dds",
				"diffuseColor": [ 0.984314, 0.988235, 0.988235, 0.298039 ],
				"roughnessFactor": 0,
				"metallicFactor": 1,
				"opacityFactor": 0.298039,
				"useAnisotropic": true
			},
			{
			},
			{
			},
			{
			}
		],
		"alphaRef": 1,
		"alphaTest": true,
		"translucent": true,
		"translucentBlendOp": "AddAlpha",
		"translucentZWrite": false,
		"castShadows": false,
		"translucentRecvShadows": true,
		"dynamicCubemap": true,
		"activeLayers": 1,
		"materialTag0": "beamng",
		"order_simset": 0,
		"version": 1.5
	},
	"material_27_russ__bomber_temp12_off": {
		"name": "material_27_russ__bomber_temp12_off",
		"class": "Material",
		"mapTo": "material_27_russ__bomber_temp12_off",
		"Stages": [
			{
				"normalMap": "camso_t_blanknormal.dds",
				"diffuseColor": [ 0.984314, 0.988235, 0.988235, 0.298039 ],
				"roughnessFactor": 0,
				"metallicFactor": 1,
				"opacityFactor": 0.298039,
				"useAnisotropic": true
			},
			{
			},
			{
			},
			{
			}
		],
		"alphaRef": 1,
		"alphaTest": true,
		"translucent": true,
		"translucentBlendOp": "AddAlpha",
		"translucentZWrite": false,
		"castShadows": false,
		"translucentRecvShadows": true,
		"dynamicCubemap": true,
		"activeLayers": 1,
		"materialTag0": "beamng",
		"order_simset": 0,
		"version": 1.5
	},
	"material_27_russ__bomber_temp12_on": {
		"name": "material_27_russ__bomber_temp12_on",
		"class": "Material",
		"mapTo": "material_27_russ__bomber_temp12_on",
		"Stages": [
			{
				"normalMap": "camso_t_blanknormal.dds",
				"diffuseColor": [ 0.984314, 0.988235, 0.988235, 0.298039 ],
				"roughnessFactor": 0,
				"metallicFactor": 1,
				"opacityFactor": 0.298039,
				"emissiveFactor": [ 1, 1, 1 ],
				"glow": true,
				"useAnisotropic": true
			},
			{
			},
			{
			},
			{
			}
		],
		"alphaRef": 1,
		"alphaTest": true,
		"translucent": true,
		"translucentBlendOp": "AddAlpha",
		"translucentZWrite": false,
		"castShadows": false,
		"translucentRecvShadows": true,
		"dynamicCubemap": true,
		"activeLayers": 1,
		"materialTag0": "beamng",
		"order_simset": 0,
		"version": 1.5
	},
	"material_27_russ__bomber_temp12_onIntense": {
		"name": "material_27_russ__bomber_temp12_onIntense",
		"class": "Material",
		"mapTo": "material_27_russ__bomber_temp12_onIntense",
		"Stages": [
			{
				"normalMap": "camso_t_blanknormal.dds",
				"diffuseColor": [ 0.984314, 0.988235, 0.988235, 0.298039 ],
				"roughnessFactor": 0,
				"metallicFactor": 1,
				"opacityFactor": 0.298039,
				"emissiveFactor": [ 1, 1, 1 ],
				"glow": true,
				"useAnisotropic": true
			},
			{
			},
			{
			},
			{
			}
		],
		"alphaRef": 1,
		"alphaTest": true,
		"translucent": true,
		"translucentBlendOp": "AddAlpha",
		"translucentZWrite": false,
		"castShadows": false,
		"translucentRecvShadows": true,
		"dynamicCubemap": true,
		"activeLayers": 1,
		"materialTag0": "beamng",
		"order_simset": 0,
		"version": 1.5
	},
	"material_28_russ__bomber_temp12": {
		"name": "material_28_russ__bomber_temp12",
		"class": "Material",
		"mapTo": "material_28_russ__bomber_temp12",
		"Stages": [
			{
				"normalMap": "camso_col_0xff8080ff.dds",
				"diffuseColor": [ 1, 0.964706, 0.956863, 1 ],
				"roughnessFactor": 0,
				"metallicFactor": 1
			},
			{
			},
			{
			},
			{
			}
		],
		"alphaRef": 1,
		"alphaTest": true,
		"translucent": false,
		"translucentBlendOp": "None",
		"doubleSided": true,
		"invertBackFaceNormals": true,
		"dynamicCubemap": true,
		"activeLayers": 1,
		"materialTag0": "beamng",
		"order_simset": 0,
		"version": 1.5
	},
	"material_29_russ__bomber_temp12": {
		"name": "material_29_russ__bomber_temp12",
		"class": "Material",
		"mapTo": "material_29_russ__bomber_temp12",
		"Stages": [
			{
				"normalMap": "camso_t_taillightreflector_03_normal.dds",
				"diffuseColor": [ 1, 1, 1, 1 ],
				"roughnessFactor": 0.02,
				"metallicFactor": 1,
				"useAnisotropic": true
			},
			{
			},
			{
			},
			{
			}
		],
		"alphaRef": 1,
		"alphaTest": true,
		"translucent": false,
		"translucentBlendOp": "None",
		"doubleSided": true,
		"invertBackFaceNormals": true,
		"dynamicCubemap": true,
		"activeLayers": 1,
		"materialTag0": "beamng",
		"order_simset": 0,
		"version": 1.5
	},
	"material_29_russ__bomber_temp12_off": {
		"name": "material_29_russ__bomber_temp12_off",
		"class": "Material",
		"mapTo": "material_29_russ__bomber_temp12_off",
		"Stages": [
			{
				"normalMap": "camso_t_taillightreflector_03_normal.dds",
				"diffuseColor": [ 1, 1, 1, 1 ],
				"roughnessFactor": 0.02,
				"metallicFactor": 1,
				"useAnisotropic": true
			},
			{
			},
			{
			},
			{
			}
		],
		"alphaRef": 1,
		"alphaTest": true,
		"translucent": false,
		"translucentBlendOp": "None",
		"doubleSided": true,
		"invertBackFaceNormals": true,
		"dynamicCubemap": true,
		"activeLayers": 1,
		"materialTag0": "beamng",
		"order_simset": 0,
		"version": 1.5
	},
	"material_29_russ__bomber_temp12_on": {
		"name": "material_29_russ__bomber_temp12_on",
		"class": "Material",
		"mapTo": "material_29_russ__bomber_temp12_on",
		"Stages": [
			{
				"normalMap": "camso_t_taillightreflector_03_normal.dds",
				"diffuseColor": [ 1, 1, 1, 1 ],
				"roughnessFactor": 0.02,
				"metallicFactor": 1,
				"emissiveFactor": [ 1, 1, 1 ],
				"glow": true,
				"useAnisotropic": true
			},
			{
			},
			{
			},
			{
			}
		],
		"alphaRef": 1,
		"alphaTest": true,
		"translucent": false,
		"translucentBlendOp": "None",
		"doubleSided": true,
		"invertBackFaceNormals": true,
		"dynamicCubemap": true,
		"activeLayers": 1,
		"materialTag0": "beamng",
		"order_simset": 0,
		"version": 1.5
	},
	"material_29_russ__bomber_temp12_onIntense": {
		"name": "material_29_russ__bomber_temp12_onIntense",
		"class": "Material",
		"mapTo": "material_29_russ__bomber_temp12_onIntense",
		"Stages": [
			{
				"normalMap": "camso_t_taillightreflector_03_normal.dds",
				"diffuseColor": [ 1, 1, 1, 1 ],
				"roughnessFactor": 0.02,
				"metallicFactor": 1,
				"emissiveFactor": [ 1, 1, 1 ],
				"glow": true,
				"useAnisotropic": true
			},
			{
			},
			{
			},
			{
			}
		],
		"alphaRef": 1,
		"alphaTest": true,
		"translucent": false,
		"translucentBlendOp": "None",
		"doubleSided": true,
		"invertBackFaceNormals": true,
		"dynamicCubemap": true,
		"activeLayers": 1,
		"materialTag0": "beamng",
		"order_simset": 0,
		"version": 1.5
	},
	"material_30_russ__bomber_temp12": {
		"name": "material_30_russ__bomber_temp12",
		"class": "Material",
		"mapTo": "material_30_russ__bomber_temp12",
		"Stages": [
			{
				"normalMap": "camso_t_taillightreflector_05_normal.dds",
				"diffuseColor": [ 1, 1, 1, 1 ],
				"roughnessFactor": 0,
				"metallicFactor": 0,
				"opacityFactor": 1,
				"useAnisotropic": true
			},
			{
			},
			{
			},
			{
			}
		],
		"alphaRef": 1,
		"alphaTest": true,
		"translucent": true,
		"translucentBlendOp": "PreMulAlpha",
		"translucentZWrite": false,
		"castShadows": false,
		"translucentRecvShadows": true,
		"dynamicCubemap": true,
		"activeLayers": 1,
		"materialTag0": "beamng",
		"order_simset": 0,
		"version": 1.5
	},
	"material_30_russ__bomber_temp12_off": {
		"name": "material_30_russ__bomber_temp12_off",
		"class": "Material",
		"mapTo": "material_30_russ__bomber_temp12_off",
		"Stages": [
			{
				"normalMap": "camso_t_taillightreflector_05_normal.dds",
				"diffuseColor": [ 1, 1, 1, 1 ],
				"roughnessFactor": 0,
				"metallicFactor": 0,
				"opacityFactor": 1,
				"useAnisotropic": true
			},
			{
			},
			{
			},
			{
			}
		],
		"alphaRef": 1,
		"alphaTest": true,
		"translucent": true,
		"translucentBlendOp": "PreMulAlpha",
		"translucentZWrite": false,
		"castShadows": false,
		"translucentRecvShadows": true,
		"dynamicCubemap": true,
		"activeLayers": 1,
		"materialTag0": "beamng",
		"order_simset": 0,
		"version": 1.5
	},
	"material_30_russ__bomber_temp12_on": {
		"name": "material_30_russ__bomber_temp12_on",
		"class": "Material",
		"mapTo": "material_30_russ__bomber_temp12_on",
		"Stages": [
			{
				"normalMap": "camso_t_taillightreflector_05_normal.dds",
				"diffuseColor": [ 1, 1, 1, 1 ],
				"roughnessFactor": 0,
				"metallicFactor": 0,
				"opacityFactor": 1,
				"emissiveFactor": [ 0.990831, 0.990831, 0.990831 ],
				"glow": true,
				"useAnisotropic": true
			},
			{
			},
			{
			},
			{
			}
		],
		"alphaRef": 1,
		"alphaTest": true,
		"translucent": true,
		"translucentBlendOp": "PreMulAlpha",
		"translucentZWrite": false,
		"castShadows": false,
		"translucentRecvShadows": true,
		"dynamicCubemap": true,
		"activeLayers": 1,
		"materialTag0": "beamng",
		"order_simset": 0,
		"version": 1.5
	},
	"material_30_russ__bomber_temp12_onIntense": {
		"name": "material_30_russ__bomber_temp12_onIntense",
		"class": "Material",
		"mapTo": "material_30_russ__bomber_temp12_onIntense",
		"Stages": [
			{
				"normalMap": "camso_t_taillightreflector_05_normal.dds",
				"diffuseColor": [ 1, 1, 1, 1 ],
				"roughnessFactor": 0,
				"metallicFactor": 0,
				"opacityFactor": 1,
				"emissiveFactor": [ 1, 1, 1 ],
				"glow": true,
				"useAnisotropic": true
			},
			{
			},
			{
			},
			{
			}
		],
		"alphaRef": 1,
		"alphaTest": true,
		"translucent": true,
		"translucentBlendOp": "PreMulAlpha",
		"translucentZWrite": false,
		"castShadows": false,
		"translucentRecvShadows": true,
		"dynamicCubemap": true,
		"activeLayers": 1,
		"materialTag0": "beamng",
		"order_simset": 0,
		"version": 1.5
	},
	"material_31_russ__bomber_temp12": {
		"name": "material_31_russ__bomber_temp12",
		"class": "Material",
		"mapTo": "material_31_russ__bomber_temp12",
		"Stages": [
			{
				"normalMap": "camso_col_0xff8080ff.dds",
				"diffuseColor": [ 0, 0, 0, 1 ],
				"roughnessFactor": 0.3,
				"metallicFactor": 0
			},
			{
			},
			{
			},
			{
			}
		],
		"alphaRef": 1,
		"alphaTest": true,
		"translucent": false,
		"translucentBlendOp": "None",
		"doubleSided": true,
		"invertBackFaceNormals": true,
		"dynamicCubemap": true,
		"activeLayers": 1,
		"materialTag0": "beamng",
		"order_simset": 0,
		"version": 1.5
	},
	"material_32_russ__bomber_temp12": {
		"name": "material_32_russ__bomber_temp12",
		"class": "Material",
		"mapTo": "material_32_russ__bomber_temp12",
		"Stages": [
			{
				"normalMap": "camso_col_0xff8080ff.dds",
				"diffuseColor": [ 0.603922, 0.603922, 0.623529, 1 ],
				"roughnessFactor": 0.03,
				"metallicFactor": 1
			},
			{
			},
			{
			},
			{
			}
		],
		"alphaRef": 1,
		"alphaTest": true,
		"translucent": false,
		"translucentBlendOp": "None",
		"doubleSided": true,
		"invertBackFaceNormals": true,
		"dynamicCubemap": true,
		"activeLayers": 1,
		"materialTag0": "beamng",
		"order_simset": 0,
		"version": 1.5
	},
	"material_33_russ__bomber_temp12": {
		"name": "material_33_russ__bomber_temp12",
		"class": "Material",
		"mapTo": "material_33_russ__bomber_temp12",
		"Stages": [
			{
				"normalMap": "camso_t_grille01_n.dds",
				"diffuseColor": [ 0.431373, 0.431373, 0.431373, 0.027451 ],
				"roughnessFactor": 1,
				"metallicFactor": 1,
				"diffuseMap": "camso_t_grille01_h_rbgmask.dds",
				"metallicMap": "camso_t_grille01_h_rbgmask.dds",
				"roughnessMap": "camso_t_grille01_h_i_rbgmask.dds",
				"useAnisotropic": true
			},
			{
			},
			{
			},
			{
			}
		],
		"alphaRef": 1,
		"alphaTest": true,
		"translucent": false,
		"translucentBlendOp": "None",
		"doubleSided": true,
		"invertBackFaceNormals": true,
		"dynamicCubemap": true,
		"activeLayers": 1,
		"materialTag0": "beamng",
		"order_simset": 0,
		"version": 1.5
	},
	"material_34_russ__bomber_temp12": {
		"name": "material_34_russ__bomber_temp12",
		"class": "Material",
		"mapTo": "material_34_russ__bomber_temp12",
		"Stages": [
			{
				"normalMap": "camso_col_0xff8080ff.dds",
				"diffuseColor": [ 0.54902, 0.54902, 0.560784, 1 ],
				"roughnessFactor": 0.03,
				"metallicFactor": 1
			},
			{
			},
			{
			},
			{
			}
		],
		"alphaRef": 1,
		"alphaTest": true,
		"translucent": false,
		"translucentBlendOp": "None",
		"doubleSided": true,
		"invertBackFaceNormals": true,
		"dynamicCubemap": true,
		"activeLayers": 1,
		"materialTag0": "beamng",
		"order_simset": 0,
		"version": 1.5
	},
	"material_35_russ__bomber_temp12": {
		"name": "material_35_russ__bomber_temp12",
		"class": "Material",
		"mapTo": "material_35_russ__bomber_temp12",
		"Stages": [
			{
				"normalMap": "camso_t_blanknormal.dds",
				"diffuseColor": [ 0.94902, 0.94902, 0.94902, 0.8 ],
				"roughnessFactor": 0,
				"metallicFactor": 1,
				"opacityFactor": 0.8,
				"useAnisotropic": true
			},
			{
			},
			{
			},
			{
			}
		],
		"alphaRef": 1,
		"alphaTest": true,
		"translucent": true,
		"translucentBlendOp": "PreMulAlpha",
		"translucentZWrite": false,
		"castShadows": false,
		"translucentRecvShadows": true,
		"dynamicCubemap": true,
		"activeLayers": 1,
		"materialTag0": "beamng",
		"order_simset": 0,
		"version": 1.5
	},
	"material_35_russ__bomber_temp12_off": {
		"name": "material_35_russ__bomber_temp12_off",
		"class": "Material",
		"mapTo": "material_35_russ__bomber_temp12_off",
		"Stages": [
			{
				"normalMap": "camso_t_blanknormal.dds",
				"diffuseColor": [ 0.94902, 0.94902, 0.94902, 0.8 ],
				"roughnessFactor": 0,
				"metallicFactor": 1,
				"opacityFactor": 0.8,
				"useAnisotropic": true
			},
			{
			},
			{
			},
			{
			}
		],
		"alphaRef": 1,
		"alphaTest": true,
		"translucent": true,
		"translucentBlendOp": "PreMulAlpha",
		"translucentZWrite": false,
		"castShadows": false,
		"translucentRecvShadows": true,
		"dynamicCubemap": true,
		"activeLayers": 1,
		"materialTag0": "beamng",
		"order_simset": 0,
		"version": 1.5
	},
	"material_35_russ__bomber_temp12_on": {
		"name": "material_35_russ__bomber_temp12_on",
		"class": "Material",
		"mapTo": "material_35_russ__bomber_temp12_on",
		"Stages": [
			{
				"normalMap": "camso_t_blanknormal.dds",
				"diffuseColor": [ 0.94902, 0.94902, 0.94902, 0.8 ],
				"roughnessFactor": 0,
				"metallicFactor": 1,
				"opacityFactor": 0.8,
				"emissiveFactor": [ 0.992141, 0.992141, 0.992141 ],
				"glow": true,
				"useAnisotropic": true
			},
			{
			},
			{
			},
			{
			}
		],
		"alphaRef": 1,
		"alphaTest": true,
		"translucent": true,
		"translucentBlendOp": "PreMulAlpha",
		"translucentZWrite": false,
		"castShadows": false,
		"translucentRecvShadows": true,
		"dynamicCubemap": true,
		"activeLayers": 1,
		"materialTag0": "beamng",
		"order_simset": 0,
		"version": 1.5
	},
	"material_35_russ__bomber_temp12_onIntense": {
		"name": "material_35_russ__bomber_temp12_onIntense",
		"class": "Material",
		"mapTo": "material_35_russ__bomber_temp12_onIntense",
		"Stages": [
			{
				"normalMap": "camso_t_blanknormal.dds",
				"diffuseColor": [ 0.94902, 0.94902, 0.94902, 0.8 ],
				"roughnessFactor": 0,
				"metallicFactor": 1,
				"opacityFactor": 0.8,
				"emissiveFactor": [ 1, 1, 1 ],
				"glow": true,
				"useAnisotropic": true
			},
			{
			},
			{
			},
			{
			}
		],
		"alphaRef": 1,
		"alphaTest": true,
		"translucent": true,
		"translucentBlendOp": "PreMulAlpha",
		"translucentZWrite": false,
		"castShadows": false,
		"translucentRecvShadows": true,
		"dynamicCubemap": true,
		"activeLayers": 1,
		"materialTag0": "beamng",
		"order_simset": 0,
		"version": 1.5
	},
	"material_36_russ__bomber_temp12": {
		"name": "material_36_russ__bomber_temp12",
		"class": "Material",
		"mapTo": "material_36_russ__bomber_temp12",
		"Stages": [
			{
				"normalMap": "camso_col_0xff8080ff.dds",
				"clearCoatFactor": 1,
				"clearCoatRoughnessFactor": 1,
				"instanceDiffuse": true,
				"colorPaletteMap": "camso_col_0xffff0000.dds",
				"roughnessFactor": 1,
				"metallicFactor": 1,
				"diffuseColor": [ 1, 1, 1, 1 ]
			},
			{
			},
			{
			},
			{
			}
		],
		"alphaRef": 1,
		"alphaTest": true,
		"translucent": false,
		"translucentBlendOp": "None",
		"doubleSided": true,
		"invertBackFaceNormals": true,
		"dynamicCubemap": true,
		"activeLayers": 1,
		"materialTag0": "beamng",
		"order_simset": 0,
		"version": 1.5
	},
	"material_37_russ__bomber_temp12": {
		"name": "material_37_russ__bomber_temp12",
		"class": "Material",
		"mapTo": "material_37_russ__bomber_temp12",
		"Stages": [
			{
				"normalMap": "camso_t_grille01_n.dds",
				"diffuseColor": [ 0.431373, 0.431373, 0.431373, 0.027451 ],
				"roughnessFactor": 1,
				"metallicFactor": 1,
				"diffuseMap": "camso_t_grille01_h_rbgmask.dds",
				"metallicMap": "camso_t_grille01_h_rbgmask.dds",
				"roughnessMap": "camso_t_grille01_h_i_rbgmask.dds",
				"useAnisotropic": true
			},
			{
			},
			{
			},
			{
			}
		],
		"alphaRef": 1,
		"alphaTest": true,
		"translucent": false,
		"translucentBlendOp": "None",
		"doubleSided": true,
		"invertBackFaceNormals": true,
		"dynamicCubemap": true,
		"activeLayers": 1,
		"materialTag0": "beamng",
		"order_simset": 0,
		"version": 1.5
	},
	"material_38_russ__bomber_temp12": {
		"name": "material_38_russ__bomber_temp12",
		"class": "Material",
		"mapTo": "material_38_russ__bomber_temp12",
		"Stages": [
			{
				"normalMap": "camso_custom_badge_0036_n.dds",
				"diffuseMapUseUV": 1,
				"diffuseColor": [ 0.886275, 0.886275, 0.886275, 1 ],
				"opacityMap": "camso_custom_badge_0036.dds",
				"opacityMapUseUV": 1,
				"roughnessFactor": 0.1,
				"metallicFactor": 1,
				"useAnisotropic": true
			},
			{
			},
			{
			},
			{
			}
		],
		"alphaRef": 1,
		"alphaTest": true,
		"translucent": false,
		"translucentBlendOp": "None",
		"castShadows": false,
		"translucentRecvShadows": true,
		"dynamicCubemap": true,
		"activeLayers": 1,
		"materialTag0": "beamng",
		"order_simset": 0,
		"version": 1.5
	},
	"material_40_russ__bomber_temp12": {
		"name": "material_40_russ__bomber_temp12",
		"class": "Material",
		"mapTo": "material_40_russ__bomber_temp12",
		"Stages": [
			{
				"normalMap": "camso_t_taillightreflector_05_normal.dds",
				"diffuseColor": [ 0.737255, 0.0588235, 0.0588235, 1 ],
				"roughnessFactor": 0,
				"metallicFactor": 0,
				"opacityFactor": 1,
				"useAnisotropic": true
			},
			{
			},
			{
			},
			{
			}
		],
		"alphaRef": 1,
		"alphaTest": true,
		"translucent": true,
		"translucentBlendOp": "PreMulAlpha",
		"translucentZWrite": false,
		"castShadows": false,
		"translucentRecvShadows": true,
		"dynamicCubemap": true,
		"activeLayers": 1,
		"materialTag0": "beamng",
		"order_simset": 0,
		"version": 1.5
	},
	"material_40_russ__bomber_temp12_off": {
		"name": "material_40_russ__bomber_temp12_off",
		"class": "Material",
		"mapTo": "material_40_russ__bomber_temp12_off",
		"Stages": [
			{
				"normalMap": "camso_t_taillightreflector_05_normal.dds",
				"diffuseColor": [ 0.737255, 0.0588235, 0.0588235, 1 ],
				"roughnessFactor": 0,
				"metallicFactor": 0,
				"opacityFactor": 1,
				"useAnisotropic": true
			},
			{
			},
			{
			},
			{
			}
		],
		"alphaRef": 1,
		"alphaTest": true,
		"translucent": true,
		"translucentBlendOp": "PreMulAlpha",
		"translucentZWrite": false,
		"castShadows": false,
		"translucentRecvShadows": true,
		"dynamicCubemap": true,
		"activeLayers": 1,
		"materialTag0": "beamng",
		"order_simset": 0,
		"version": 1.5
	},
	"material_40_russ__bomber_temp12_on": {
		"name": "material_40_russ__bomber_temp12_on",
		"class": "Material",
		"mapTo": "material_40_russ__bomber_temp12_on",
		"Stages": [
			{
				"normalMap": "camso_t_taillightreflector_05_normal.dds",
				"diffuseColor": [ 0.737255, 0.0588235, 0.0588235, 1 ],
				"roughnessFactor": 0,
				"metallicFactor": 0,
				"opacityFactor": 1,
				"emissiveFactor": [ 0.952847, 0.287159, 0.287159 ],
				"glow": true,
				"useAnisotropic": true
			},
			{
			},
			{
			},
			{
			}
		],
		"alphaRef": 1,
		"alphaTest": true,
		"translucent": true,
		"translucentBlendOp": "PreMulAlpha",
		"translucentZWrite": false,
		"castShadows": false,
		"translucentRecvShadows": true,
		"dynamicCubemap": true,
		"activeLayers": 1,
		"materialTag0": "beamng",
		"order_simset": 0,
		"version": 1.5
	},
	"material_40_russ__bomber_temp12_onIntense": {
		"name": "material_40_russ__bomber_temp12_onIntense",
		"class": "Material",
		"mapTo": "material_40_russ__bomber_temp12_onIntense",
		"Stages": [
			{
				"normalMap": "camso_t_taillightreflector_05_normal.dds",
				"diffuseColor": [ 0.737255, 0.0588235, 0.0588235, 1 ],
				"roughnessFactor": 0,
				"metallicFactor": 0,
				"opacityFactor": 1,
				"emissiveFactor": [ 1, 0.30137, 0.30137 ],
				"glow": true,
				"useAnisotropic": true
			},
			{
			},
			{
			},
			{
			}
		],
		"alphaRef": 1,
		"alphaTest": true,
		"translucent": true,
		"translucentBlendOp": "PreMulAlpha",
		"translucentZWrite": false,
		"castShadows": false,
		"translucentRecvShadows": true,
		"dynamicCubemap": true,
		"activeLayers": 1,
		"materialTag0": "beamng",
		"order_simset": 0,
		"version": 1.5
	},
	"material_41_russ__bomber_temp12": {
		"name": "material_41_russ__bomber_temp12",
		"class": "Material",
		"mapTo": "material_41_russ__bomber_temp12",
		"Stages": [
			{
				"normalMap": "camso_alunormal.dds",
				"diffuseColor": [ 0.470588, 0.0666667, 0.0470588, 1 ],
				"roughnessFactor": 0,
				"metallicFactor": 0,
				"opacityFactor": 1,
				"useAnisotropic": true
			},
			{
			},
			{
			},
			{
			}
		],
		"alphaRef": 1,
		"alphaTest": true,
		"translucent": true,
		"translucentBlendOp": "PreMulAlpha",
		"translucentZWrite": false,
		"castShadows": false,
		"translucentRecvShadows": true,
		"dynamicCubemap": true,
		"activeLayers": 1,
		"materialTag0": "beamng",
		"order_simset": 0,
		"version": 1.5
	},
	"material_41_russ__bomber_temp12_off": {
		"name": "material_41_russ__bomber_temp12_off",
		"class": "Material",
		"mapTo": "material_41_russ__bomber_temp12_off",
		"Stages": [
			{
				"normalMap": "camso_alunormal.dds",
				"diffuseColor": [ 0.470588, 0.0666667, 0.0470588, 1 ],
				"roughnessFactor": 0,
				"metallicFactor": 0,
				"opacityFactor": 1,
				"useAnisotropic": true
			},
			{
			},
			{
			},
			{
			}
		],
		"alphaRef": 1,
		"alphaTest": true,
		"translucent": true,
		"translucentBlendOp": "PreMulAlpha",
		"translucentZWrite": false,
		"castShadows": false,
		"translucentRecvShadows": true,
		"dynamicCubemap": true,
		"activeLayers": 1,
		"materialTag0": "beamng",
		"order_simset": 0,
		"version": 1.5
	},
	"material_41_russ__bomber_temp12_on": {
		"name": "material_41_russ__bomber_temp12_on",
		"class": "Material",
		"mapTo": "material_41_russ__bomber_temp12_on",
		"Stages": [
			{
				"normalMap": "camso_alunormal.dds",
				"diffuseColor": [ 0.470588, 0.0666667, 0.0470588, 1 ],
				"roughnessFactor": 0,
				"metallicFactor": 0,
				"opacityFactor": 1,
				"emissiveFactor": [ 0.905694, 0.361288, 0.301898 ],
				"glow": true,
				"useAnisotropic": true
			},
			{
			},
			{
			},
			{
			}
		],
		"alphaRef": 1,
		"alphaTest": true,
		"translucent": true,
		"translucentBlendOp": "PreMulAlpha",
		"translucentZWrite": false,
		"castShadows": false,
		"translucentRecvShadows": true,
		"dynamicCubemap": true,
		"activeLayers": 1,
		"materialTag0": "beamng",
		"order_simset": 0,
		"version": 1.5
	},
	"material_41_russ__bomber_temp12_onIntense": {
		"name": "material_41_russ__bomber_temp12_onIntense",
		"class": "Material",
		"mapTo": "material_41_russ__bomber_temp12_onIntense",
		"Stages": [
			{
				"normalMap": "camso_alunormal.dds",
				"diffuseColor": [ 0.470588, 0.0666667, 0.0470588, 1 ],
				"roughnessFactor": 0,
				"metallicFactor": 0,
				"opacityFactor": 1,
				"emissiveFactor": [ 1, 0.398907, 0.333333 ],
				"glow": true,
				"useAnisotropic": true
			},
			{
			},
			{
			},
			{
			}
		],
		"alphaRef": 1,
		"alphaTest": true,
		"translucent": true,
		"translucentBlendOp": "PreMulAlpha",
		"translucentZWrite": false,
		"castShadows": false,
		"translucentRecvShadows": true,
		"dynamicCubemap": true,
		"activeLayers": 1,
		"materialTag0": "beamng",
		"order_simset": 0,
		"version": 1.5
	},
	"material_42_russ__bomber_temp12": {
		"name": "material_42_russ__bomber_temp12",
		"class": "Material",
		"mapTo": "material_42_russ__bomber_temp12",
		"Stages": [
			{
				"normalMap": "camso_col_0xff8080ff.dds",
				"diffuseColor": [ 0.603922, 0.603922, 0.623529, 1 ],
				"roughnessFactor": 0.03,
				"metallicFactor": 1
			},
			{
			},
			{
			},
			{
			}
		],
		"alphaRef": 1,
		"alphaTest": true,
		"translucent": false,
		"translucentBlendOp": "None",
		"doubleSided": true,
		"invertBackFaceNormals": true,
		"dynamicCubemap": true,
		"activeLayers": 1,
		"materialTag0": "beamng",
		"order_simset": 0,
		"version": 1.5
	},
	"material_43_russ__bomber_temp12": {
		"name": "material_43_russ__bomber_temp12",
		"class": "Material",
		"mapTo": "material_43_russ__bomber_temp12",
		"Stages": [
			{
				"normalMap": "camso_t_taillightreflector_03_normal.dds",
				"diffuseColor": [ 1, 1, 1, 1 ],
				"roughnessFactor": 0.02,
				"metallicFactor": 1,
				"useAnisotropic": true
			},
			{
			},
			{
			},
			{
			}
		],
		"alphaRef": 1,
		"alphaTest": true,
		"translucent": false,
		"translucentBlendOp": "None",
		"doubleSided": true,
		"invertBackFaceNormals": true,
		"dynamicCubemap": true,
		"activeLayers": 1,
		"materialTag0": "beamng",
		"order_simset": 0,
		"version": 1.5
	},
	"material_43_russ__bomber_temp12_off": {
		"name": "material_43_russ__bomber_temp12_off",
		"class": "Material",
		"mapTo": "material_43_russ__bomber_temp12_off",
		"Stages": [
			{
				"normalMap": "camso_t_taillightreflector_03_normal.dds",
				"diffuseColor": [ 1, 1, 1, 1 ],
				"roughnessFactor": 0.02,
				"metallicFactor": 1,
				"useAnisotropic": true
			},
			{
			},
			{
			},
			{
			}
		],
		"alphaRef": 1,
		"alphaTest": true,
		"translucent": false,
		"translucentBlendOp": "None",
		"doubleSided": true,
		"invertBackFaceNormals": true,
		"dynamicCubemap": true,
		"activeLayers": 1,
		"materialTag0": "beamng",
		"order_simset": 0,
		"version": 1.5
	},
	"material_43_russ__bomber_temp12_on": {
		"name": "material_43_russ__bomber_temp12_on",
		"class": "Material",
		"mapTo": "material_43_russ__bomber_temp12_on",
		"Stages": [
			{
				"normalMap": "camso_t_taillightreflector_03_normal.dds",
				"diffuseColor": [ 1, 1, 1, 1 ],
				"roughnessFactor": 0.02,
				"metallicFactor": 1,
				"emissiveFactor": [ 1, 1, 1 ],
				"glow": true,
				"useAnisotropic": true
			},
			{
			},
			{
			},
			{
			}
		],
		"alphaRef": 1,
		"alphaTest": true,
		"translucent": false,
		"translucentBlendOp": "None",
		"doubleSided": true,
		"invertBackFaceNormals": true,
		"dynamicCubemap": true,
		"activeLayers": 1,
		"materialTag0": "beamng",
		"order_simset": 0,
		"version": 1.5
	},
	"material_43_russ__bomber_temp12_onIntense": {
		"name": "material_43_russ__bomber_temp12_onIntense",
		"class": "Material",
		"mapTo": "material_43_russ__bomber_temp12_onIntense",
		"Stages": [
			{
				"normalMap": "camso_t_taillightreflector_03_normal.dds",
				"diffuseColor": [ 1, 1, 1, 1 ],
				"roughnessFactor": 0.02,
				"metallicFactor": 1,
				"emissiveFactor": [ 1, 1, 1 ],
				"glow": true,
				"useAnisotropic": true
			},
			{
			},
			{
			},
			{
			}
		],
		"alphaRef": 1,
		"alphaTest": true,
		"translucent": false,
		"translucentBlendOp": "None",
		"doubleSided": true,
		"invertBackFaceNormals": true,
		"dynamicCubemap": true,
		"activeLayers": 1,
		"materialTag0": "beamng",
		"order_simset": 0,
		"version": 1.5
	},
	"material_44_russ__bomber_temp12": {
		"name": "material_44_russ__bomber_temp12",
		"class": "Material",
		"mapTo": "material_44_russ__bomber_temp12",
		"Stages": [
			{
				"normalMap": "camso_col_0xff8080ff.dds",
				"diffuseColor": [ 0.247059, 0.247059, 0.247059, 1 ],
				"roughnessFactor": 0.3,
				"metallicFactor": 0
			},
			{
			},
			{
			},
			{
			}
		],
		"alphaRef": 1,
		"alphaTest": true,
		"translucent": false,
		"translucentBlendOp": "None",
		"doubleSided": true,
		"invertBackFaceNormals": true,
		"dynamicCubemap": true,
		"activeLayers": 1,
		"materialTag0": "beamng",
		"order_simset": 0,
		"version": 1.5
	},
	"material_45_russ__bomber_temp12": {
		"name": "material_45_russ__bomber_temp12",
		"class": "Material",
		"mapTo": "material_45_russ__bomber_temp12",
		"Stages": [
			{
				"normalMap": "camso_t_blanknormal.dds",
				"diffuseColor": [ 0.913725, 0.490196, 0.14902, 0.8 ],
				"roughnessFactor": 0,
				"metallicFactor": 1,
				"opacityFactor": 0.8,
				"useAnisotropic": true
			},
			{
			},
			{
			},
			{
			}
		],
		"alphaRef": 1,
		"alphaTest": true,
		"translucent": true,
		"translucentBlendOp": "PreMulAlpha",
		"translucentZWrite": false,
		"castShadows": false,
		"translucentRecvShadows": true,
		"dynamicCubemap": true,
		"activeLayers": 1,
		"materialTag0": "beamng",
		"order_simset": 0,
		"version": 1.5
	},
	"material_45_russ__bomber_temp12_off": {
		"name": "material_45_russ__bomber_temp12_off",
		"class": "Material",
		"mapTo": "material_45_russ__bomber_temp12_off",
		"Stages": [
			{
				"normalMap": "camso_t_blanknormal.dds",
				"diffuseColor": [ 0.913725, 0.490196, 0.14902, 0.8 ],
				"roughnessFactor": 0,
				"metallicFactor": 1,
				"opacityFactor": 0.8,
				"useAnisotropic": true
			},
			{
			},
			{
			},
			{
			}
		],
		"alphaRef": 1,
		"alphaTest": true,
		"translucent": true,
		"translucentBlendOp": "PreMulAlpha",
		"translucentZWrite": false,
		"castShadows": false,
		"translucentRecvShadows": true,
		"dynamicCubemap": true,
		"activeLayers": 1,
		"materialTag0": "beamng",
		"order_simset": 0,
		"version": 1.5
	},
	"material_45_russ__bomber_temp12_on": {
		"name": "material_45_russ__bomber_temp12_on",
		"class": "Material",
		"mapTo": "material_45_russ__bomber_temp12_on",
		"Stages": [
			{
				"normalMap": "camso_t_blanknormal.dds",
				"diffuseColor": [ 0.913725, 0.490196, 0.14902, 0.8 ],
				"roughnessFactor": 0,
				"metallicFactor": 1,
				"opacityFactor": 0.8,
				"emissiveFactor": [ 0.986902, 0.745212, 0.422958 ],
				"glow": true,
				"useAnisotropic": true
			},
			{
			},
			{
			},
			{
			}
		],
		"alphaRef": 1,
		"alphaTest": true,
		"translucent": true,
		"translucentBlendOp": "PreMulAlpha",
		"translucentZWrite": false,
		"castShadows": false,
		"translucentRecvShadows": true,
		"dynamicCubemap": true,
		"activeLayers": 1,
		"materialTag0": "beamng",
		"order_simset": 0,
		"version": 1.5
	},
	"material_45_russ__bomber_temp12_onIntense": {
		"name": "material_45_russ__bomber_temp12_onIntense",
		"class": "Material",
		"mapTo": "material_45_russ__bomber_temp12_onIntense",
		"Stages": [
			{
				"normalMap": "camso_t_blanknormal.dds",
				"diffuseColor": [ 0.913725, 0.490196, 0.14902, 0.8 ],
				"roughnessFactor": 0,
				"metallicFactor": 1,
				"opacityFactor": 0.8,
				"emissiveFactor": [ 1, 0.755102, 0.428571 ],
				"glow": true,
				"useAnisotropic": true
			},
			{
			},
			{
			},
			{
			}
		],
		"alphaRef": 1,
		"alphaTest": true,
		"translucent": true,
		"translucentBlendOp": "PreMulAlpha",
		"translucentZWrite": false,
		"castShadows": false,
		"translucentRecvShadows": true,
		"dynamicCubemap": true,
		"activeLayers": 1,
		"materialTag0": "beamng",
		"order_simset": 0,
		"version": 1.5
	},
	"material_46_russ__bomber_temp12": {
		"name": "material_46_russ__bomber_temp12",
		"class": "Material",
		"mapTo": "material_46_russ__bomber_temp12",
		"Stages": [
			{
				"normalMap": "camso_t_blanknormal.dds",
				"diffuseColor": [ 0.984314, 0.988235, 0.988235, 0.298039 ],
				"roughnessFactor": 0,
				"metallicFactor": 1,
				"opacityFactor": 0.298039,
				"useAnisotropic": true
			},
			{
			},
			{
			},
			{
			}
		],
		"alphaRef": 1,
		"alphaTest": true,
		"translucent": true,
		"translucentBlendOp": "AddAlpha",
		"translucentZWrite": false,
		"castShadows": false,
		"translucentRecvShadows": true,
		"dynamicCubemap": true,
		"activeLayers": 1,
		"materialTag0": "beamng",
		"order_simset": 0,
		"version": 1.5
	},
	"material_46_russ__bomber_temp12_off": {
		"name": "material_46_russ__bomber_temp12_off",
		"class": "Material",
		"mapTo": "material_46_russ__bomber_temp12_off",
		"Stages": [
			{
				"normalMap": "camso_t_blanknormal.dds",
				"diffuseColor": [ 0.984314, 0.988235, 0.988235, 0.298039 ],
				"roughnessFactor": 0,
				"metallicFactor": 1,
				"opacityFactor": 0.298039,
				"useAnisotropic": true
			},
			{
			},
			{
			},
			{
			}
		],
		"alphaRef": 1,
		"alphaTest": true,
		"translucent": true,
		"translucentBlendOp": "AddAlpha",
		"translucentZWrite": false,
		"castShadows": false,
		"translucentRecvShadows": true,
		"dynamicCubemap": true,
		"activeLayers": 1,
		"materialTag0": "beamng",
		"order_simset": 0,
		"version": 1.5
	},
	"material_46_russ__bomber_temp12_on": {
		"name": "material_46_russ__bomber_temp12_on",
		"class": "Material",
		"mapTo": "material_46_russ__bomber_temp12_on",
		"Stages": [
			{
				"normalMap": "camso_t_blanknormal.dds",
				"diffuseColor": [ 0.984314, 0.988235, 0.988235, 0.298039 ],
				"roughnessFactor": 0,
				"metallicFactor": 1,
				"opacityFactor": 0.298039,
				"emissiveFactor": [ 1, 1, 1 ],
				"glow": true,
				"useAnisotropic": true
			},
			{
			},
			{
			},
			{
			}
		],
		"alphaRef": 1,
		"alphaTest": true,
		"translucent": true,
		"translucentBlendOp": "AddAlpha",
		"translucentZWrite": false,
		"castShadows": false,
		"translucentRecvShadows": true,
		"dynamicCubemap": true,
		"activeLayers": 1,
		"materialTag0": "beamng",
		"order_simset": 0,
		"version": 1.5
	},
	"material_46_russ__bomber_temp12_onIntense": {
		"name": "material_46_russ__bomber_temp12_onIntense",
		"class": "Material",
		"mapTo": "material_46_russ__bomber_temp12_onIntense",
		"Stages": [
			{
				"normalMap": "camso_t_blanknormal.dds",
				"diffuseColor": [ 0.984314, 0.988235, 0.988235, 0.298039 ],
				"roughnessFactor": 0,
				"metallicFactor": 1,
				"opacityFactor": 0.298039,
				"emissiveFactor": [ 1, 1, 1 ],
				"glow": true,
				"useAnisotropic": true
			},
			{
			},
			{
			},
			{
			}
		],
		"alphaRef": 1,
		"alphaTest": true,
		"translucent": true,
		"translucentBlendOp": "AddAlpha",
		"translucentZWrite": false,
		"castShadows": false,
		"translucentRecvShadows": true,
		"dynamicCubemap": true,
		"activeLayers": 1,
		"materialTag0": "beamng",
		"order_simset": 0,
		"version": 1.5
	},
	"material_47_russ__bomber_temp12": {
		"name": "material_47_russ__bomber_temp12",
		"class": "Material",
		"mapTo": "material_47_russ__bomber_temp12",
		"Stages": [
			{
				"normalMap": "camso_t_blanknormal.dds",
				"diffuseColor": [ 0.654902, 0.0588235, 0.0862745, 0.94902 ],
				"roughnessFactor": 0,
				"metallicFactor": 0,
				"opacityFactor": 0.94902,
				"useAnisotropic": true
			},
			{
			},
			{
			},
			{
			}
		],
		"alphaRef": 1,
		"alphaTest": true,
		"translucent": true,
		"translucentBlendOp": "PreMulAlpha",
		"translucentZWrite": false,
		"castShadows": false,
		"translucentRecvShadows": true,
		"dynamicCubemap": true,
		"activeLayers": 1,
		"materialTag0": "beamng",
		"order_simset": 0,
		"version": 1.5
	},
	"material_47_russ__bomber_temp12_off": {
		"name": "material_47_russ__bomber_temp12_off",
		"class": "Material",
		"mapTo": "material_47_russ__bomber_temp12_off",
		"Stages": [
			{
				"normalMap": "camso_t_blanknormal.dds",
				"diffuseColor": [ 0.654902, 0.0588235, 0.0862745, 0.94902 ],
				"roughnessFactor": 0,
				"metallicFactor": 0,
				"opacityFactor": 0.94902,
				"useAnisotropic": true
			},
			{
			},
			{
			},
			{
			}
		],
		"alphaRef": 1,
		"alphaTest": true,
		"translucent": true,
		"translucentBlendOp": "PreMulAlpha",
		"translucentZWrite": false,
		"castShadows": false,
		"translucentRecvShadows": true,
		"dynamicCubemap": true,
		"activeLayers": 1,
		"materialTag0": "beamng",
		"order_simset": 0,
		"version": 1.5
	},
	"material_47_russ__bomber_temp12_on": {
		"name": "material_47_russ__bomber_temp12_on",
		"class": "Material",
		"mapTo": "material_47_russ__bomber_temp12_on",
		"Stages": [
			{
				"normalMap": "camso_t_blanknormal.dds",
				"diffuseColor": [ 0.654902, 0.0588235, 0.0862745, 0.94902 ],
				"roughnessFactor": 0,
				"metallicFactor": 0,
				"opacityFactor": 0.94902,
				"emissiveFactor": [ 0.942369, 0.303702, 0.361762 ],
				"glow": true,
				"useAnisotropic": true
			},
			{
			},
			{
			},
			{
			}
		],
		"alphaRef": 1,
		"alphaTest": true,
		"translucent": true,
		"translucentBlendOp": "PreMulAlpha",
		"translucentZWrite": false,
		"castShadows": false,
		"translucentRecvShadows": true,
		"dynamicCubemap": true,
		"activeLayers": 1,
		"materialTag0": "beamng",
		"order_simset": 0,
		"version": 1.5
	},
	"material_47_russ__bomber_temp12_onIntense": {
		"name": "material_47_russ__bomber_temp12_onIntense",
		"class": "Material",
		"mapTo": "material_47_russ__bomber_temp12_onIntense",
		"Stages": [
			{
				"normalMap": "camso_t_blanknormal.dds",
				"diffuseColor": [ 0.654902, 0.0588235, 0.0862745, 0.94902 ],
				"roughnessFactor": 0,
				"metallicFactor": 0,
				"opacityFactor": 0.94902,
				"emissiveFactor": [ 1, 0.322275, 0.383886 ],
				"glow": true,
				"useAnisotropic": true
			},
			{
			},
			{
			},
			{
			}
		],
		"alphaRef": 1,
		"alphaTest": true,
		"translucent": true,
		"translucentBlendOp": "PreMulAlpha",
		"translucentZWrite": false,
		"castShadows": false,
		"translucentRecvShadows": true,
		"dynamicCubemap": true,
		"activeLayers": 1,
		"materialTag0": "beamng",
		"order_simset": 0,
		"version": 1.5
	},
	"material_48_russ__bomber_temp12": {
		"name": "material_48_russ__bomber_temp12",
		"class": "Material",
		"mapTo": "material_48_russ__bomber_temp12",
		"Stages": [
			{
				"normalMap": "camso_t_blanknormal.dds",
				"diffuseColor": [ 0.913725, 0.490196, 0.14902, 0.8 ],
				"roughnessFactor": 0,
				"metallicFactor": 1,
				"opacityFactor": 0.8,
				"useAnisotropic": true
			},
			{
			},
			{
			},
			{
			}
		],
		"alphaRef": 1,
		"alphaTest": true,
		"translucent": true,
		"translucentBlendOp": "PreMulAlpha",
		"translucentZWrite": false,
		"castShadows": false,
		"translucentRecvShadows": true,
		"dynamicCubemap": true,
		"activeLayers": 1,
		"materialTag0": "beamng",
		"order_simset": 0,
		"version": 1.5
	},
	"material_48_russ__bomber_temp12_off": {
		"name": "material_48_russ__bomber_temp12_off",
		"class": "Material",
		"mapTo": "material_48_russ__bomber_temp12_off",
		"Stages": [
			{
				"normalMap": "camso_t_blanknormal.dds",
				"diffuseColor": [ 0.913725, 0.490196, 0.14902, 0.8 ],
				"roughnessFactor": 0,
				"metallicFactor": 1,
				"opacityFactor": 0.8,
				"useAnisotropic": true
			},
			{
			},
			{
			},
			{
			}
		],
		"alphaRef": 1,
		"alphaTest": true,
		"translucent": true,
		"translucentBlendOp": "PreMulAlpha",
		"translucentZWrite": false,
		"castShadows": false,
		"translucentRecvShadows": true,
		"dynamicCubemap": true,
		"activeLayers": 1,
		"materialTag0": "beamng",
		"order_simset": 0,
		"version": 1.5
	},
	"material_48_russ__bomber_temp12_on": {
		"name": "material_48_russ__bomber_temp12_on",
		"class": "Material",
		"mapTo": "material_48_russ__bomber_temp12_on",
		"Stages": [
			{
				"normalMap": "camso_t_blanknormal.dds",
				"diffuseColor": [ 0.913725, 0.490196, 0.14902, 0.8 ],
				"roughnessFactor": 0,
				"metallicFactor": 1,
				"opacityFactor": 0.8,
				"emissiveFactor": [ 0.986902, 0.745212, 0.422958 ],
				"glow": true,
				"useAnisotropic": true
			},
			{
			},
			{
			},
			{
			}
		],
		"alphaRef": 1,
		"alphaTest": true,
		"translucent": true,
		"translucentBlendOp": "PreMulAlpha",
		"translucentZWrite": false,
		"castShadows": false,
		"translucentRecvShadows": true,
		"dynamicCubemap": true,
		"activeLayers": 1,
		"materialTag0": "beamng",
		"order_simset": 0,
		"version": 1.5
	},
	"material_48_russ__bomber_temp12_onIntense": {
		"name": "material_48_russ__bomber_temp12_onIntense",
		"class": "Material",
		"mapTo": "material_48_russ__bomber_temp12_onIntense",
		"Stages": [
			{
				"normalMap": "camso_t_blanknormal.dds",
				"diffuseColor": [ 0.913725, 0.490196, 0.14902, 0.8 ],
				"roughnessFactor": 0,
				"metallicFactor": 1,
				"opacityFactor": 0.8,
				"emissiveFactor": [ 1, 0.755102, 0.428571 ],
				"glow": true,
				"useAnisotropic": true
			},
			{
			},
			{
			},
			{
			}
		],
		"alphaRef": 1,
		"alphaTest": true,
		"translucent": true,
		"translucentBlendOp": "PreMulAlpha",
		"translucentZWrite": false,
		"castShadows": false,
		"translucentRecvShadows": true,
		"dynamicCubemap": true,
		"activeLayers": 1,
		"materialTag0": "beamng",
		"order_simset": 0,
		"version": 1.5
	},
	"material_49_russ__bomber_temp12": {
		"name": "material_49_russ__bomber_temp12",
		"class": "Material",
		"mapTo": "material_49_russ__bomber_temp12",
		"Stages": [
			{
				"normalMap": "camso_col_0xff8080ff.dds",
				"diffuseColor": [ 0.247059, 0.247059, 0.247059, 1 ],
				"roughnessFactor": 0.3,
				"metallicFactor": 0
			},
			{
			},
			{
			},
			{
			}
		],
		"alphaRef": 1,
		"alphaTest": true,
		"translucent": false,
		"translucentBlendOp": "None",
		"doubleSided": true,
		"invertBackFaceNormals": true,
		"dynamicCubemap": true,
		"activeLayers": 1,
		"materialTag0": "beamng",
		"order_simset": 0,
		"version": 1.5
	},
	"material_50_russ__bomber_efixturetype__eft_aerial013": {
		"name": "material_50_russ__bomber_efixturetype__eft_aerial013",
		"class": "Material",
		"mapTo": "material_50_russ__bomber_efixturetype__eft_aerial013",
		"Stages": [
			{
				"normalMap": "camso_col_0xff8080ff.dds",
				"diffuseColor": [ 0.247059, 0.247059, 0.247059, 1 ],
				"roughnessFactor": 0.3,
				"metallicFactor": 0
			},
			{
			},
			{
			},
			{
			}
		],
		"alphaRef": 1,
		"alphaTest": true,
		"translucent": false,
		"translucentBlendOp": "None",
		"doubleSided": true,
		"invertBackFaceNormals": true,
		"dynamicCubemap": true,
		"activeLayers": 1,
		"materialTag0": "beamng",
		"order_simset": 0,
		"version": 1.5
	},
	"material_51_russ__bomber_efixturetype__eft_aerial013": {
		"name": "material_51_russ__bomber_efixturetype__eft_aerial013",
		"class": "Material",
		"mapTo": "material_51_russ__bomber_efixturetype__eft_aerial013",
		"Stages": [
			{
				"normalMap": "camso_t_blanknormal.dds",
				"diffuseColor": [ 0.894118, 0.898039, 0.894118, 1 ],
				"roughnessFactor": 0,
				"metallicFactor": 0,
				"opacityFactor": 1,
				"useAnisotropic": true
			},
			{
			},
			{
			},
			{
			}
		],
		"alphaRef": 1,
		"alphaTest": true,
		"translucent": true,
		"translucentBlendOp": "PreMulAlpha",
		"translucentZWrite": false,
		"castShadows": false,
		"translucentRecvShadows": true,
		"dynamicCubemap": true,
		"activeLayers": 1,
		"materialTag0": "beamng",
		"order_simset": 0,
		"version": 1.5
	},
	"material_51_russ__bomber_efixturetype__eft_aerial013_off": {
		"name": "material_51_russ__bomber_efixturetype__eft_aerial013_off",
		"class": "Material",
		"mapTo": "material_51_russ__bomber_efixturetype__eft_aerial013_off",
		"Stages": [
			{
				"normalMap": "camso_t_blanknormal.dds",
				"diffuseColor": [ 0.894118, 0.898039, 0.894118, 1 ],
				"roughnessFactor": 0,
				"metallicFactor": 0,
				"opacityFactor": 1,
				"useAnisotropic": true
			},
			{
			},
			{
			},
			{
			}
		],
		"alphaRef": 1,
		"alphaTest": true,
		"translucent": true,
		"translucentBlendOp": "PreMulAlpha",
		"translucentZWrite": false,
		"castShadows": false,
		"translucentRecvShadows": true,
		"dynamicCubemap": true,
		"activeLayers": 1,
		"materialTag0": "beamng",
		"order_simset": 0,
		"version": 1.5
	},
	"material_51_russ__bomber_efixturetype__eft_aerial013_on": {
		"name": "material_51_russ__bomber_efixturetype__eft_aerial013_on",
		"class": "Material",
		"mapTo": "material_51_russ__bomber_efixturetype__eft_aerial013_on",
		"Stages": [
			{
				"normalMap": "camso_t_blanknormal.dds",
				"diffuseColor": [ 0.894118, 0.898039, 0.894118, 1 ],
				"roughnessFactor": 0,
				"metallicFactor": 0,
				"opacityFactor": 1,
				"emissiveFactor": [ 0.981553, 0.985592, 0.981553 ],
				"glow": true,
				"useAnisotropic": true
			},
			{
			},
			{
			},
			{
			}
		],
		"alphaRef": 1,
		"alphaTest": true,
		"translucent": true,
		"translucentBlendOp": "PreMulAlpha",
		"translucentZWrite": false,
		"castShadows": false,
		"translucentRecvShadows": true,
		"dynamicCubemap": true,
		"activeLayers": 1,
		"materialTag0": "beamng",
		"order_simset": 0,
		"version": 1.5
	},
	"material_51_russ__bomber_efixturetype__eft_aerial013_onIntense": {
		"name": "material_51_russ__bomber_efixturetype__eft_aerial013_onIntense",
		"class": "Material",
		"mapTo": "material_51_russ__bomber_efixturetype__eft_aerial013_onIntense",
		"Stages": [
			{
				"normalMap": "camso_t_blanknormal.dds",
				"diffuseColor": [ 0.894118, 0.898039, 0.894118, 1 ],
				"roughnessFactor": 0,
				"metallicFactor": 0,
				"opacityFactor": 1,
				"emissiveFactor": [ 0.995902, 1, 0.995902 ],
				"glow": true,
				"useAnisotropic": true
			},
			{
			},
			{
			},
			{
			}
		],
		"alphaRef": 1,
		"alphaTest": true,
		"translucent": true,
		"translucentBlendOp": "PreMulAlpha",
		"translucentZWrite": false,
		"castShadows": false,
		"translucentRecvShadows": true,
		"dynamicCubemap": true,
		"activeLayers": 1,
		"materialTag0": "beamng",
		"order_simset": 0,
		"version": 1.5
	},
	"material_52_russ__bomber_temp14": {
		"name": "material_52_russ__bomber_temp14",
		"class": "Material",
		"mapTo": "material_52_russ__bomber_temp14",
		"Stages": [
			{
				"normalMap": "camso_ukplatenormal.dds",
				"diffuseMap": "camso_ukplatef.dds",
				"diffuseColor": [ 1, 1, 1, 1 ],
				"roughnessFactor": 0,
				"metallicFactor": 0,
				"useAnisotropic": true
			},
			{
			},
			{
			},
			{
			}
		],
		"alphaRef": 1,
		"alphaTest": true,
		"translucent": false,
		"translucentBlendOp": "None",
		"doubleSided": true,
		"invertBackFaceNormals": true,
		"dynamicCubemap": true,
		"activeLayers": 1,
		"materialTag0": "beamng",
		"order_simset": 0,
		"version": 1.5
	},
	"material_53_russ__bomber_v60_ohv_2_mid_c_2146509131_sectionmesh_inl_ohv_2_head_mid14": {
		"name": "material_53_russ__bomber_v60_ohv_2_mid_c_2146509131_sectionmesh_inl_ohv_2_head_mid14",
		"class": "Material",
		"mapTo": "material_53_russ__bomber_v60_ohv_2_mid_c_2146509131_sectionmesh_inl_ohv_2_head_mid14",
		"Stages": [
			{
				"normalMap": "camso_col_0xff8080ff.dds",
				"diffuseColor": [ 0.866667, 0.878431, 0.905882, 1 ],
				"roughnessFactor": 0.9,
				"metallicFactor": 0.4
			},
			{
			},
			{
			},
			{
			}
		],
		"alphaRef": 1,
		"alphaTest": true,
		"translucent": false,
		"translucentBlendOp": "None",
		"doubleSided": true,
		"invertBackFaceNormals": true,
		"dynamicCubemap": true,
		"activeLayers": 1,
		"materialTag0": "beamng",
		"order_simset": 0,
		"version": 1.5
	},
	"material_54_russ__bomber_v60_ohv_2_mid_c_2146509131_sectionmesh_inl_ohv_2_head_mid14": {
		"name": "material_54_russ__bomber_v60_ohv_2_mid_c_2146509131_sectionmesh_inl_ohv_2_head_mid14",
		"class": "Material",
		"mapTo": "material_54_russ__bomber_v60_ohv_2_mid_c_2146509131_sectionmesh_inl_ohv_2_head_mid14",
		"Stages": [
			{
				"normalMap": "camso_headfacingnormal.dds",
				"diffuseColor": [ 1, 1, 1, 1 ],
				"roughnessFactor": 0,
				"metallicFactor": 0,
				"useAnisotropic": true
			},
			{
			},
			{
			},
			{
			}
		],
		"alphaRef": 1,
		"alphaTest": true,
		"translucent": false,
		"translucentBlendOp": "None",
		"doubleSided": true,
		"invertBackFaceNormals": true,
		"dynamicCubemap": true,
		"activeLayers": 1,
		"materialTag0": "beamng",
		"order_simset": 0,
		"version": 1.5
	},
	"material_55_russ__bomber_v60_ohv_2_mid_c_2146509131_sectionmesh_inl_ohv_2_head_mid14": {
		"name": "material_55_russ__bomber_v60_ohv_2_mid_c_2146509131_sectionmesh_inl_ohv_2_head_mid14",
		"class": "Material",
		"mapTo": "material_55_russ__bomber_v60_ohv_2_mid_c_2146509131_sectionmesh_inl_ohv_2_head_mid14",
		"Stages": [
			{
				"normalMap": "camso_col_0xff8080ff.dds",
				"diffuseColor": [ 0.737255, 0.737255, 0.737255, 1 ],
				"roughnessFactor": 0.25,
				"metallicFactor": 1
			},
			{
			},
			{
			},
			{
			}
		],
		"alphaRef": 1,
		"alphaTest": true,
		"translucent": false,
		"translucentBlendOp": "None",
		"doubleSided": true,
		"invertBackFaceNormals": true,
		"dynamicCubemap": true,
		"activeLayers": 1,
		"materialTag0": "beamng",
		"order_simset": 0,
		"version": 1.5
	},
	"material_56_russ__bomber_v60_ohv_2_mid_c_2146509131_sectionmesh_inl_ohv_2_head_mid14": {
		"name": "material_56_russ__bomber_v60_ohv_2_mid_c_2146509131_sectionmesh_inl_ohv_2_head_mid14",
		"class": "Material",
		"mapTo": "material_56_russ__bomber_v60_ohv_2_mid_c_2146509131_sectionmesh_inl_ohv_2_head_mid14",
		"Stages": [
			{
				"normalMap": "camso_col_0xff8080ff.dds",
				"diffuseMap": "camso_threadtester.dds",
				"diffuseColor": [ 0.792157, 0.752941, 0.635294, 1 ],
				"roughnessFactor": 0.4,
				"metallicFactor": 1,
				"useAnisotropic": true
			},
			{
			},
			{
			},
			{
			}
		],
		"alphaRef": 1,
		"alphaTest": true,
		"translucent": false,
		"translucentBlendOp": "None",
		"doubleSided": true,
		"invertBackFaceNormals": true,
		"dynamicCubemap": true,
		"activeLayers": 1,
		"materialTag0": "beamng",
		"order_simset": 0,
		"version": 1.5
	},
	"material_57_russ__bomber_v60_ohv_2_mid_c_2146509131_sectionmesh_inl_ohv_2_head_mid14": {
		"name": "material_57_russ__bomber_v60_ohv_2_mid_c_2146509131_sectionmesh_inl_ohv_2_head_mid14",
		"class": "Material",
		"mapTo": "material_57_russ__bomber_v60_ohv_2_mid_c_2146509131_sectionmesh_inl_ohv_2_head_mid14",
		"Stages": [
			{
				"normalMap": "camso_col_0xff8080ff.dds",
				"diffuseColor": [ 0.94902, 0.854902, 0.639216, 1 ],
				"roughnessFactor": 0.2,
				"metallicFactor": 1
			},
			{
			},
			{
			},
			{
			}
		],
		"alphaRef": 1,
		"alphaTest": true,
		"translucent": false,
		"translucentBlendOp": "None",
		"doubleSided": true,
		"invertBackFaceNormals": true,
		"dynamicCubemap": true,
		"activeLayers": 1,
		"materialTag0": "beamng",
		"order_simset": 0,
		"version": 1.5
	},
	"material_58_russ__bomber_v60_ohv_2_mid_c_2146509131_sohc_camshaftsection_sohc_camshaftsection15": {
		"name": "material_58_russ__bomber_v60_ohv_2_mid_c_2146509131_sohc_camshaftsection_sohc_camshaftsection15",
		"class": "Material",
		"mapTo": "material_58_russ__bomber_v60_ohv_2_mid_c_2146509131_sohc_camshaftsection_sohc_camshaftsection15",
		"Stages": [
			{
				"normalMap": "camso_pittedironnormal.dds",
				"diffuseColor": [ 0.517647, 0.521569, 0.513725, 1 ],
				"roughnessFactor": 0.9,
				"metallicFactor": 0.2,
				"useAnisotropic": true
			},
			{
			},
			{
			},
			{
			}
		],
		"alphaRef": 1,
		"alphaTest": true,
		"translucent": false,
		"translucentBlendOp": "None",
		"doubleSided": true,
		"invertBackFaceNormals": true,
		"dynamicCubemap": true,
		"activeLayers": 1,
		"materialTag0": "beamng",
		"order_simset": 0,
		"version": 1.5
	},
	"material_59_russ__bomber_inl_ohv_2_rockercover_2_mid_c_2146509126_staticmesh_inl_ohv_2_rockercover_2_mid16": {
		"name": "material_59_russ__bomber_inl_ohv_2_rockercover_2_mid_c_2146509126_staticmesh_inl_ohv_2_rockercover_2_mid16",
		"class": "Material",
		"mapTo": "material_59_russ__bomber_inl_ohv_2_rockercover_2_mid_c_2146509126_staticmesh_inl_ohv_2_rockercover_2_mid16",
		"Stages": [
			{
				"normalMap": "camso_pittedironnormal.dds",
				"diffuseColor": [ 0.847059, 0.0941176, 0, 1 ],
				"roughnessFactor": 0.3,
				"metallicFactor": 0,
				"useAnisotropic": true
			},
			{
			},
			{
			},
			{
			}
		],
		"alphaRef": 1,
		"alphaTest": true,
		"translucent": false,
		"translucentBlendOp": "None",
		"doubleSided": true,
		"invertBackFaceNormals": true,
		"dynamicCubemap": true,
		"activeLayers": 1,
		"materialTag0": "beamng",
		"order_simset": 0,
		"version": 1.5
	},
	"material_60_russ__bomber_inl_ohv_2_rockercover_2_mid_c_2146509126_staticmesh_inl_ohv_2_rockercover_2_mid16": {
		"name": "material_60_russ__bomber_inl_ohv_2_rockercover_2_mid_c_2146509126_staticmesh_inl_ohv_2_rockercover_2_mid16",
		"class": "Material",
		"mapTo": "material_60_russ__bomber_inl_ohv_2_rockercover_2_mid_c_2146509126_staticmesh_inl_ohv_2_rockercover_2_mid16",
		"Stages": [
			{
				"normalMap": "camso_t_rustandscratches_normal.dds",
				"clearCoatFactor": 0.5,
				"clearCoatRoughnessFactor": 0,
				"diffuseColor": [ 0.741176, 0.741176, 0.741176, 1 ],
				"roughnessFactor": 0.279817,
				"metallicFactor": 1,
				"useAnisotropic": true
			},
			{
			},
			{
			},
			{
			}
		],
		"alphaRef": 1,
		"alphaTest": true,
		"translucent": false,
		"translucentBlendOp": "None",
		"doubleSided": true,
		"invertBackFaceNormals": true,
		"dynamicCubemap": true,
		"activeLayers": 1,
		"materialTag0": "beamng",
		"order_simset": 0,
		"version": 1.5
	},
	"material_61_russ__bomber_inl_ohv_2_rockercover_2_front_c_2146509124_staticmesh_inl_ohv_2_rockercover_2_front18": {
		"name": "material_61_russ__bomber_inl_ohv_2_rockercover_2_front_c_2146509124_staticmesh_inl_ohv_2_rockercover_2_front18",
		"class": "Material",
		"mapTo": "material_61_russ__bomber_inl_ohv_2_rockercover_2_front_c_2146509124_staticmesh_inl_ohv_2_rockercover_2_front18",
		"Stages": [
			{
				"normalMap": "camso_col_0xff8080ff.dds",
				"diffuseColor": [ 0.168627, 0.168627, 0.168627, 0 ],
				"roughnessFactor": 0.05,
				"metallicFactor": 0
			},
			{
			},
			{
			},
			{
			}
		],
		"alphaRef": 1,
		"alphaTest": true,
		"translucent": false,
		"translucentBlendOp": "None",
		"doubleSided": true,
		"invertBackFaceNormals": true,
		"dynamicCubemap": true,
		"activeLayers": 1,
		"materialTag0": "beamng",
		"order_simset": 0,
		"version": 1.5
	},
	"material_62_russ__bomber_v60_ohv_intake_adapter_c_2146509073_mesh_v60_ohv_intake_adapter48": {
		"name": "material_62_russ__bomber_v60_ohv_intake_adapter_c_2146509073_mesh_v60_ohv_intake_adapter48",
		"class": "Material",
		"mapTo": "material_62_russ__bomber_v60_ohv_intake_adapter_c_2146509073_mesh_v60_ohv_intake_adapter48",
		"Stages": [
			{
				"normalMap": "camso_col_0xff8080ff.dds",
				"diffuseColor": [ 0.913725, 0.984314, 1, 1 ],
				"roughnessFactor": 0.19,
				"metallicFactor": 1
			},
			{
			},
			{
			},
			{
			}
		],
		"alphaRef": 1,
		"alphaTest": true,
		"translucent": false,
		"translucentBlendOp": "None",
		"doubleSided": true,
		"invertBackFaceNormals": true,
		"dynamicCubemap": true,
		"activeLayers": 1,
		"materialTag0": "beamng",
		"order_simset": 0,
		"version": 1.5
	},
	"material_63_russ__bomber_v60_intakemanifold_sdft_race_front_c_2147457563_staticmesh_v60_intakemanifold_sdft_race_front58": {
		"name": "material_63_russ__bomber_v60_intakemanifold_sdft_race_front_c_2147457563_staticmesh_v60_intakemanifold_sdft_race_front58",
		"class": "Material",
		"mapTo": "material_63_russ__bomber_v60_intakemanifold_sdft_race_front_c_2147457563_staticmesh_v60_intakemanifold_sdft_race_front58",
		"Stages": [
			{
				"normalMap": "camso_pittedironnormal.dds",
				"diffuseColor": [ 0.847059, 0.0941176, 0, 1 ],
				"roughnessFactor": 0.3,
				"metallicFactor": 0,
				"useAnisotropic": true
			},
			{
			},
			{
			},
			{
			}
		],
		"alphaRef": 1,
		"alphaTest": true,
		"translucent": false,
		"translucentBlendOp": "None",
		"doubleSided": true,
		"invertBackFaceNormals": true,
		"dynamicCubemap": true,
		"activeLayers": 1,
		"materialTag0": "beamng",
		"order_simset": 0,
		"version": 1.5
	},
	"material_64_russ__bomber_a_fuelsystem_sdft_c_2147457559_staticmesh_fuelsystem_sdft62": {
		"name": "material_64_russ__bomber_a_fuelsystem_sdft_c_2147457559_staticmesh_fuelsystem_sdft62",
		"class": "Material",
		"mapTo": "material_64_russ__bomber_a_fuelsystem_sdft_c_2147457559_staticmesh_fuelsystem_sdft62",
		"Stages": [
			{
				"normalMap": "camso_col_0xff8080ff.dds",
				"diffuseColor": [ 0, 0, 0, 0 ],
				"roughnessFactor": 0,
				"metallicFactor": 0
			},
			{
			},
			{
			},
			{
			}
		],
		"alphaRef": 1,
		"alphaTest": true,
		"translucent": false,
		"translucentBlendOp": "None",
		"doubleSided": true,
		"invertBackFaceNormals": true,
		"dynamicCubemap": true,
		"activeLayers": 1,
		"materialTag0": "beamng",
		"order_simset": 0,
		"version": 1.5
	},
	"material_65_russ__bomber_v60_ohv_2_belt_c_2146508822_v6_alternator_v_alternator_modern67": {
		"name": "material_65_russ__bomber_v60_ohv_2_belt_c_2146508822_v6_alternator_v_alternator_modern67",
		"class": "Material",
		"mapTo": "material_65_russ__bomber_v60_ohv_2_belt_c_2146508822_v6_alternator_v_alternator_modern67",
		"Stages": [
			{
				"normalMap": "camso_alternator_modern_low_m_alternator_modern_normal.dds",
				"diffuseColor": [ 1, 1, 1, 1 ],
				"roughnessFactor": 0,
				"metallicFactor": 0,
				"useAnisotropic": true
			},
			{
			},
			{
			},
			{
			}
		],
		"alphaRef": 1,
		"alphaTest": true,
		"translucent": false,
		"translucentBlendOp": "None",
		"doubleSided": true,
		"invertBackFaceNormals": true,
		"dynamicCubemap": true,
		"activeLayers": 1,
		"materialTag0": "beamng",
		"order_simset": 0,
		"version": 1.5
	},
	"material_66_russ__bomber_v_pulley_ohvcam_gen_variable_v_pulley_ohvcam_c_cat_2146508818_pulley_component_ohv_camtiminggear70": {
		"name": "material_66_russ__bomber_v_pulley_ohvcam_gen_variable_v_pulley_ohvcam_c_cat_2146508818_pulley_component_ohv_camtiminggear70",
		"class": "Material",
		"mapTo": "material_66_russ__bomber_v_pulley_ohvcam_gen_variable_v_pulley_ohvcam_c_cat_2146508818_pulley_component_ohv_camtiminggear70",
		"Stages": [
			{
				"normalMap": "camso_col_0xff8080ff.dds",
				"diffuseColor": [ 0.6, 0.6, 0.6, 1 ],
				"roughnessFactor": 0.3,
				"metallicFactor": 1
			},
			{
			},
			{
			},
			{
			}
		],
		"alphaRef": 1,
		"alphaTest": true,
		"translucent": false,
		"translucentBlendOp": "None",
		"doubleSided": true,
		"invertBackFaceNormals": true,
		"dynamicCubemap": true,
		"activeLayers": 1,
		"materialTag0": "beamng",
		"order_simset": 0,
		"version": 1.5
	},
	"material_67_russ__bomber_v60_ohv_timingchain_gen_variable_v60_ohv_timingchain_c_cat_2146508817_biglinkcomponent_timingchain_biglink72": {
		"name": "material_67_russ__bomber_v60_ohv_timingchain_gen_variable_v60_ohv_timingchain_c_cat_2146508817_biglinkcomponent_timingchain_biglink72",
		"class": "Material",
		"mapTo": "material_67_russ__bomber_v60_ohv_timingchain_gen_variable_v60_ohv_timingchain_c_cat_2146508817_biglinkcomponent_timingchain_biglink72",
		"Stages": [
			{
				"normalMap": "camso_col_0xff8080ff.dds",
				"diffuseColor": [ 1, 1, 1, 1 ],
				"diffuseMap": "camso_timingchainlink.dds",
				"roughnessFactor": 0,
				"metallicFactor": 1,
				"useAnisotropic": true
			},
			{
			},
			{
			},
			{
			}
		],
		"alphaRef": 1,
		"alphaTest": true,
		"translucent": false,
		"translucentBlendOp": "None",
		"doubleSided": true,
		"invertBackFaceNormals": true,
		"dynamicCubemap": true,
		"activeLayers": 1,
		"materialTag0": "beamng",
		"order_simset": 0,
		"version": 1.5
	},
	"material_68_russ__bomber_v60_ohv_2_belt_c_2146508822_alt_bracket_v60_modern_alt_bracket_v60_modern74": {
		"name": "material_68_russ__bomber_v60_ohv_2_belt_c_2146508822_alt_bracket_v60_modern_alt_bracket_v60_modern74",
		"class": "Material",
		"mapTo": "material_68_russ__bomber_v60_ohv_2_belt_c_2146508822_alt_bracket_v60_modern_alt_bracket_v60_modern74",
		"Stages": [
			{
				"normalMap": "camso_brackets_low_m_alternator_normal.dds",
				"diffuseColor": [ 1, 1, 1, 1 ],
				"roughnessFactor": 0,
				"metallicFactor": 0,
				"useAnisotropic": true
			},
			{
			},
			{
			},
			{
			}
		],
		"alphaRef": 1,
		"alphaTest": true,
		"translucent": false,
		"translucentBlendOp": "None",
		"doubleSided": true,
		"invertBackFaceNormals": true,
		"dynamicCubemap": true,
		"activeLayers": 1,
		"materialTag0": "beamng",
		"order_simset": 0,
		"version": 1.5
	},
	"material_69_russ__bomber_v90_v8_headers_flatplane_race_l_c_2146508796_staticmesh_v90_v8_headers_flatplane_race_l75": {
		"name": "material_69_russ__bomber_v90_v8_headers_flatplane_race_l_c_2146508796_staticmesh_v90_v8_headers_flatplane_race_l75",
		"class": "Material",
		"mapTo": "material_69_russ__bomber_v90_v8_headers_flatplane_race_l_c_2146508796_staticmesh_v90_v8_headers_flatplane_race_l75",
		"Stages": [
			{
				"normalMap": "camso_col_0xff8080ff.dds",
				"diffuseColor": [ 1, 1, 1, 1 ],
				"roughnessFactor": 0,
				"metallicFactor": 1
			},
			{
			},
			{
			},
			{
			}
		],
		"alphaRef": 1,
		"alphaTest": true,
		"translucent": false,
		"translucentBlendOp": "None",
		"doubleSided": true,
		"invertBackFaceNormals": true,
		"dynamicCubemap": true,
		"activeLayers": 1,
		"materialTag0": "beamng",
		"order_simset": 0,
		"version": 1.5
	},
	"material_70_russ__bomber_v90_v8_headers_flatplane_race_l_c_2146508796_staticmesh_v90_v8_headers_flatplane_race_l75": {
		"name": "material_70_russ__bomber_v90_v8_headers_flatplane_race_l_c_2146508796_staticmesh_v90_v8_headers_flatplane_race_l75",
		"class": "Material",
		"mapTo": "material_70_russ__bomber_v90_v8_headers_flatplane_race_l_c_2146508796_staticmesh_v90_v8_headers_flatplane_race_l75",
		"Stages": [
			{
				"normalMap": "camso_weldnormal.dds",
				"diffuseColor": [ 1, 1, 1, 1 ],
				"roughnessFactor": 0,
				"metallicFactor": 1,
				"useAnisotropic": true
			},
			{
			},
			{
			},
			{
			}
		],
		"alphaRef": 1,
		"alphaTest": true,
		"translucent": false,
		"translucentBlendOp": "None",
		"doubleSided": true,
		"invertBackFaceNormals": true,
		"dynamicCubemap": true,
		"activeLayers": 1,
		"materialTag0": "beamng",
		"order_simset": 0,
		"version": 1.5
	},
	"material_71_russ__bomber_headerflange_mid_c_2146508805_staticmesh_headerflange_mid77": {
		"name": "material_71_russ__bomber_headerflange_mid_c_2146508805_staticmesh_headerflange_mid77",
		"class": "Material",
		"mapTo": "material_71_russ__bomber_headerflange_mid_c_2146508805_staticmesh_headerflange_mid77",
		"Stages": [
			{
				"normalMap": "camso_col_0xff8080ff.dds",
				"diffuseColor": [ 1, 1, 1, 1 ],
				"roughnessFactor": 0,
				"metallicFactor": 0.999
			},
			{
			},
			{
			},
			{
			}
		],
		"alphaRef": 1,
		"alphaTest": true,
		"translucent": false,
		"translucentBlendOp": "None",
		"doubleSided": true,
		"invertBackFaceNormals": true,
		"dynamicCubemap": true,
		"activeLayers": 1,
		"materialTag0": "beamng",
		"order_simset": 0,
		"version": 1.5
	},
	"material_72_russ__bomber_v60_ohv_2valve_leads_c_2146508775_cube_distributor_large86": {
		"name": "material_72_russ__bomber_v60_ohv_2valve_leads_c_2146508775_cube_distributor_large86",
		"class": "Material",
		"mapTo": "material_72_russ__bomber_v60_ohv_2valve_leads_c_2146508775_cube_distributor_large86",
		"Stages": [
			{
				"normalMap": "camso_col_0xff8080ff.dds",
				"diffuseColor": [ 0.0588235, 0.0588235, 0.0588235, 1 ],
				"roughnessFactor": 0.8,
				"metallicFactor": 0
			},
			{
			},
			{
			},
			{
			}
		],
		"alphaRef": 1,
		"alphaTest": true,
		"translucent": false,
		"translucentBlendOp": "None",
		"doubleSided": true,
		"invertBackFaceNormals": true,
		"dynamicCubemap": true,
		"activeLayers": 1,
		"materialTag0": "beamng",
		"order_simset": 0,
		"version": 1.5
	},
	"material_73_russ__bomber_ignitionleadplugstraight_c_2146508227_staticmesh_ignitionleadplugstraight95": {
		"name": "material_73_russ__bomber_ignitionleadplugstraight_c_2146508227_staticmesh_ignitionleadplugstraight95",
		"class": "Material",
		"mapTo": "material_73_russ__bomber_ignitionleadplugstraight_c_2146508227_staticmesh_ignitionleadplugstraight95",
		"Stages": [
			{
				"normalMap": "camso_t_noise_desk_normal.dds",
				"diffuseMap": "camso_t_graphmachinescreen.dds",
				"diffuseColor": [ 0.0627451, 0.0627451, 0.0627451, 1 ],
				"roughnessFactor": 0.281651,
				"metallicFactor": 0,
				"useAnisotropic": true
			},
			{
			},
			{
			},
			{
			}
		],
		"alphaRef": 1,
		"alphaTest": true,
		"translucent": false,
		"translucentBlendOp": "None",
		"doubleSided": true,
		"invertBackFaceNormals": true,
		"dynamicCubemap": true,
		"activeLayers": 1,
		"materialTag0": "beamng",
		"order_simset": 0,
		"version": 1.5
	},
	"material_74_russ__bomber_v60_block_ohv_mid_actor_c_2146508204_sectionmesh_v60_block_middle_ohv165": {
		"name": "material_74_russ__bomber_v60_block_ohv_mid_actor_c_2146508204_sectionmesh_v60_block_middle_ohv165",
		"class": "Material",
		"mapTo": "material_74_russ__bomber_v60_block_ohv_mid_actor_c_2146508204_sectionmesh_v60_block_middle_ohv165",
		"Stages": [
			{
				"normalMap": "camso_col_0xff8080ff.dds",
				"diffuseColor": [ 1, 1, 1, 1 ],
				"roughnessFactor": 0,
				"metallicFactor": 0
			},
			{
			},
			{
			},
			{
			}
		],
		"alphaRef": 1,
		"alphaTest": true,
		"translucent": false,
		"translucentBlendOp": "None",
		"doubleSided": true,
		"invertBackFaceNormals": true,
		"dynamicCubemap": true,
		"activeLayers": 1,
		"materialTag0": "beamng",
		"order_simset": 0,
		"version": 1.5
	},
	"material_75_russ__bomber_v60_block_ohv_mid_actor_c_2146508204_sectionmesh_v60_block_middle_ohv165": {
		"name": "material_75_russ__bomber_v60_block_ohv_mid_actor_c_2146508204_sectionmesh_v60_block_middle_ohv165",
		"class": "Material",
		"mapTo": "material_75_russ__bomber_v60_block_ohv_mid_actor_c_2146508204_sectionmesh_v60_block_middle_ohv165",
		"Stages": [
			{
				"normalMap": "camso_engineblocktophole_01_normal.dds",
				"diffuseColor": [ 0.737255, 0.737255, 0.737255, 1 ],
				"roughnessFactor": 0.25,
				"metallicFactor": 1,
				"useAnisotropic": true
			},
			{
			},
			{
			},
			{
			}
		],
		"alphaRef": 1,
		"alphaTest": true,
		"translucent": false,
		"translucentBlendOp": "None",
		"doubleSided": true,
		"invertBackFaceNormals": true,
		"dynamicCubemap": true,
		"activeLayers": 1,
		"materialTag0": "beamng",
		"order_simset": 0,
		"version": 1.5
	},
	"material_76_russ__bomber_inl_flying_wheel_01_actor_gen_variable_inl_flying_wheel_01_actor_c_cat_2146508198_inl_flying_wheel_01_mesh_inl_flying_wheel_01171": {
		"name": "material_76_russ__bomber_inl_flying_wheel_01_actor_gen_variable_inl_flying_wheel_01_actor_c_cat_2146508198_inl_flying_wheel_01_mesh_inl_flying_wheel_01171",
		"class": "Material",
		"mapTo": "material_76_russ__bomber_inl_flying_wheel_01_actor_gen_variable_inl_flying_wheel_01_actor_c_cat_2146508198_inl_flying_wheel_01_mesh_inl_flying_wheel_01171",
		"Stages": [
			{
				"normalMap": "camso_col_0xff8080ff.dds",
				"diffuseColor": [ 0.737255, 0.737255, 0.737255, 1 ],
				"roughnessFactor": 0.25,
				"metallicFactor": 1
			},
			{
			},
			{
			},
			{
			}
		],
		"alphaRef": 1,
		"alphaTest": true,
		"translucent": false,
		"translucentBlendOp": "None",
		"doubleSided": true,
		"invertBackFaceNormals": true,
		"dynamicCubemap": true,
		"activeLayers": 1,
		"materialTag0": "beamng",
		"order_simset": 0,
		"version": 1.5
	},
	"material_77_russ__bomber_mainexhaustmesh176": {
		"name": "material_77_russ__bomber_mainexhaustmesh176",
		"class": "Material",
		"mapTo": "material_77_russ__bomber_mainexhaustmesh176",
		"Stages": [
			{
				"normalMap": "camso_col_0xff8080ff.dds",
				"diffuseColor": [ 1, 1, 1, 1 ],
				"roughnessFactor": 0,
				"metallicFactor": 1
			},
			{
			},
			{
			},
			{
			}
		],
		"alphaRef": 1,
		"alphaTest": true,
		"translucent": false,
		"translucentBlendOp": "None",
		"doubleSided": true,
		"invertBackFaceNormals": true,
		"dynamicCubemap": true,
		"activeLayers": 1,
		"materialTag0": "beamng",
		"order_simset": 0,
		"version": 1.5
	},
	"material_78_russ__bomber_temp177": {
		"name": "material_78_russ__bomber_temp177",
		"class": "Material",
		"mapTo": "material_78_russ__bomber_temp177",
		"Stages": [
			{
				"normalMap": "camso_col_0xff8080ff.dds",
				"diffuseColor": [ 1, 1, 1, 1 ],
				"roughnessFactor": 0,
				"metallicFactor": 1
			},
			{
			},
			{
			},
			{
			}
		],
		"alphaRef": 1,
		"alphaTest": true,
		"translucent": false,
		"translucentBlendOp": "None",
		"doubleSided": true,
		"invertBackFaceNormals": true,
		"dynamicCubemap": true,
		"activeLayers": 1,
		"materialTag0": "beamng",
		"order_simset": 0,
		"version": 1.5
	},
	"material_79_russ__bomber_temp177": {
		"name": "material_79_russ__bomber_temp177",
		"class": "Material",
		"mapTo": "material_79_russ__bomber_temp177",
		"Stages": [
			{
				"normalMap": "camso_col_0xff8080ff.dds",
				"diffuseColor": [ 0, 0, 0, 1 ],
				"roughnessFactor": 0,
				"metallicFactor": 0
			},
			{
			},
			{
			},
			{
			}
		],
		"alphaRef": 1,
		"alphaTest": true,
		"translucent": false,
		"translucentBlendOp": "None",
		"doubleSided": true,
		"invertBackFaceNormals": true,
		"dynamicCubemap": true,
		"activeLayers": 1,
		"materialTag0": "beamng",
		"order_simset": 0,
		"version": 1.5
	}
}
