{
	"material_0_jucyjuce_jucyjuce_body0": {
		"name": "material_0_jucyjuce_jucyjuce_body0",
		"class": "Material",
		"mapTo": "material_0_jucyjuce_jucyjuce_body0",
		"Stages": [
			{
				"normalMap": "camso_col_0xff8080ff.dds",
				"opacityMap": "jj_stamp0.dds",
				"opacityMapUseUV": 1,
				"diffuseColor": [ 1, 0.835294, 0.423529, 1 ],
				"roughnessFactor": 0,
				"metallicFactor": 0,
				"useAnisotropic": true
			},
			{
			},
			{
			},
			{
			}
		],
		"alphaRef": 1,
		"alphaTest": true,
		"translucent": false,
		"translucentBlendOp": "None",
		"doubleSided": true,
		"invertBackFaceNormals": true,
		"dynamicCubemap": true,
		"activeLayers": 1,
		"materialTag0": "beamng",
		"order_simset": 0,
		"version": 1.5
	},
	"material_1_jucyjuce_jucyjuce_body0": {
		"name": "material_1_jucyjuce_jucyjuce_body0",
		"class": "Material",
		"mapTo": "material_1_jucyjuce_jucyjuce_body0",
		"Stages": [
			{
				"normalMap": "camso_col_0xff8080ff.dds",
				"opacityMap": "jj_stamp0.dds",
				"opacityMapUseUV": 1,
				"diffuseColor": [ 0, 0.407843, 0.627451, 1 ],
				"roughnessFactor": 0,
				"metallicFactor": 0,
				"useAnisotropic": true
			},
			{
			},
			{
			},
			{
			}
		],
		"alphaRef": 1,
		"alphaTest": true,
		"translucent": false,
		"translucentBlendOp": "None",
		"doubleSided": true,
		"invertBackFaceNormals": true,
		"dynamicCubemap": true,
		"activeLayers": 1,
		"materialTag0": "beamng",
		"order_simset": 0,
		"version": 1.5
	},
	"material_2_jucyjuce_jucyjuce_body0": {
		"name": "material_2_jucyjuce_jucyjuce_body0",
		"class": "Material",
		"mapTo": "material_2_jucyjuce_jucyjuce_body0",
		"Stages": [
			{
				"normalMap": "camso_col_0xff8080ff.dds",
				"opacityMap": "jj_stamp0.dds",
				"opacityMapUseUV": 1,
				"diffuseColor": [ 0.0627451, 0.0627451, 0.0627451, 1 ],
				"roughnessFactor": 0,
				"metallicFactor": 0,
				"useAnisotropic": true
			},
			{
			},
			{
			},
			{
			}
		],
		"alphaRef": 1,
		"alphaTest": true,
		"translucent": false,
		"translucentBlendOp": "None",
		"doubleSided": true,
		"invertBackFaceNormals": true,
		"dynamicCubemap": true,
		"activeLayers": 1,
		"materialTag0": "beamng",
		"order_simset": 0,
		"version": 1.5
	},
	"material_3_jucyjuce_jucyjuce_body0": {
		"name": "material_3_jucyjuce_jucyjuce_body0",
		"class": "Material",
		"mapTo": "material_3_jucyjuce_jucyjuce_body0",
		"Stages": [
			{
				"normalMap": "camso_col_0xff8080ff.dds",
				"opacityMap": "jj_stamp0.dds",
				"opacityMapUseUV": 1,
				"diffuseColor": [ 0.00392157, 0.101961, 0.0862745, 0.741176 ],
				"roughnessFactor": 0,
				"metallicFactor": 1,
				"opacityFactor": 0.741176,
				"useAnisotropic": true
			},
			{
			},
			{
			},
			{
			}
		],
		"alphaRef": 1,
		"alphaTest": true,
		"translucent": true,
		"translucentBlendOp": "PreMulAlpha",
		"translucentZWrite": false,
		"castShadows": false,
		"translucentRecvShadows": true,
		"dynamicCubemap": true,
		"activeLayers": 1,
		"materialTag0": "beamng",
		"order_simset": 0,
		"version": 1.5
	},
	"material_4_jucyjuce_chassis1": {
		"name": "material_4_jucyjuce_chassis1",
		"class": "Material",
		"mapTo": "material_4_jucyjuce_chassis1",
		"Stages": [
			{
				"normalMap": "camso_orangepeel_nor_s.dds",
				"diffuseColor": [ 0, 0, 0, 1 ],
				"roughnessFactor": 0,
				"metallicFactor": 0,
				"useAnisotropic": true
			},
			{
			},
			{
			},
			{
			}
		],
		"alphaRef": 1,
		"alphaTest": true,
		"translucent": false,
		"translucentBlendOp": "None",
		"doubleSided": true,
		"invertBackFaceNormals": true,
		"dynamicCubemap": true,
		"activeLayers": 1,
		"materialTag0": "beamng",
		"order_simset": 0,
		"version": 1.5
	},
	"material_5_jucyjuce_temp2": {
		"name": "material_5_jucyjuce_temp2",
		"class": "Material",
		"mapTo": "material_5_jucyjuce_temp2",
		"Stages": [
			{
				"normalMap": "camso_t_alcantara_scatter_n.dds",
				"diffuseColor": [ 0.247059, 0.247059, 0.247059, 1 ],
				"roughnessFactor": 0,
				"metallicFactor": 0,
				"useAnisotropic": true
			},
			{
			},
			{
			},
			{
			}
		],
		"alphaRef": 1,
		"alphaTest": true,
		"translucent": false,
		"translucentBlendOp": "None",
		"doubleSided": true,
		"invertBackFaceNormals": true,
		"dynamicCubemap": true,
		"activeLayers": 1,
		"materialTag0": "beamng",
		"order_simset": 0,
		"version": 1.5
	},
	"material_6_jucyjuce_temp2": {
		"name": "material_6_jucyjuce_temp2",
		"class": "Material",
		"mapTo": "material_6_jucyjuce_temp2",
		"Stages": [
			{
				"normalMap": "camso_col_0xff8080ff.dds",
				"diffuseColor": [ 0.560784, 0.560784, 0.560784, 1 ],
				"roughnessFactor": 0.2,
				"metallicFactor": 1
			},
			{
			},
			{
			},
			{
			}
		],
		"alphaRef": 1,
		"alphaTest": true,
		"translucent": false,
		"translucentBlendOp": "None",
		"doubleSided": true,
		"invertBackFaceNormals": true,
		"dynamicCubemap": true,
		"activeLayers": 1,
		"materialTag0": "beamng",
		"order_simset": 0,
		"version": 1.5
	},
	"material_7_jucyjuce_temp2": {
		"name": "material_7_jucyjuce_temp2",
		"class": "Material",
		"mapTo": "material_7_jucyjuce_temp2",
		"Stages": [
			{
				"normalMap": "camso_col_0xff8080ff.dds",
				"diffuseColor": [ 0.0470588, 0.0470588, 0.0470588, 0 ],
				"roughnessFactor": 0,
				"metallicFactor": 0
			},
			{
			},
			{
			},
			{
			}
		],
		"alphaRef": 1,
		"alphaTest": true,
		"translucent": false,
		"translucentBlendOp": "None",
		"dynamicCubemap": true,
		"activeLayers": 1,
		"materialTag0": "beamng",
		"order_simset": 0,
		"version": 1.5
	},
	"material_8_jucyjuce_tyre_f2": {
		"name": "material_8_jucyjuce_tyre_f2",
		"class": "Material",
		"mapTo": "material_8_jucyjuce_tyre_f2",
		"Stages": [
			{
				"normalMap": "camso_tyremedium_tread_normal.dds",
				"diffuseColor": [ 0.12549, 0.12549, 0.12549, 1 ],
				"roughnessFactor": 0.4,
				"metallicFactor": 0,
				"useAnisotropic": true
			},
			{
			},
			{
			},
			{
			}
		],
		"alphaRef": 1,
		"alphaTest": true,
		"translucent": false,
		"translucentBlendOp": "None",
		"dynamicCubemap": true,
		"activeLayers": 1,
		"materialTag0": "beamng",
		"order_simset": 0,
		"version": 1.5
	},
	"material_9_jucyjuce_tyre_f2": {
		"name": "material_9_jucyjuce_tyre_f2",
		"class": "Material",
		"mapTo": "material_9_jucyjuce_tyre_f2",
		"Stages": [
			{
				"normalMap": "camso_tyremedium_sidewall_normal.dds",
				"diffuseColor": [ 0.12549, 0.12549, 0.12549, 1 ],
				"roughnessFactor": 0.4,
				"metallicFactor": 0,
				"useAnisotropic": true
			},
			{
			},
			{
			},
			{
			}
		],
		"alphaRef": 1,
		"alphaTest": true,
		"translucent": false,
		"translucentBlendOp": "None",
		"dynamicCubemap": true,
		"activeLayers": 1,
		"materialTag0": "beamng",
		"order_simset": 0,
		"version": 1.5
	},
	"material_10_jucyjuce_tyre_f2": {
		"name": "material_10_jucyjuce_tyre_f2",
		"class": "Material",
		"mapTo": "material_10_jucyjuce_tyre_f2",
		"Stages": [
			{
				"normalMap": "camso_col_0xff8080ff.dds",
				"diffuseColor": [ 0.74902, 0.756863, 0.74902, 1 ],
				"roughnessFactor": 0.2,
				"metallicFactor": 1
			},
			{
			},
			{
			},
			{
			}
		],
		"alphaRef": 1,
		"alphaTest": true,
		"translucent": false,
		"translucentBlendOp": "None",
		"doubleSided": true,
		"invertBackFaceNormals": true,
		"dynamicCubemap": true,
		"activeLayers": 1,
		"materialTag0": "beamng",
		"order_simset": 0,
		"version": 1.5
	},
	"material_11_jucyjuce_wheel_f3": {
		"name": "material_11_jucyjuce_wheel_f3",
		"class": "Material",
		"mapTo": "material_11_jucyjuce_wheel_f3",
		"Stages": [
			{
				"normalMap": "camso_col_0xff8080ff.dds",
				"diffuseColor": [ 0.74902, 0.756863, 0.74902, 1 ],
				"roughnessFactor": 0.2,
				"metallicFactor": 1
			},
			{
			},
			{
			},
			{
			}
		],
		"alphaRef": 1,
		"alphaTest": true,
		"translucent": false,
		"translucentBlendOp": "None",
		"doubleSided": true,
		"invertBackFaceNormals": true,
		"dynamicCubemap": true,
		"activeLayers": 1,
		"materialTag0": "beamng",
		"order_simset": 0,
		"version": 1.5
	},
	"material_12_jucyjuce_suspension_f4": {
		"name": "material_12_jucyjuce_suspension_f4",
		"class": "Material",
		"mapTo": "material_12_jucyjuce_suspension_f4",
		"Stages": [
			{
				"normalMap": "camso_col_0xff8080ff.dds",
				"diffuseColor": [ 0.596078, 0.596078, 0.596078, 1 ],
				"roughnessFactor": 0.9,
				"metallicFactor": 0.4
			},
			{
			},
			{
			},
			{
			}
		],
		"alphaRef": 1,
		"alphaTest": true,
		"translucent": false,
		"translucentBlendOp": "None",
		"doubleSided": true,
		"invertBackFaceNormals": true,
		"dynamicCubemap": true,
		"activeLayers": 1,
		"materialTag0": "beamng",
		"order_simset": 0,
		"version": 1.5
	},
	"material_13_jucyjuce_suspension_f4": {
		"name": "material_13_jucyjuce_suspension_f4",
		"class": "Material",
		"mapTo": "material_13_jucyjuce_suspension_f4",
		"Stages": [
			{
				"normalMap": "camso_col_0xff8080ff.dds",
				"diffuseColor": [ 0.662745, 0.568627, 0.113725, 0 ],
				"roughnessFactor": 0.3,
				"metallicFactor": 0
			},
			{
			},
			{
			},
			{
			}
		],
		"alphaRef": 1,
		"alphaTest": true,
		"translucent": false,
		"translucentBlendOp": "None",
		"doubleSided": true,
		"invertBackFaceNormals": true,
		"dynamicCubemap": true,
		"activeLayers": 1,
		"materialTag0": "beamng",
		"order_simset": 0,
		"version": 1.5
	},
	"material_14_jucyjuce_suspension_f4": {
		"name": "material_14_jucyjuce_suspension_f4",
		"class": "Material",
		"mapTo": "material_14_jucyjuce_suspension_f4",
		"Stages": [
			{
				"normalMap": "camso_col_0xff8080ff.dds",
				"diffuseColor": [ 0.517647, 0, 0, 0 ],
				"roughnessFactor": 0.3,
				"metallicFactor": 0
			},
			{
			},
			{
			},
			{
			}
		],
		"alphaRef": 1,
		"alphaTest": true,
		"translucent": false,
		"translucentBlendOp": "None",
		"doubleSided": true,
		"invertBackFaceNormals": true,
		"dynamicCubemap": true,
		"activeLayers": 1,
		"materialTag0": "beamng",
		"order_simset": 0,
		"version": 1.5
	},
	"material_15_jucyjuce_temp6": {
		"name": "material_15_jucyjuce_temp6",
		"class": "Material",
		"mapTo": "material_15_jucyjuce_temp6",
		"Stages": [
			{
				"normalMap": "camso_col_0xff8080ff.dds",
				"diffuseColor": [ 0.372549, 0.372549, 0.372549, 1 ],
				"roughnessFactor": 0.9,
				"metallicFactor": 0.4
			},
			{
			},
			{
			},
			{
			}
		],
		"alphaRef": 1,
		"alphaTest": true,
		"translucent": false,
		"translucentBlendOp": "None",
		"doubleSided": true,
		"invertBackFaceNormals": true,
		"dynamicCubemap": true,
		"activeLayers": 1,
		"materialTag0": "beamng",
		"order_simset": 0,
		"version": 1.5
	},
	"material_16_jucyjuce_temp6": {
		"name": "material_16_jucyjuce_temp6",
		"class": "Material",
		"mapTo": "material_16_jucyjuce_temp6",
		"Stages": [
			{
				"normalMap": "camso_col_0xff8080ff.dds",
				"diffuseColor": [ 0.737255, 0.737255, 0.737255, 1 ],
				"roughnessFactor": 0.25,
				"metallicFactor": 1
			},
			{
			},
			{
			},
			{
			}
		],
		"alphaRef": 1,
		"alphaTest": true,
		"translucent": false,
		"translucentBlendOp": "None",
		"doubleSided": true,
		"invertBackFaceNormals": true,
		"dynamicCubemap": true,
		"activeLayers": 1,
		"materialTag0": "beamng",
		"order_simset": 0,
		"version": 1.5
	},
	"material_17_jucyjuce_temp6": {
		"name": "material_17_jucyjuce_temp6",
		"class": "Material",
		"mapTo": "material_17_jucyjuce_temp6",
		"Stages": [
			{
				"normalMap": "camso_col_0xff8080ff.dds",
				"diffuseColor": [ 0.94902, 0.854902, 0.639216, 1 ],
				"roughnessFactor": 0.2,
				"metallicFactor": 1
			},
			{
			},
			{
			},
			{
			}
		],
		"alphaRef": 1,
		"alphaTest": true,
		"translucent": false,
		"translucentBlendOp": "None",
		"doubleSided": true,
		"invertBackFaceNormals": true,
		"dynamicCubemap": true,
		"activeLayers": 1,
		"materialTag0": "beamng",
		"order_simset": 0,
		"version": 1.5
	},
	"material_18_jucyjuce_suspension_r9": {
		"name": "material_18_jucyjuce_suspension_r9",
		"class": "Material",
		"mapTo": "material_18_jucyjuce_suspension_r9",
		"Stages": [
			{
				"normalMap": "camso_col_0xff8080ff.dds",
				"diffuseColor": [ 0.737255, 0.737255, 0.737255, 1 ],
				"roughnessFactor": 0.25,
				"metallicFactor": 1
			},
			{
			},
			{
			},
			{
			}
		],
		"alphaRef": 1,
		"alphaTest": true,
		"translucent": false,
		"translucentBlendOp": "None",
		"doubleSided": true,
		"invertBackFaceNormals": true,
		"dynamicCubemap": true,
		"activeLayers": 1,
		"materialTag0": "beamng",
		"order_simset": 0,
		"version": 1.5
	},
	"material_19_jucyjuce_suspension_r9": {
		"name": "material_19_jucyjuce_suspension_r9",
		"class": "Material",
		"mapTo": "material_19_jucyjuce_suspension_r9",
		"Stages": [
			{
				"normalMap": "camso_boltnormal.dds",
				"diffuseColor": [ 0.709804, 0.670588, 0.611765, 1 ],
				"roughnessFactor": 0.4,
				"metallicFactor": 1,
				"useAnisotropic": true
			},
			{
			},
			{
			},
			{
			}
		],
		"alphaRef": 1,
		"alphaTest": true,
		"translucent": false,
		"translucentBlendOp": "None",
		"doubleSided": true,
		"invertBackFaceNormals": true,
		"dynamicCubemap": true,
		"activeLayers": 1,
		"materialTag0": "beamng",
		"order_simset": 0,
		"version": 1.5
	},
	"material_20_jucyjuce_temp12": {
		"name": "material_20_jucyjuce_temp12",
		"class": "Material",
		"mapTo": "material_20_jucyjuce_temp12",
		"Stages": [
			{
				"normalMap": "camso_t_blanknormal.dds",
				"diffuseColor": [ 0.913725, 0.490196, 0.14902, 0.8 ],
				"roughnessFactor": 0,
				"metallicFactor": 1,
				"opacityFactor": 0.8,
				"useAnisotropic": true
			},
			{
			},
			{
			},
			{
			}
		],
		"alphaRef": 1,
		"alphaTest": true,
		"translucent": true,
		"translucentBlendOp": "PreMulAlpha",
		"translucentZWrite": false,
		"castShadows": false,
		"translucentRecvShadows": true,
		"dynamicCubemap": true,
		"activeLayers": 1,
		"materialTag0": "beamng",
		"order_simset": 0,
		"version": 1.5
	},
	"material_20_jucyjuce_temp12_off": {
		"name": "material_20_jucyjuce_temp12_off",
		"class": "Material",
		"mapTo": "material_20_jucyjuce_temp12_off",
		"Stages": [
			{
				"normalMap": "camso_t_blanknormal.dds",
				"diffuseColor": [ 0.913725, 0.490196, 0.14902, 0.8 ],
				"roughnessFactor": 0,
				"metallicFactor": 1,
				"opacityFactor": 0.8,
				"useAnisotropic": true
			},
			{
			},
			{
			},
			{
			}
		],
		"alphaRef": 1,
		"alphaTest": true,
		"translucent": true,
		"translucentBlendOp": "PreMulAlpha",
		"translucentZWrite": false,
		"castShadows": false,
		"translucentRecvShadows": true,
		"dynamicCubemap": true,
		"activeLayers": 1,
		"materialTag0": "beamng",
		"order_simset": 0,
		"version": 1.5
	},
	"material_20_jucyjuce_temp12_on": {
		"name": "material_20_jucyjuce_temp12_on",
		"class": "Material",
		"mapTo": "material_20_jucyjuce_temp12_on",
		"Stages": [
			{
				"normalMap": "camso_t_blanknormal.dds",
				"diffuseColor": [ 0.913725, 0.490196, 0.14902, 0.8 ],
				"roughnessFactor": 0,
				"metallicFactor": 1,
				"opacityFactor": 0.8,
				"emissiveFactor": [ 0.986902, 0.745212, 0.422958 ],
				"glow": true,
				"useAnisotropic": true
			},
			{
			},
			{
			},
			{
			}
		],
		"alphaRef": 1,
		"alphaTest": true,
		"translucent": true,
		"translucentBlendOp": "PreMulAlpha",
		"translucentZWrite": false,
		"castShadows": false,
		"translucentRecvShadows": true,
		"dynamicCubemap": true,
		"activeLayers": 1,
		"materialTag0": "beamng",
		"order_simset": 0,
		"version": 1.5
	},
	"material_20_jucyjuce_temp12_onIntense": {
		"name": "material_20_jucyjuce_temp12_onIntense",
		"class": "Material",
		"mapTo": "material_20_jucyjuce_temp12_onIntense",
		"Stages": [
			{
				"normalMap": "camso_t_blanknormal.dds",
				"diffuseColor": [ 0.913725, 0.490196, 0.14902, 0.8 ],
				"roughnessFactor": 0,
				"metallicFactor": 1,
				"opacityFactor": 0.8,
				"emissiveFactor": [ 1, 0.755102, 0.428571 ],
				"glow": true,
				"useAnisotropic": true
			},
			{
			},
			{
			},
			{
			}
		],
		"alphaRef": 1,
		"alphaTest": true,
		"translucent": true,
		"translucentBlendOp": "PreMulAlpha",
		"translucentZWrite": false,
		"castShadows": false,
		"translucentRecvShadows": true,
		"dynamicCubemap": true,
		"activeLayers": 1,
		"materialTag0": "beamng",
		"order_simset": 0,
		"version": 1.5
	},
	"material_21_jucyjuce_temp12": {
		"name": "material_21_jucyjuce_temp12",
		"class": "Material",
		"mapTo": "material_21_jucyjuce_temp12",
		"Stages": [
			{
				"normalMap": "camso_t_taillightreflector_03_normal.dds",
				"diffuseColor": [ 1, 1, 1, 1 ],
				"roughnessFactor": 0.02,
				"metallicFactor": 1,
				"useAnisotropic": true
			},
			{
			},
			{
			},
			{
			}
		],
		"alphaRef": 1,
		"alphaTest": true,
		"translucent": false,
		"translucentBlendOp": "None",
		"doubleSided": true,
		"invertBackFaceNormals": true,
		"dynamicCubemap": true,
		"activeLayers": 1,
		"materialTag0": "beamng",
		"order_simset": 0,
		"version": 1.5
	},
	"material_21_jucyjuce_temp12_off": {
		"name": "material_21_jucyjuce_temp12_off",
		"class": "Material",
		"mapTo": "material_21_jucyjuce_temp12_off",
		"Stages": [
			{
				"normalMap": "camso_t_taillightreflector_03_normal.dds",
				"diffuseColor": [ 1, 1, 1, 1 ],
				"roughnessFactor": 0.02,
				"metallicFactor": 1,
				"useAnisotropic": true
			},
			{
			},
			{
			},
			{
			}
		],
		"alphaRef": 1,
		"alphaTest": true,
		"translucent": false,
		"translucentBlendOp": "None",
		"doubleSided": true,
		"invertBackFaceNormals": true,
		"dynamicCubemap": true,
		"activeLayers": 1,
		"materialTag0": "beamng",
		"order_simset": 0,
		"version": 1.5
	},
	"material_21_jucyjuce_temp12_on": {
		"name": "material_21_jucyjuce_temp12_on",
		"class": "Material",
		"mapTo": "material_21_jucyjuce_temp12_on",
		"Stages": [
			{
				"normalMap": "camso_t_taillightreflector_03_normal.dds",
				"diffuseColor": [ 1, 1, 1, 1 ],
				"roughnessFactor": 0.02,
				"metallicFactor": 1,
				"emissiveFactor": [ 1, 1, 1 ],
				"glow": true,
				"useAnisotropic": true
			},
			{
			},
			{
			},
			{
			}
		],
		"alphaRef": 1,
		"alphaTest": true,
		"translucent": false,
		"translucentBlendOp": "None",
		"doubleSided": true,
		"invertBackFaceNormals": true,
		"dynamicCubemap": true,
		"activeLayers": 1,
		"materialTag0": "beamng",
		"order_simset": 0,
		"version": 1.5
	},
	"material_21_jucyjuce_temp12_onIntense": {
		"name": "material_21_jucyjuce_temp12_onIntense",
		"class": "Material",
		"mapTo": "material_21_jucyjuce_temp12_onIntense",
		"Stages": [
			{
				"normalMap": "camso_t_taillightreflector_03_normal.dds",
				"diffuseColor": [ 1, 1, 1, 1 ],
				"roughnessFactor": 0.02,
				"metallicFactor": 1,
				"emissiveFactor": [ 1, 1, 1 ],
				"glow": true,
				"useAnisotropic": true
			},
			{
			},
			{
			},
			{
			}
		],
		"alphaRef": 1,
		"alphaTest": true,
		"translucent": false,
		"translucentBlendOp": "None",
		"doubleSided": true,
		"invertBackFaceNormals": true,
		"dynamicCubemap": true,
		"activeLayers": 1,
		"materialTag0": "beamng",
		"order_simset": 0,
		"version": 1.5
	},
	"material_22_jucyjuce_temp12": {
		"name": "material_22_jucyjuce_temp12",
		"class": "Material",
		"mapTo": "material_22_jucyjuce_temp12",
		"Stages": [
			{
				"normalMap": "camso_col_0xff8080ff.dds",
				"diffuseColor": [ 1, 0.964706, 0.956863, 1 ],
				"roughnessFactor": 0,
				"metallicFactor": 1
			},
			{
			},
			{
			},
			{
			}
		],
		"alphaRef": 1,
		"alphaTest": true,
		"translucent": false,
		"translucentBlendOp": "None",
		"doubleSided": true,
		"invertBackFaceNormals": true,
		"dynamicCubemap": true,
		"activeLayers": 1,
		"materialTag0": "beamng",
		"order_simset": 0,
		"version": 1.5
	},
	"material_23_jucyjuce_temp12": {
		"name": "material_23_jucyjuce_temp12",
		"class": "Material",
		"mapTo": "material_23_jucyjuce_temp12",
		"Stages": [
			{
				"normalMap": "camso_t_blanknormal.dds",
				"diffuseColor": [ 0.94902, 0.94902, 0.94902, 0.34902 ],
				"roughnessFactor": 0,
				"metallicFactor": 0,
				"opacityFactor": 0.34902,
				"useAnisotropic": true
			},
			{
			},
			{
			},
			{
			}
		],
		"alphaRef": 1,
		"alphaTest": true,
		"translucent": true,
		"translucentBlendOp": "AddAlpha",
		"translucentZWrite": false,
		"castShadows": false,
		"translucentRecvShadows": true,
		"dynamicCubemap": true,
		"activeLayers": 1,
		"materialTag0": "beamng",
		"order_simset": 0,
		"version": 1.5
	},
	"material_23_jucyjuce_temp12_off": {
		"name": "material_23_jucyjuce_temp12_off",
		"class": "Material",
		"mapTo": "material_23_jucyjuce_temp12_off",
		"Stages": [
			{
				"normalMap": "camso_t_blanknormal.dds",
				"diffuseColor": [ 0.94902, 0.94902, 0.94902, 0.34902 ],
				"roughnessFactor": 0,
				"metallicFactor": 0,
				"opacityFactor": 0.34902,
				"useAnisotropic": true
			},
			{
			},
			{
			},
			{
			}
		],
		"alphaRef": 1,
		"alphaTest": true,
		"translucent": true,
		"translucentBlendOp": "AddAlpha",
		"translucentZWrite": false,
		"castShadows": false,
		"translucentRecvShadows": true,
		"dynamicCubemap": true,
		"activeLayers": 1,
		"materialTag0": "beamng",
		"order_simset": 0,
		"version": 1.5
	},
	"material_23_jucyjuce_temp12_on": {
		"name": "material_23_jucyjuce_temp12_on",
		"class": "Material",
		"mapTo": "material_23_jucyjuce_temp12_on",
		"Stages": [
			{
				"normalMap": "camso_t_blanknormal.dds",
				"diffuseColor": [ 0.94902, 0.94902, 0.94902, 0.34902 ],
				"roughnessFactor": 0,
				"metallicFactor": 0,
				"opacityFactor": 0.34902,
				"emissiveFactor": [ 0.992141, 0.992141, 0.992141 ],
				"glow": true,
				"useAnisotropic": true
			},
			{
			},
			{
			},
			{
			}
		],
		"alphaRef": 1,
		"alphaTest": true,
		"translucent": true,
		"translucentBlendOp": "AddAlpha",
		"translucentZWrite": false,
		"castShadows": false,
		"translucentRecvShadows": true,
		"dynamicCubemap": true,
		"activeLayers": 1,
		"materialTag0": "beamng",
		"order_simset": 0,
		"version": 1.5
	},
	"material_23_jucyjuce_temp12_onIntense": {
		"name": "material_23_jucyjuce_temp12_onIntense",
		"class": "Material",
		"mapTo": "material_23_jucyjuce_temp12_onIntense",
		"Stages": [
			{
				"normalMap": "camso_t_blanknormal.dds",
				"diffuseColor": [ 0.94902, 0.94902, 0.94902, 0.34902 ],
				"roughnessFactor": 0,
				"metallicFactor": 0,
				"opacityFactor": 0.34902,
				"emissiveFactor": [ 1, 1, 1 ],
				"glow": true,
				"useAnisotropic": true
			},
			{
			},
			{
			},
			{
			}
		],
		"alphaRef": 1,
		"alphaTest": true,
		"translucent": true,
		"translucentBlendOp": "AddAlpha",
		"translucentZWrite": false,
		"castShadows": false,
		"translucentRecvShadows": true,
		"dynamicCubemap": true,
		"activeLayers": 1,
		"materialTag0": "beamng",
		"order_simset": 0,
		"version": 1.5
	},
	"material_24_jucyjuce_temp12": {
		"name": "material_24_jucyjuce_temp12",
		"class": "Material",
		"mapTo": "material_24_jucyjuce_temp12",
		"Stages": [
			{
				"normalMap": "camso_t_blanknormal.dds",
				"diffuseColor": [ 0.913725, 0.490196, 0.14902, 0.8 ],
				"roughnessFactor": 0,
				"metallicFactor": 1,
				"opacityFactor": 0.8,
				"useAnisotropic": true
			},
			{
			},
			{
			},
			{
			}
		],
		"alphaRef": 1,
		"alphaTest": true,
		"translucent": true,
		"translucentBlendOp": "PreMulAlpha",
		"translucentZWrite": false,
		"castShadows": false,
		"translucentRecvShadows": true,
		"dynamicCubemap": true,
		"activeLayers": 1,
		"materialTag0": "beamng",
		"order_simset": 0,
		"version": 1.5
	},
	"material_24_jucyjuce_temp12_off": {
		"name": "material_24_jucyjuce_temp12_off",
		"class": "Material",
		"mapTo": "material_24_jucyjuce_temp12_off",
		"Stages": [
			{
				"normalMap": "camso_t_blanknormal.dds",
				"diffuseColor": [ 0.913725, 0.490196, 0.14902, 0.8 ],
				"roughnessFactor": 0,
				"metallicFactor": 1,
				"opacityFactor": 0.8,
				"useAnisotropic": true
			},
			{
			},
			{
			},
			{
			}
		],
		"alphaRef": 1,
		"alphaTest": true,
		"translucent": true,
		"translucentBlendOp": "PreMulAlpha",
		"translucentZWrite": false,
		"castShadows": false,
		"translucentRecvShadows": true,
		"dynamicCubemap": true,
		"activeLayers": 1,
		"materialTag0": "beamng",
		"order_simset": 0,
		"version": 1.5
	},
	"material_24_jucyjuce_temp12_on": {
		"name": "material_24_jucyjuce_temp12_on",
		"class": "Material",
		"mapTo": "material_24_jucyjuce_temp12_on",
		"Stages": [
			{
				"normalMap": "camso_t_blanknormal.dds",
				"diffuseColor": [ 0.913725, 0.490196, 0.14902, 0.8 ],
				"roughnessFactor": 0,
				"metallicFactor": 1,
				"opacityFactor": 0.8,
				"emissiveFactor": [ 0.986902, 0.745212, 0.422958 ],
				"glow": true,
				"useAnisotropic": true
			},
			{
			},
			{
			},
			{
			}
		],
		"alphaRef": 1,
		"alphaTest": true,
		"translucent": true,
		"translucentBlendOp": "PreMulAlpha",
		"translucentZWrite": false,
		"castShadows": false,
		"translucentRecvShadows": true,
		"dynamicCubemap": true,
		"activeLayers": 1,
		"materialTag0": "beamng",
		"order_simset": 0,
		"version": 1.5
	},
	"material_24_jucyjuce_temp12_onIntense": {
		"name": "material_24_jucyjuce_temp12_onIntense",
		"class": "Material",
		"mapTo": "material_24_jucyjuce_temp12_onIntense",
		"Stages": [
			{
				"normalMap": "camso_t_blanknormal.dds",
				"diffuseColor": [ 0.913725, 0.490196, 0.14902, 0.8 ],
				"roughnessFactor": 0,
				"metallicFactor": 1,
				"opacityFactor": 0.8,
				"emissiveFactor": [ 1, 0.755102, 0.428571 ],
				"glow": true,
				"useAnisotropic": true
			},
			{
			},
			{
			},
			{
			}
		],
		"alphaRef": 1,
		"alphaTest": true,
		"translucent": true,
		"translucentBlendOp": "PreMulAlpha",
		"translucentZWrite": false,
		"castShadows": false,
		"translucentRecvShadows": true,
		"dynamicCubemap": true,
		"activeLayers": 1,
		"materialTag0": "beamng",
		"order_simset": 0,
		"version": 1.5
	},
	"material_25_jucyjuce_temp12": {
		"name": "material_25_jucyjuce_temp12",
		"class": "Material",
		"mapTo": "material_25_jucyjuce_temp12",
		"Stages": [
			{
				"normalMap": "camso_t_blanknormal.dds",
				"diffuseColor": [ 0.921569, 0.14902, 0.145098, 0.898039 ],
				"roughnessFactor": 0,
				"metallicFactor": 0,
				"opacityFactor": 0.898039,
				"useAnisotropic": true
			},
			{
			},
			{
			},
			{
			}
		],
		"alphaRef": 1,
		"alphaTest": true,
		"translucent": true,
		"translucentBlendOp": "PreMulAlpha",
		"translucentZWrite": false,
		"castShadows": false,
		"translucentRecvShadows": true,
		"dynamicCubemap": true,
		"activeLayers": 1,
		"materialTag0": "beamng",
		"order_simset": 0,
		"version": 1.5
	},
	"material_25_jucyjuce_temp12_off": {
		"name": "material_25_jucyjuce_temp12_off",
		"class": "Material",
		"mapTo": "material_25_jucyjuce_temp12_off",
		"Stages": [
			{
				"normalMap": "camso_t_blanknormal.dds",
				"diffuseColor": [ 0.921569, 0.14902, 0.145098, 0.898039 ],
				"roughnessFactor": 0,
				"metallicFactor": 0,
				"opacityFactor": 0.898039,
				"useAnisotropic": true
			},
			{
			},
			{
			},
			{
			}
		],
		"alphaRef": 1,
		"alphaTest": true,
		"translucent": true,
		"translucentBlendOp": "PreMulAlpha",
		"translucentZWrite": false,
		"castShadows": false,
		"translucentRecvShadows": true,
		"dynamicCubemap": true,
		"activeLayers": 1,
		"materialTag0": "beamng",
		"order_simset": 0,
		"version": 1.5
	},
	"material_25_jucyjuce_temp12_on": {
		"name": "material_25_jucyjuce_temp12_on",
		"class": "Material",
		"mapTo": "material_25_jucyjuce_temp12_on",
		"Stages": [
			{
				"normalMap": "camso_t_blanknormal.dds",
				"diffuseColor": [ 0.921569, 0.14902, 0.145098, 0.898039 ],
				"roughnessFactor": 0,
				"metallicFactor": 0,
				"opacityFactor": 0.898039,
				"emissiveFactor": [ 0.994761, 0.479546, 0.463693 ],
				"glow": true,
				"useAnisotropic": true
			},
			{
			},
			{
			},
			{
			}
		],
		"alphaRef": 1,
		"alphaTest": true,
		"translucent": true,
		"translucentBlendOp": "PreMulAlpha",
		"translucentZWrite": false,
		"castShadows": false,
		"translucentRecvShadows": true,
		"dynamicCubemap": true,
		"activeLayers": 1,
		"materialTag0": "beamng",
		"order_simset": 0,
		"version": 1.5
	},
	"material_25_jucyjuce_temp12_onIntense": {
		"name": "material_25_jucyjuce_temp12_onIntense",
		"class": "Material",
		"mapTo": "material_25_jucyjuce_temp12_onIntense",
		"Stages": [
			{
				"normalMap": "camso_t_blanknormal.dds",
				"diffuseColor": [ 0.921569, 0.14902, 0.145098, 0.898039 ],
				"roughnessFactor": 0,
				"metallicFactor": 0,
				"opacityFactor": 0.898039,
				"emissiveFactor": [ 1, 0.482072, 0.466135 ],
				"glow": true,
				"useAnisotropic": true
			},
			{
			},
			{
			},
			{
			}
		],
		"alphaRef": 1,
		"alphaTest": true,
		"translucent": true,
		"translucentBlendOp": "PreMulAlpha",
		"translucentZWrite": false,
		"castShadows": false,
		"translucentRecvShadows": true,
		"dynamicCubemap": true,
		"activeLayers": 1,
		"materialTag0": "beamng",
		"order_simset": 0,
		"version": 1.5
	},
	"material_26_jucyjuce_temp12": {
		"name": "material_26_jucyjuce_temp12",
		"class": "Material",
		"mapTo": "material_26_jucyjuce_temp12",
		"Stages": [
			{
				"normalMap": "camso_t_blanknormal.dds",
				"diffuseColor": [ 0.913725, 0.415686, 0, 0.898039 ],
				"roughnessFactor": 0,
				"metallicFactor": 1,
				"opacityFactor": 0.898039,
				"useAnisotropic": true
			},
			{
			},
			{
			},
			{
			}
		],
		"alphaRef": 1,
		"alphaTest": true,
		"translucent": true,
		"translucentBlendOp": "PreMulAlpha",
		"translucentZWrite": false,
		"castShadows": false,
		"translucentRecvShadows": true,
		"dynamicCubemap": true,
		"activeLayers": 1,
		"materialTag0": "beamng",
		"order_simset": 0,
		"version": 1.5
	},
	"material_26_jucyjuce_temp12_off": {
		"name": "material_26_jucyjuce_temp12_off",
		"class": "Material",
		"mapTo": "material_26_jucyjuce_temp12_off",
		"Stages": [
			{
				"normalMap": "camso_t_blanknormal.dds",
				"diffuseColor": [ 0.913725, 0.415686, 0, 0.898039 ],
				"roughnessFactor": 0,
				"metallicFactor": 1,
				"opacityFactor": 0.898039,
				"useAnisotropic": true
			},
			{
			},
			{
			},
			{
			}
		],
		"alphaRef": 1,
		"alphaTest": true,
		"translucent": true,
		"translucentBlendOp": "PreMulAlpha",
		"translucentZWrite": false,
		"castShadows": false,
		"translucentRecvShadows": true,
		"dynamicCubemap": true,
		"activeLayers": 1,
		"materialTag0": "beamng",
		"order_simset": 0,
		"version": 1.5
	},
	"material_26_jucyjuce_temp12_on": {
		"name": "material_26_jucyjuce_temp12_on",
		"class": "Material",
		"mapTo": "material_26_jucyjuce_temp12_on",
		"Stages": [
			{
				"normalMap": "camso_t_blanknormal.dds",
				"diffuseColor": [ 0.913725, 0.415686, 0, 0.898039 ],
				"roughnessFactor": 0,
				"metallicFactor": 1,
				"opacityFactor": 0.898039,
				"emissiveFactor": [ 0.986902, 0.696874, 0 ],
				"glow": true,
				"useAnisotropic": true
			},
			{
			},
			{
			},
			{
			}
		],
		"alphaRef": 1,
		"alphaTest": true,
		"translucent": true,
		"translucentBlendOp": "PreMulAlpha",
		"translucentZWrite": false,
		"castShadows": false,
		"translucentRecvShadows": true,
		"dynamicCubemap": true,
		"activeLayers": 1,
		"materialTag0": "beamng",
		"order_simset": 0,
		"version": 1.5
	},
	"material_26_jucyjuce_temp12_onIntense": {
		"name": "material_26_jucyjuce_temp12_onIntense",
		"class": "Material",
		"mapTo": "material_26_jucyjuce_temp12_onIntense",
		"Stages": [
			{
				"normalMap": "camso_t_blanknormal.dds",
				"diffuseColor": [ 0.913725, 0.415686, 0, 0.898039 ],
				"roughnessFactor": 0,
				"metallicFactor": 1,
				"opacityFactor": 0.898039,
				"emissiveFactor": [ 1, 0.706122, 0 ],
				"glow": true,
				"useAnisotropic": true
			},
			{
			},
			{
			},
			{
			}
		],
		"alphaRef": 1,
		"alphaTest": true,
		"translucent": true,
		"translucentBlendOp": "PreMulAlpha",
		"translucentZWrite": false,
		"castShadows": false,
		"translucentRecvShadows": true,
		"dynamicCubemap": true,
		"activeLayers": 1,
		"materialTag0": "beamng",
		"order_simset": 0,
		"version": 1.5
	},
	"material_27_jucyjuce_temp12": {
		"name": "material_27_jucyjuce_temp12",
		"class": "Material",
		"mapTo": "material_27_jucyjuce_temp12",
		"Stages": [
			{
				"normalMap": "camso_col_0xff8080ff.dds",
				"diffuseColor": [ 1, 1, 1, 1 ],
				"roughnessFactor": 0,
				"metallicFactor": 1
			},
			{
			},
			{
			},
			{
			}
		],
		"alphaRef": 1,
		"alphaTest": true,
		"translucent": false,
		"translucentBlendOp": "None",
		"doubleSided": true,
		"invertBackFaceNormals": true,
		"dynamicCubemap": true,
		"activeLayers": 1,
		"materialTag0": "beamng",
		"order_simset": 0,
		"version": 1.5
	},
	"material_28_jucyjuce_temp12": {
		"name": "material_28_jucyjuce_temp12",
		"class": "Material",
		"mapTo": "material_28_jucyjuce_temp12",
		"Stages": [
			{
				"normalMap": "camso_col_0xff8080ff.dds",
				"diffuseColor": [ 1, 0.835294, 0.423529, 1 ],
				"roughnessFactor": 0,
				"metallicFactor": 0
			},
			{
			},
			{
			},
			{
			}
		],
		"alphaRef": 1,
		"alphaTest": true,
		"translucent": false,
		"translucentBlendOp": "None",
		"doubleSided": true,
		"invertBackFaceNormals": true,
		"dynamicCubemap": true,
		"activeLayers": 1,
		"materialTag0": "beamng",
		"order_simset": 0,
		"version": 1.5
	},
	"material_29_jucyjuce_temp12": {
		"name": "material_29_jucyjuce_temp12",
		"class": "Material",
		"mapTo": "material_29_jucyjuce_temp12",
		"Stages": [
			{
				"normalMap": "camso_t_taillightreflector_05_normal.dds",
				"diffuseColor": [ 0.737255, 0.0588235, 0.0588235, 1 ],
				"roughnessFactor": 0,
				"metallicFactor": 0,
				"opacityFactor": 1,
				"useAnisotropic": true
			},
			{
			},
			{
			},
			{
			}
		],
		"alphaRef": 1,
		"alphaTest": true,
		"translucent": true,
		"translucentBlendOp": "PreMulAlpha",
		"translucentZWrite": false,
		"castShadows": false,
		"translucentRecvShadows": true,
		"dynamicCubemap": true,
		"activeLayers": 1,
		"materialTag0": "beamng",
		"order_simset": 0,
		"version": 1.5
	},
	"material_29_jucyjuce_temp12_off": {
		"name": "material_29_jucyjuce_temp12_off",
		"class": "Material",
		"mapTo": "material_29_jucyjuce_temp12_off",
		"Stages": [
			{
				"normalMap": "camso_t_taillightreflector_05_normal.dds",
				"diffuseColor": [ 0.737255, 0.0588235, 0.0588235, 1 ],
				"roughnessFactor": 0,
				"metallicFactor": 0,
				"opacityFactor": 1,
				"useAnisotropic": true
			},
			{
			},
			{
			},
			{
			}
		],
		"alphaRef": 1,
		"alphaTest": true,
		"translucent": true,
		"translucentBlendOp": "PreMulAlpha",
		"translucentZWrite": false,
		"castShadows": false,
		"translucentRecvShadows": true,
		"dynamicCubemap": true,
		"activeLayers": 1,
		"materialTag0": "beamng",
		"order_simset": 0,
		"version": 1.5
	},
	"material_29_jucyjuce_temp12_on": {
		"name": "material_29_jucyjuce_temp12_on",
		"class": "Material",
		"mapTo": "material_29_jucyjuce_temp12_on",
		"Stages": [
			{
				"normalMap": "camso_t_taillightreflector_05_normal.dds",
				"diffuseColor": [ 0.737255, 0.0588235, 0.0588235, 1 ],
				"roughnessFactor": 0,
				"metallicFactor": 0,
				"opacityFactor": 1,
				"emissiveFactor": [ 0.952847, 0.287159, 0.287159 ],
				"glow": true,
				"useAnisotropic": true
			},
			{
			},
			{
			},
			{
			}
		],
		"alphaRef": 1,
		"alphaTest": true,
		"translucent": true,
		"translucentBlendOp": "PreMulAlpha",
		"translucentZWrite": false,
		"castShadows": false,
		"translucentRecvShadows": true,
		"dynamicCubemap": true,
		"activeLayers": 1,
		"materialTag0": "beamng",
		"order_simset": 0,
		"version": 1.5
	},
	"material_29_jucyjuce_temp12_onIntense": {
		"name": "material_29_jucyjuce_temp12_onIntense",
		"class": "Material",
		"mapTo": "material_29_jucyjuce_temp12_onIntense",
		"Stages": [
			{
				"normalMap": "camso_t_taillightreflector_05_normal.dds",
				"diffuseColor": [ 0.737255, 0.0588235, 0.0588235, 1 ],
				"roughnessFactor": 0,
				"metallicFactor": 0,
				"opacityFactor": 1,
				"emissiveFactor": [ 1, 0.30137, 0.30137 ],
				"glow": true,
				"useAnisotropic": true
			},
			{
			},
			{
			},
			{
			}
		],
		"alphaRef": 1,
		"alphaTest": true,
		"translucent": true,
		"translucentBlendOp": "PreMulAlpha",
		"translucentZWrite": false,
		"castShadows": false,
		"translucentRecvShadows": true,
		"dynamicCubemap": true,
		"activeLayers": 1,
		"materialTag0": "beamng",
		"order_simset": 0,
		"version": 1.5
	},
	"material_30_jucyjuce_temp12": {
		"name": "material_30_jucyjuce_temp12",
		"class": "Material",
		"mapTo": "material_30_jucyjuce_temp12",
		"Stages": [
			{
				"normalMap": "camso_t_blanknormal.dds",
				"diffuseColor": [ 0.913725, 0.415686, 0, 0.898039 ],
				"roughnessFactor": 0,
				"metallicFactor": 1,
				"opacityFactor": 0.898039,
				"useAnisotropic": true
			},
			{
			},
			{
			},
			{
			}
		],
		"alphaRef": 1,
		"alphaTest": true,
		"translucent": true,
		"translucentBlendOp": "PreMulAlpha",
		"translucentZWrite": false,
		"castShadows": false,
		"translucentRecvShadows": true,
		"dynamicCubemap": true,
		"activeLayers": 1,
		"materialTag0": "beamng",
		"order_simset": 0,
		"version": 1.5
	},
	"material_30_jucyjuce_temp12_off": {
		"name": "material_30_jucyjuce_temp12_off",
		"class": "Material",
		"mapTo": "material_30_jucyjuce_temp12_off",
		"Stages": [
			{
				"normalMap": "camso_t_blanknormal.dds",
				"diffuseColor": [ 0.913725, 0.415686, 0, 0.898039 ],
				"roughnessFactor": 0,
				"metallicFactor": 1,
				"opacityFactor": 0.898039,
				"useAnisotropic": true
			},
			{
			},
			{
			},
			{
			}
		],
		"alphaRef": 1,
		"alphaTest": true,
		"translucent": true,
		"translucentBlendOp": "PreMulAlpha",
		"translucentZWrite": false,
		"castShadows": false,
		"translucentRecvShadows": true,
		"dynamicCubemap": true,
		"activeLayers": 1,
		"materialTag0": "beamng",
		"order_simset": 0,
		"version": 1.5
	},
	"material_30_jucyjuce_temp12_on": {
		"name": "material_30_jucyjuce_temp12_on",
		"class": "Material",
		"mapTo": "material_30_jucyjuce_temp12_on",
		"Stages": [
			{
				"normalMap": "camso_t_blanknormal.dds",
				"diffuseColor": [ 0.913725, 0.415686, 0, 0.898039 ],
				"roughnessFactor": 0,
				"metallicFactor": 1,
				"opacityFactor": 0.898039,
				"emissiveFactor": [ 0.986902, 0.696874, 0 ],
				"glow": true,
				"useAnisotropic": true
			},
			{
			},
			{
			},
			{
			}
		],
		"alphaRef": 1,
		"alphaTest": true,
		"translucent": true,
		"translucentBlendOp": "PreMulAlpha",
		"translucentZWrite": false,
		"castShadows": false,
		"translucentRecvShadows": true,
		"dynamicCubemap": true,
		"activeLayers": 1,
		"materialTag0": "beamng",
		"order_simset": 0,
		"version": 1.5
	},
	"material_30_jucyjuce_temp12_onIntense": {
		"name": "material_30_jucyjuce_temp12_onIntense",
		"class": "Material",
		"mapTo": "material_30_jucyjuce_temp12_onIntense",
		"Stages": [
			{
				"normalMap": "camso_t_blanknormal.dds",
				"diffuseColor": [ 0.913725, 0.415686, 0, 0.898039 ],
				"roughnessFactor": 0,
				"metallicFactor": 1,
				"opacityFactor": 0.898039,
				"emissiveFactor": [ 1, 0.706122, 0 ],
				"glow": true,
				"useAnisotropic": true
			},
			{
			},
			{
			},
			{
			}
		],
		"alphaRef": 1,
		"alphaTest": true,
		"translucent": true,
		"translucentBlendOp": "PreMulAlpha",
		"translucentZWrite": false,
		"castShadows": false,
		"translucentRecvShadows": true,
		"dynamicCubemap": true,
		"activeLayers": 1,
		"materialTag0": "beamng",
		"order_simset": 0,
		"version": 1.5
	},
	"material_31_jucyjuce_temp12": {
		"name": "material_31_jucyjuce_temp12",
		"class": "Material",
		"mapTo": "material_31_jucyjuce_temp12",
		"Stages": [
			{
				"normalMap": "camso_col_0xff8080ff.dds",
				"diffuseColor": [ 0.0980392, 0.0980392, 0.0980392, 0 ],
				"roughnessFactor": 0,
				"metallicFactor": 0
			},
			{
			},
			{
			},
			{
			}
		],
		"alphaRef": 1,
		"alphaTest": true,
		"translucent": false,
		"translucentBlendOp": "None",
		"doubleSided": true,
		"invertBackFaceNormals": true,
		"dynamicCubemap": true,
		"activeLayers": 1,
		"materialTag0": "beamng",
		"order_simset": 0,
		"version": 1.5
	},
	"material_32_jucyjuce_efixturetype__eft_mirror012": {
		"name": "material_32_jucyjuce_efixturetype__eft_mirror012",
		"class": "Material",
		"mapTo": "material_32_jucyjuce_efixturetype__eft_mirror012",
		"Stages": [
			{
				"normalMap": "camso_col_0xff8080ff.dds",
				"diffuseColor": [ 1, 0.835294, 0.423529, 1 ],
				"roughnessFactor": 0,
				"metallicFactor": 0
			},
			{
			},
			{
			},
			{
			}
		],
		"alphaRef": 1,
		"alphaTest": true,
		"translucent": false,
		"translucentBlendOp": "None",
		"doubleSided": true,
		"invertBackFaceNormals": true,
		"dynamicCubemap": true,
		"activeLayers": 1,
		"materialTag0": "beamng",
		"order_simset": 0,
		"version": 1.5
	},
	"material_33_jucyjuce_efixturetype__eft_mirror012": {
		"name": "material_33_jucyjuce_efixturetype__eft_mirror012",
		"class": "Material",
		"mapTo": "material_33_jucyjuce_efixturetype__eft_mirror012",
		"Stages": [
			{
				"normalMap": "camso_col_0xff8080ff.dds",
				"diffuseColor": [ 1, 1, 1, 1 ],
				"roughnessFactor": 0,
				"metallicFactor": 1
			},
			{
			},
			{
			},
			{
			}
		],
		"alphaRef": 1,
		"alphaTest": true,
		"translucent": false,
		"translucentBlendOp": "None",
		"doubleSided": true,
		"invertBackFaceNormals": true,
		"dynamicCubemap": true,
		"activeLayers": 1,
		"materialTag0": "beamng",
		"order_simset": 0,
		"version": 1.5
	},
	"material_34_jucyjuce_temp14": {
		"name": "material_34_jucyjuce_temp14",
		"class": "Material",
		"mapTo": "material_34_jucyjuce_temp14",
		"Stages": [
			{
				"normalMap": "camso_col_0xff8080ff.dds",
				"clearCoatFactor": 1,
				"clearCoatRoughnessFactor": 0,
				"diffuseColor": [ 0.847059, 0.0941176, 0, 1 ],
				"roughnessFactor": 0.263333,
				"metallicFactor": 0.752381
			},
			{
			},
			{
			},
			{
			}
		],
		"alphaRef": 1,
		"alphaTest": true,
		"translucent": false,
		"translucentBlendOp": "None",
		"doubleSided": true,
		"invertBackFaceNormals": true,
		"dynamicCubemap": true,
		"activeLayers": 1,
		"materialTag0": "beamng",
		"order_simset": 0,
		"version": 1.5
	},
	"material_35_jucyjuce_temp14": {
		"name": "material_35_jucyjuce_temp14",
		"class": "Material",
		"mapTo": "material_35_jucyjuce_temp14",
		"Stages": [
			{
				"normalMap": "camso_col_0xff8080ff.dds",
				"diffuseColor": [ 0.247059, 0.247059, 0.247059, 1 ],
				"roughnessFactor": 0.3,
				"metallicFactor": 0
			},
			{
			},
			{
			},
			{
			}
		],
		"alphaRef": 1,
		"alphaTest": true,
		"translucent": false,
		"translucentBlendOp": "None",
		"doubleSided": true,
		"invertBackFaceNormals": true,
		"dynamicCubemap": true,
		"activeLayers": 1,
		"materialTag0": "beamng",
		"order_simset": 0,
		"version": 1.5
	},
	"material_36_jucyjuce_temp14": {
		"name": "material_36_jucyjuce_temp14",
		"class": "Material",
		"mapTo": "material_36_jucyjuce_temp14",
		"Stages": [
			{
				"normalMap": "camso_col_0xff8080ff.dds",
				"diffuseColor": [ 0.603922, 0.603922, 0.623529, 1 ],
				"roughnessFactor": 0.03,
				"metallicFactor": 1
			},
			{
			},
			{
			},
			{
			}
		],
		"alphaRef": 1,
		"alphaTest": true,
		"translucent": false,
		"translucentBlendOp": "None",
		"doubleSided": true,
		"invertBackFaceNormals": true,
		"dynamicCubemap": true,
		"activeLayers": 1,
		"materialTag0": "beamng",
		"order_simset": 0,
		"version": 1.5
	},
	"material_37_jucyjuce_efixturetype__eft_aerial014": {
		"name": "material_37_jucyjuce_efixturetype__eft_aerial014",
		"class": "Material",
		"mapTo": "material_37_jucyjuce_efixturetype__eft_aerial014",
		"Stages": [
			{
				"normalMap": "camso_col_0xff8080ff.dds",
				"diffuseColor": [ 1, 0.964706, 0.956863, 1 ],
				"roughnessFactor": 0,
				"metallicFactor": 1
			},
			{
			},
			{
			},
			{
			}
		],
		"alphaRef": 1,
		"alphaTest": true,
		"translucent": false,
		"translucentBlendOp": "None",
		"doubleSided": true,
		"invertBackFaceNormals": true,
		"dynamicCubemap": true,
		"activeLayers": 1,
		"materialTag0": "beamng",
		"order_simset": 0,
		"version": 1.5
	},
	"material_38_jucyjuce_temp15": {
		"name": "material_38_jucyjuce_temp15",
		"class": "Material",
		"mapTo": "material_38_jucyjuce_temp15",
		"Stages": [
			{
				"normalMap": "camso_col_0xff8080ff.dds",
				"diffuseColor": [ 0, 0, 0, 1 ],
				"roughnessFactor": 0.3,
				"metallicFactor": 0
			},
			{
			},
			{
			},
			{
			}
		],
		"alphaRef": 1,
		"alphaTest": true,
		"translucent": false,
		"translucentBlendOp": "None",
		"doubleSided": true,
		"invertBackFaceNormals": true,
		"dynamicCubemap": true,
		"activeLayers": 1,
		"materialTag0": "beamng",
		"order_simset": 0,
		"version": 1.5
	},
	"material_39_jucyjuce_temp15": {
		"name": "material_39_jucyjuce_temp15",
		"class": "Material",
		"mapTo": "material_39_jucyjuce_temp15",
		"Stages": [
			{
				"normalMap": "camso_t_grille01_n.dds",
				"diffuseColor": [ 0.431373, 0.431373, 0.431373, 0.027451 ],
				"roughnessFactor": 1,
				"metallicFactor": 1,
				"diffuseMap": "camso_t_grille01_h_rbgmask.dds",
				"metallicMap": "camso_t_grille01_h_rbgmask.dds",
				"roughnessMap": "camso_t_grille01_h_i_rbgmask.dds",
				"useAnisotropic": true
			},
			{
			},
			{
			},
			{
			}
		],
		"alphaRef": 1,
		"alphaTest": true,
		"translucent": false,
		"translucentBlendOp": "None",
		"doubleSided": true,
		"invertBackFaceNormals": true,
		"dynamicCubemap": true,
		"activeLayers": 1,
		"materialTag0": "beamng",
		"order_simset": 0,
		"version": 1.5
	},
	"material_40_jucyjuce_temp15": {
		"name": "material_40_jucyjuce_temp15",
		"class": "Material",
		"mapTo": "material_40_jucyjuce_temp15",
		"Stages": [
			{
				"normalMap": "camso_col_0xff8080ff.dds",
				"diffuseColor": [ 1, 0.964706, 0.956863, 1 ],
				"roughnessFactor": 0,
				"metallicFactor": 1
			},
			{
			},
			{
			},
			{
			}
		],
		"alphaRef": 1,
		"alphaTest": true,
		"translucent": false,
		"translucentBlendOp": "None",
		"doubleSided": true,
		"invertBackFaceNormals": true,
		"dynamicCubemap": true,
		"activeLayers": 1,
		"materialTag0": "beamng",
		"order_simset": 0,
		"version": 1.5
	},
	"material_41_jucyjuce_temp15": {
		"name": "material_41_jucyjuce_temp15",
		"class": "Material",
		"mapTo": "material_41_jucyjuce_temp15",
		"Stages": [
			{
				"normalMap": "camso_col_0xff8080ff.dds",
				"diffuseColor": [ 0.717647, 0.717647, 0.733333, 1 ],
				"roughnessFactor": 0.03,
				"metallicFactor": 1
			},
			{
			},
			{
			},
			{
			}
		],
		"alphaRef": 1,
		"alphaTest": true,
		"translucent": false,
		"translucentBlendOp": "None",
		"doubleSided": true,
		"invertBackFaceNormals": true,
		"dynamicCubemap": true,
		"activeLayers": 1,
		"materialTag0": "beamng",
		"order_simset": 0,
		"version": 1.5
	},
	"material_42_jucyjuce_temp15": {
		"name": "material_42_jucyjuce_temp15",
		"class": "Material",
		"mapTo": "material_42_jucyjuce_temp15",
		"Stages": [
			{
				"normalMap": "camso_col_0xff8080ff.dds",
				"clearCoatFactor": 0.5,
				"clearCoatRoughnessFactor": 0,
				"diffuseColor": [ 0.741176, 0.741176, 0.741176, 1 ],
				"roughnessFactor": 0.279817,
				"metallicFactor": 1
			},
			{
			},
			{
			},
			{
			}
		],
		"alphaRef": 1,
		"alphaTest": true,
		"translucent": false,
		"translucentBlendOp": "None",
		"doubleSided": true,
		"invertBackFaceNormals": true,
		"dynamicCubemap": true,
		"activeLayers": 1,
		"materialTag0": "beamng",
		"order_simset": 0,
		"version": 1.5
	},
	"material_43_jucyjuce_temp15": {
		"name": "material_43_jucyjuce_temp15",
		"class": "Material",
		"mapTo": "material_43_jucyjuce_temp15",
		"Stages": [
			{
				"normalMap": "camso_t_dirt_n.dds",
				"diffuseColor": [ 1, 1, 1, 1 ],
				"roughnessFactor": 0,
				"metallicFactor": 0,
				"useAnisotropic": true
			},
			{
			},
			{
			},
			{
			}
		],
		"alphaRef": 1,
		"alphaTest": true,
		"translucent": false,
		"translucentBlendOp": "None",
		"doubleSided": true,
		"invertBackFaceNormals": true,
		"dynamicCubemap": true,
		"activeLayers": 1,
		"materialTag0": "beamng",
		"order_simset": 0,
		"version": 1.5
	},
	"material_44_jucyjuce_temp15": {
		"name": "material_44_jucyjuce_temp15",
		"class": "Material",
		"mapTo": "material_44_jucyjuce_temp15",
		"Stages": [
			{
				"normalMap": "camso_col_0xff8080ff.dds",
				"diffuseColor": [ 0.717647, 0.717647, 0.733333, 1 ],
				"roughnessFactor": 0.03,
				"metallicFactor": 1
			},
			{
			},
			{
			},
			{
			}
		],
		"alphaRef": 1,
		"alphaTest": true,
		"translucent": false,
		"translucentBlendOp": "None",
		"doubleSided": true,
		"invertBackFaceNormals": true,
		"dynamicCubemap": true,
		"activeLayers": 1,
		"materialTag0": "beamng",
		"order_simset": 0,
		"version": 1.5
	},
	"material_45_jucyjuce_temp15": {
		"name": "material_45_jucyjuce_temp15",
		"class": "Material",
		"mapTo": "material_45_jucyjuce_temp15",
		"Stages": [
			{
				"normalMap": "camso_col_0xff8080ff.dds",
				"clearCoatFactor": 0.5,
				"clearCoatRoughnessFactor": 0,
				"diffuseColor": [ 0.741176, 0.741176, 0.741176, 1 ],
				"roughnessFactor": 0.279817,
				"metallicFactor": 1
			},
			{
			},
			{
			},
			{
			}
		],
		"alphaRef": 1,
		"alphaTest": true,
		"translucent": false,
		"translucentBlendOp": "None",
		"doubleSided": true,
		"invertBackFaceNormals": true,
		"dynamicCubemap": true,
		"activeLayers": 1,
		"materialTag0": "beamng",
		"order_simset": 0,
		"version": 1.5
	},
	"material_46_jucyjuce_temp15": {
		"name": "material_46_jucyjuce_temp15",
		"class": "Material",
		"mapTo": "material_46_jucyjuce_temp15",
		"Stages": [
			{
				"normalMap": "camso_t_dirt_n.dds",
				"diffuseColor": [ 1, 1, 1, 1 ],
				"roughnessFactor": 0,
				"metallicFactor": 0,
				"useAnisotropic": true
			},
			{
			},
			{
			},
			{
			}
		],
		"alphaRef": 1,
		"alphaTest": true,
		"translucent": false,
		"translucentBlendOp": "None",
		"doubleSided": true,
		"invertBackFaceNormals": true,
		"dynamicCubemap": true,
		"activeLayers": 1,
		"materialTag0": "beamng",
		"order_simset": 0,
		"version": 1.5
	},
	"material_47_jucyjuce_efixturetype__eft_number_plate015": {
		"name": "material_47_jucyjuce_efixturetype__eft_number_plate015",
		"class": "Material",
		"mapTo": "material_47_jucyjuce_efixturetype__eft_number_plate015",
		"Stages": [
			{
				"normalMap": "camso_col_0xff8080ff.dds",
				"diffuseColor": [ 0, 0, 0, 1 ],
				"roughnessFactor": 0.3,
				"metallicFactor": 0
			},
			{
			},
			{
			},
			{
			}
		],
		"alphaRef": 1,
		"alphaTest": true,
		"translucent": false,
		"translucentBlendOp": "None",
		"doubleSided": true,
		"invertBackFaceNormals": true,
		"dynamicCubemap": true,
		"activeLayers": 1,
		"materialTag0": "beamng",
		"order_simset": 0,
		"version": 1.5
	},
	"material_48_jucyjuce_efixturetype__eft_number_plate015": {
		"name": "material_48_jucyjuce_efixturetype__eft_number_plate015",
		"class": "Material",
		"mapTo": "material_48_jucyjuce_efixturetype__eft_number_plate015",
		"Stages": [
			{
				"normalMap": "camso_hrl_nm_californianew.dds",
				"diffuseMap": "camso_californianew.dds",
				"diffuseColor": [ 1, 1, 1, 1 ],
				"roughnessFactor": 0,
				"metallicFactor": 0,
				"useAnisotropic": true
			},
			{
			},
			{
			},
			{
			}
		],
		"alphaRef": 1,
		"alphaTest": true,
		"translucent": false,
		"translucentBlendOp": "None",
		"doubleSided": true,
		"invertBackFaceNormals": true,
		"dynamicCubemap": true,
		"activeLayers": 1,
		"materialTag0": "beamng",
		"order_simset": 0,
		"version": 1.5
	},
	"material_49_jucyjuce_v60_ohv_2_mid_c_2145210628_sectionmesh_inl_ohv_2_head_mid17": {
		"name": "material_49_jucyjuce_v60_ohv_2_mid_c_2145210628_sectionmesh_inl_ohv_2_head_mid17",
		"class": "Material",
		"mapTo": "material_49_jucyjuce_v60_ohv_2_mid_c_2145210628_sectionmesh_inl_ohv_2_head_mid17",
		"Stages": [
			{
				"normalMap": "camso_pittedironnormal.dds",
				"diffuseColor": [ 0.517647, 0.521569, 0.513725, 1 ],
				"roughnessFactor": 0.9,
				"metallicFactor": 0.2,
				"useAnisotropic": true
			},
			{
			},
			{
			},
			{
			}
		],
		"alphaRef": 1,
		"alphaTest": true,
		"translucent": false,
		"translucentBlendOp": "None",
		"doubleSided": true,
		"invertBackFaceNormals": true,
		"dynamicCubemap": true,
		"activeLayers": 1,
		"materialTag0": "beamng",
		"order_simset": 0,
		"version": 1.5
	},
	"material_50_jucyjuce_v60_ohv_2_mid_c_2145210628_sectionmesh_inl_ohv_2_head_mid17": {
		"name": "material_50_jucyjuce_v60_ohv_2_mid_c_2145210628_sectionmesh_inl_ohv_2_head_mid17",
		"class": "Material",
		"mapTo": "material_50_jucyjuce_v60_ohv_2_mid_c_2145210628_sectionmesh_inl_ohv_2_head_mid17",
		"Stages": [
			{
				"normalMap": "camso_headfacingnormal.dds",
				"diffuseColor": [ 1, 1, 1, 1 ],
				"roughnessFactor": 0,
				"metallicFactor": 0,
				"useAnisotropic": true
			},
			{
			},
			{
			},
			{
			}
		],
		"alphaRef": 1,
		"alphaTest": true,
		"translucent": false,
		"translucentBlendOp": "None",
		"doubleSided": true,
		"invertBackFaceNormals": true,
		"dynamicCubemap": true,
		"activeLayers": 1,
		"materialTag0": "beamng",
		"order_simset": 0,
		"version": 1.5
	},
	"material_51_jucyjuce_v60_ohv_2_mid_c_2145210628_sectionmesh_inl_ohv_2_head_mid17": {
		"name": "material_51_jucyjuce_v60_ohv_2_mid_c_2145210628_sectionmesh_inl_ohv_2_head_mid17",
		"class": "Material",
		"mapTo": "material_51_jucyjuce_v60_ohv_2_mid_c_2145210628_sectionmesh_inl_ohv_2_head_mid17",
		"Stages": [
			{
				"normalMap": "camso_col_0xff8080ff.dds",
				"diffuseColor": [ 0.737255, 0.737255, 0.737255, 1 ],
				"roughnessFactor": 0.25,
				"metallicFactor": 1
			},
			{
			},
			{
			},
			{
			}
		],
		"alphaRef": 1,
		"alphaTest": true,
		"translucent": false,
		"translucentBlendOp": "None",
		"doubleSided": true,
		"invertBackFaceNormals": true,
		"dynamicCubemap": true,
		"activeLayers": 1,
		"materialTag0": "beamng",
		"order_simset": 0,
		"version": 1.5
	},
	"material_52_jucyjuce_v60_ohv_2_mid_c_2145210628_sectionmesh_inl_ohv_2_head_mid17": {
		"name": "material_52_jucyjuce_v60_ohv_2_mid_c_2145210628_sectionmesh_inl_ohv_2_head_mid17",
		"class": "Material",
		"mapTo": "material_52_jucyjuce_v60_ohv_2_mid_c_2145210628_sectionmesh_inl_ohv_2_head_mid17",
		"Stages": [
			{
				"normalMap": "camso_col_0xff8080ff.dds",
				"diffuseMap": "camso_threadtester.dds",
				"diffuseColor": [ 0.792157, 0.752941, 0.635294, 1 ],
				"roughnessFactor": 0.4,
				"metallicFactor": 1,
				"useAnisotropic": true
			},
			{
			},
			{
			},
			{
			}
		],
		"alphaRef": 1,
		"alphaTest": true,
		"translucent": false,
		"translucentBlendOp": "None",
		"doubleSided": true,
		"invertBackFaceNormals": true,
		"dynamicCubemap": true,
		"activeLayers": 1,
		"materialTag0": "beamng",
		"order_simset": 0,
		"version": 1.5
	},
	"material_53_jucyjuce_v60_ohv_2_mid_c_2145210628_sectionmesh_inl_ohv_2_head_mid17": {
		"name": "material_53_jucyjuce_v60_ohv_2_mid_c_2145210628_sectionmesh_inl_ohv_2_head_mid17",
		"class": "Material",
		"mapTo": "material_53_jucyjuce_v60_ohv_2_mid_c_2145210628_sectionmesh_inl_ohv_2_head_mid17",
		"Stages": [
			{
				"normalMap": "camso_col_0xff8080ff.dds",
				"diffuseColor": [ 0.94902, 0.854902, 0.639216, 1 ],
				"roughnessFactor": 0.2,
				"metallicFactor": 1
			},
			{
			},
			{
			},
			{
			}
		],
		"alphaRef": 1,
		"alphaTest": true,
		"translucent": false,
		"translucentBlendOp": "None",
		"doubleSided": true,
		"invertBackFaceNormals": true,
		"dynamicCubemap": true,
		"activeLayers": 1,
		"materialTag0": "beamng",
		"order_simset": 0,
		"version": 1.5
	},
	"material_54_jucyjuce_v60_ohv_2_mid_c_2145210628_sohc_camshaftsection_sohc_camshaftsection18": {
		"name": "material_54_jucyjuce_v60_ohv_2_mid_c_2145210628_sohc_camshaftsection_sohc_camshaftsection18",
		"class": "Material",
		"mapTo": "material_54_jucyjuce_v60_ohv_2_mid_c_2145210628_sohc_camshaftsection_sohc_camshaftsection18",
		"Stages": [
			{
				"normalMap": "camso_pittedironnormal.dds",
				"diffuseColor": [ 0.517647, 0.521569, 0.513725, 1 ],
				"roughnessFactor": 0.9,
				"metallicFactor": 0.2,
				"useAnisotropic": true
			},
			{
			},
			{
			},
			{
			}
		],
		"alphaRef": 1,
		"alphaTest": true,
		"translucent": false,
		"translucentBlendOp": "None",
		"doubleSided": true,
		"invertBackFaceNormals": true,
		"dynamicCubemap": true,
		"activeLayers": 1,
		"materialTag0": "beamng",
		"order_simset": 0,
		"version": 1.5
	},
	"material_55_jucyjuce_inl_ohv_2_rockercover_2_mid_c_2145210623_staticmesh_inl_ohv_2_rockercover_2_mid19": {
		"name": "material_55_jucyjuce_inl_ohv_2_rockercover_2_mid_c_2145210623_staticmesh_inl_ohv_2_rockercover_2_mid19",
		"class": "Material",
		"mapTo": "material_55_jucyjuce_inl_ohv_2_rockercover_2_mid_c_2145210623_staticmesh_inl_ohv_2_rockercover_2_mid19",
		"Stages": [
			{
				"normalMap": "camso_col_0xff8080ff.dds",
				"diffuseColor": [ 0.0627451, 0.0627451, 0.0627451, 1 ],
				"roughnessFactor": 0,
				"metallicFactor": 0
			},
			{
			},
			{
			},
			{
			}
		],
		"alphaRef": 1,
		"alphaTest": true,
		"translucent": false,
		"translucentBlendOp": "None",
		"doubleSided": true,
		"invertBackFaceNormals": true,
		"dynamicCubemap": true,
		"activeLayers": 1,
		"materialTag0": "beamng",
		"order_simset": 0,
		"version": 1.5
	},
	"material_56_jucyjuce_inl_ohv_2_rockercover_2_mid_c_2145210623_staticmesh_inl_ohv_2_rockercover_2_mid19": {
		"name": "material_56_jucyjuce_inl_ohv_2_rockercover_2_mid_c_2145210623_staticmesh_inl_ohv_2_rockercover_2_mid19",
		"class": "Material",
		"mapTo": "material_56_jucyjuce_inl_ohv_2_rockercover_2_mid_c_2145210623_staticmesh_inl_ohv_2_rockercover_2_mid19",
		"Stages": [
			{
				"normalMap": "camso_t_rustandscratches_normal.dds",
				"clearCoatFactor": 0.5,
				"clearCoatRoughnessFactor": 0,
				"diffuseColor": [ 0.741176, 0.741176, 0.741176, 1 ],
				"roughnessFactor": 0.279817,
				"metallicFactor": 1,
				"useAnisotropic": true
			},
			{
			},
			{
			},
			{
			}
		],
		"alphaRef": 1,
		"alphaTest": true,
		"translucent": false,
		"translucentBlendOp": "None",
		"doubleSided": true,
		"invertBackFaceNormals": true,
		"dynamicCubemap": true,
		"activeLayers": 1,
		"materialTag0": "beamng",
		"order_simset": 0,
		"version": 1.5
	},
	"material_57_jucyjuce_inl_ohv_2_rockercover_2_front_c_2145210621_staticmesh_inl_ohv_2_rockercover_2_front21": {
		"name": "material_57_jucyjuce_inl_ohv_2_rockercover_2_front_c_2145210621_staticmesh_inl_ohv_2_rockercover_2_front21",
		"class": "Material",
		"mapTo": "material_57_jucyjuce_inl_ohv_2_rockercover_2_front_c_2145210621_staticmesh_inl_ohv_2_rockercover_2_front21",
		"Stages": [
			{
				"normalMap": "camso_col_0xff8080ff.dds",
				"diffuseColor": [ 0.168627, 0.168627, 0.168627, 0 ],
				"roughnessFactor": 0.05,
				"metallicFactor": 0
			},
			{
			},
			{
			},
			{
			}
		],
		"alphaRef": 1,
		"alphaTest": true,
		"translucent": false,
		"translucentBlendOp": "None",
		"doubleSided": true,
		"invertBackFaceNormals": true,
		"dynamicCubemap": true,
		"activeLayers": 1,
		"materialTag0": "beamng",
		"order_simset": 0,
		"version": 1.5
	},
	"material_58_jucyjuce_v60_ohv_intake_adapter_c_2145210582_mesh_v60_ohv_intake_adapter45": {
		"name": "material_58_jucyjuce_v60_ohv_intake_adapter_c_2145210582_mesh_v60_ohv_intake_adapter45",
		"class": "Material",
		"mapTo": "material_58_jucyjuce_v60_ohv_intake_adapter_c_2145210582_mesh_v60_ohv_intake_adapter45",
		"Stages": [
			{
				"normalMap": "camso_col_0xff8080ff.dds",
				"diffuseColor": [ 0.913725, 0.984314, 1, 1 ],
				"roughnessFactor": 0.19,
				"metallicFactor": 1
			},
			{
			},
			{
			},
			{
			}
		],
		"alphaRef": 1,
		"alphaTest": true,
		"translucent": false,
		"translucentBlendOp": "None",
		"doubleSided": true,
		"invertBackFaceNormals": true,
		"dynamicCubemap": true,
		"activeLayers": 1,
		"materialTag0": "beamng",
		"order_simset": 0,
		"version": 1.5
	},
	"material_59_jucyjuce_v60_intakemanifold_carb_midrange_front_c_2145819821_staticmesh_v60_intakemanifold_carb_midrange_front53": {
		"name": "material_59_jucyjuce_v60_intakemanifold_carb_midrange_front_c_2145819821_staticmesh_v60_intakemanifold_carb_midrange_front53",
		"class": "Material",
		"mapTo": "material_59_jucyjuce_v60_intakemanifold_carb_midrange_front_c_2145819821_staticmesh_v60_intakemanifold_carb_midrange_front53",
		"Stages": [
			{
				"normalMap": "camso_pittedironnormal.dds",
				"diffuseColor": [ 0.52549, 0.52549, 0.52549, 1 ],
				"roughnessFactor": 0.3,
				"metallicFactor": 0,
				"useAnisotropic": true
			},
			{
			},
			{
			},
			{
			}
		],
		"alphaRef": 1,
		"alphaTest": true,
		"translucent": false,
		"translucentBlendOp": "None",
		"doubleSided": true,
		"invertBackFaceNormals": true,
		"dynamicCubemap": true,
		"activeLayers": 1,
		"materialTag0": "beamng",
		"order_simset": 0,
		"version": 1.5
	},
	"material_60_jucyjuce_fuelsystem_eco1brl_v60_2_c_2145819818_staticmesh_v60_eco1brl_twincarbmount59": {
		"name": "material_60_jucyjuce_fuelsystem_eco1brl_v60_2_c_2145819818_staticmesh_v60_eco1brl_twincarbmount59",
		"class": "Material",
		"mapTo": "material_60_jucyjuce_fuelsystem_eco1brl_v60_2_c_2145819818_staticmesh_v60_eco1brl_twincarbmount59",
		"Stages": [
			{
				"normalMap": "camso_col_0xff8080ff.dds",
				"diffuseColor": [ 0.866667, 0.878431, 0.905882, 1 ],
				"roughnessFactor": 0.9,
				"metallicFactor": 0.4
			},
			{
			},
			{
			},
			{
			}
		],
		"alphaRef": 1,
		"alphaTest": true,
		"translucent": false,
		"translucentBlendOp": "None",
		"doubleSided": true,
		"invertBackFaceNormals": true,
		"dynamicCubemap": true,
		"activeLayers": 1,
		"materialTag0": "beamng",
		"order_simset": 0,
		"version": 1.5
	},
	"material_61_jucyjuce_v60_ohv_2_belt_c_2145210387_v6_alternator_v_alternator_modern63": {
		"name": "material_61_jucyjuce_v60_ohv_2_belt_c_2145210387_v6_alternator_v_alternator_modern63",
		"class": "Material",
		"mapTo": "material_61_jucyjuce_v60_ohv_2_belt_c_2145210387_v6_alternator_v_alternator_modern63",
		"Stages": [
			{
				"normalMap": "camso_alternator_modern_low_m_alternator_modern_normal.dds",
				"diffuseColor": [ 1, 1, 1, 1 ],
				"roughnessFactor": 0,
				"metallicFactor": 0,
				"useAnisotropic": true
			},
			{
			},
			{
			},
			{
			}
		],
		"alphaRef": 1,
		"alphaTest": true,
		"translucent": false,
		"translucentBlendOp": "None",
		"doubleSided": true,
		"invertBackFaceNormals": true,
		"dynamicCubemap": true,
		"activeLayers": 1,
		"materialTag0": "beamng",
		"order_simset": 0,
		"version": 1.5
	},
	"material_62_jucyjuce_v_pulley_ohvcam_gen_variable_v_pulley_ohvcam_c_cat_2145210383_pulley_component_ohv_camtiminggear66": {
		"name": "material_62_jucyjuce_v_pulley_ohvcam_gen_variable_v_pulley_ohvcam_c_cat_2145210383_pulley_component_ohv_camtiminggear66",
		"class": "Material",
		"mapTo": "material_62_jucyjuce_v_pulley_ohvcam_gen_variable_v_pulley_ohvcam_c_cat_2145210383_pulley_component_ohv_camtiminggear66",
		"Stages": [
			{
				"normalMap": "camso_col_0xff8080ff.dds",
				"diffuseColor": [ 0.6, 0.6, 0.6, 1 ],
				"roughnessFactor": 0.3,
				"metallicFactor": 1
			},
			{
			},
			{
			},
			{
			}
		],
		"alphaRef": 1,
		"alphaTest": true,
		"translucent": false,
		"translucentBlendOp": "None",
		"doubleSided": true,
		"invertBackFaceNormals": true,
		"dynamicCubemap": true,
		"activeLayers": 1,
		"materialTag0": "beamng",
		"order_simset": 0,
		"version": 1.5
	},
	"material_63_jucyjuce_v60_ohv_timingchain_gen_variable_v60_ohv_timingchain_c_cat_2145210382_biglinkcomponent_timingchain_biglink68": {
		"name": "material_63_jucyjuce_v60_ohv_timingchain_gen_variable_v60_ohv_timingchain_c_cat_2145210382_biglinkcomponent_timingchain_biglink68",
		"class": "Material",
		"mapTo": "material_63_jucyjuce_v60_ohv_timingchain_gen_variable_v60_ohv_timingchain_c_cat_2145210382_biglinkcomponent_timingchain_biglink68",
		"Stages": [
			{
				"normalMap": "camso_col_0xff8080ff.dds",
				"diffuseColor": [ 1, 1, 1, 1 ],
				"diffuseMap": "camso_timingchainlink.dds",
				"roughnessFactor": 0,
				"metallicFactor": 1,
				"useAnisotropic": true
			},
			{
			},
			{
			},
			{
			}
		],
		"alphaRef": 1,
		"alphaTest": true,
		"translucent": false,
		"translucentBlendOp": "None",
		"doubleSided": true,
		"invertBackFaceNormals": true,
		"dynamicCubemap": true,
		"activeLayers": 1,
		"materialTag0": "beamng",
		"order_simset": 0,
		"version": 1.5
	},
	"material_64_jucyjuce_v60_ohv_2_belt_c_2145210387_alt_bracket_v60_modern_alt_bracket_v60_modern70": {
		"name": "material_64_jucyjuce_v60_ohv_2_belt_c_2145210387_alt_bracket_v60_modern_alt_bracket_v60_modern70",
		"class": "Material",
		"mapTo": "material_64_jucyjuce_v60_ohv_2_belt_c_2145210387_alt_bracket_v60_modern_alt_bracket_v60_modern70",
		"Stages": [
			{
				"normalMap": "camso_brackets_low_m_alternator_normal.dds",
				"diffuseColor": [ 1, 1, 1, 1 ],
				"roughnessFactor": 0,
				"metallicFactor": 0,
				"useAnisotropic": true
			},
			{
			},
			{
			},
			{
			}
		],
		"alphaRef": 1,
		"alphaTest": true,
		"translucent": false,
		"translucentBlendOp": "None",
		"doubleSided": true,
		"invertBackFaceNormals": true,
		"dynamicCubemap": true,
		"activeLayers": 1,
		"materialTag0": "beamng",
		"order_simset": 0,
		"version": 1.5
	},
	"material_65_jucyjuce_v60_v6_headers_tubular_l_c_2145210365_staticmesh_v60_v6_headers_tubular_l71": {
		"name": "material_65_jucyjuce_v60_v6_headers_tubular_l_c_2145210365_staticmesh_v60_v6_headers_tubular_l71",
		"class": "Material",
		"mapTo": "material_65_jucyjuce_v60_v6_headers_tubular_l_c_2145210365_staticmesh_v60_v6_headers_tubular_l71",
		"Stages": [
			{
				"normalMap": "camso_col_0xff8080ff.dds",
				"diffuseColor": [ 1, 1, 1, 1 ],
				"roughnessFactor": 0,
				"metallicFactor": 1
			},
			{
			},
			{
			},
			{
			}
		],
		"alphaRef": 1,
		"alphaTest": true,
		"translucent": false,
		"translucentBlendOp": "None",
		"doubleSided": true,
		"invertBackFaceNormals": true,
		"dynamicCubemap": true,
		"activeLayers": 1,
		"materialTag0": "beamng",
		"order_simset": 0,
		"version": 1.5
	},
	"material_66_jucyjuce_v60_v6_headers_tubular_l_c_2145210365_staticmesh_v60_v6_headers_tubular_l71": {
		"name": "material_66_jucyjuce_v60_v6_headers_tubular_l_c_2145210365_staticmesh_v60_v6_headers_tubular_l71",
		"class": "Material",
		"mapTo": "material_66_jucyjuce_v60_v6_headers_tubular_l_c_2145210365_staticmesh_v60_v6_headers_tubular_l71",
		"Stages": [
			{
				"normalMap": "camso_weldnormal.dds",
				"diffuseColor": [ 1, 1, 1, 1 ],
				"roughnessFactor": 0,
				"metallicFactor": 1,
				"useAnisotropic": true
			},
			{
			},
			{
			},
			{
			}
		],
		"alphaRef": 1,
		"alphaTest": true,
		"translucent": false,
		"translucentBlendOp": "None",
		"doubleSided": true,
		"invertBackFaceNormals": true,
		"dynamicCubemap": true,
		"activeLayers": 1,
		"materialTag0": "beamng",
		"order_simset": 0,
		"version": 1.5
	},
	"material_67_jucyjuce_headerflange_mid_c_2145210372_staticmesh_headerflange_mid73": {
		"name": "material_67_jucyjuce_headerflange_mid_c_2145210372_staticmesh_headerflange_mid73",
		"class": "Material",
		"mapTo": "material_67_jucyjuce_headerflange_mid_c_2145210372_staticmesh_headerflange_mid73",
		"Stages": [
			{
				"normalMap": "camso_col_0xff8080ff.dds",
				"diffuseColor": [ 1, 1, 1, 1 ],
				"roughnessFactor": 0,
				"metallicFactor": 0.999
			},
			{
			},
			{
			},
			{
			}
		],
		"alphaRef": 1,
		"alphaTest": true,
		"translucent": false,
		"translucentBlendOp": "None",
		"doubleSided": true,
		"invertBackFaceNormals": true,
		"dynamicCubemap": true,
		"activeLayers": 1,
		"materialTag0": "beamng",
		"order_simset": 0,
		"version": 1.5
	},
	"material_68_jucyjuce_v60_ohv_2valve_leads_c_2145210348_cube_distributor_large80": {
		"name": "material_68_jucyjuce_v60_ohv_2valve_leads_c_2145210348_cube_distributor_large80",
		"class": "Material",
		"mapTo": "material_68_jucyjuce_v60_ohv_2valve_leads_c_2145210348_cube_distributor_large80",
		"Stages": [
			{
				"normalMap": "camso_col_0xff8080ff.dds",
				"diffuseColor": [ 0.0588235, 0.0588235, 0.0588235, 1 ],
				"roughnessFactor": 0.8,
				"metallicFactor": 0
			},
			{
			},
			{
			},
			{
			}
		],
		"alphaRef": 1,
		"alphaTest": true,
		"translucent": false,
		"translucentBlendOp": "None",
		"doubleSided": true,
		"invertBackFaceNormals": true,
		"dynamicCubemap": true,
		"activeLayers": 1,
		"materialTag0": "beamng",
		"order_simset": 0,
		"version": 1.5
	},
	"material_69_jucyjuce_ignitionleadplugstraight_c_2145209802_staticmesh_ignitionleadplugstraight87": {
		"name": "material_69_jucyjuce_ignitionleadplugstraight_c_2145209802_staticmesh_ignitionleadplugstraight87",
		"class": "Material",
		"mapTo": "material_69_jucyjuce_ignitionleadplugstraight_c_2145209802_staticmesh_ignitionleadplugstraight87",
		"Stages": [
			{
				"normalMap": "camso_t_noise_desk_normal.dds",
				"diffuseMap": "camso_t_graphmachinescreen.dds",
				"diffuseColor": [ 0.0627451, 0.0627451, 0.0627451, 1 ],
				"roughnessFactor": 0.281651,
				"metallicFactor": 0,
				"useAnisotropic": true
			},
			{
			},
			{
			},
			{
			}
		],
		"alphaRef": 1,
		"alphaTest": true,
		"translucent": false,
		"translucentBlendOp": "None",
		"doubleSided": true,
		"invertBackFaceNormals": true,
		"dynamicCubemap": true,
		"activeLayers": 1,
		"materialTag0": "beamng",
		"order_simset": 0,
		"version": 1.5
	},
	"material_70_jucyjuce_v60_block_ohv_mid_actor_c_2145209784_sectionmesh_v60_block_middle_ohv138": {
		"name": "material_70_jucyjuce_v60_block_ohv_mid_actor_c_2145209784_sectionmesh_v60_block_middle_ohv138",
		"class": "Material",
		"mapTo": "material_70_jucyjuce_v60_block_ohv_mid_actor_c_2145209784_sectionmesh_v60_block_middle_ohv138",
		"Stages": [
			{
				"normalMap": "camso_col_0xff8080ff.dds",
				"diffuseColor": [ 1, 1, 1, 1 ],
				"roughnessFactor": 0,
				"metallicFactor": 0
			},
			{
			},
			{
			},
			{
			}
		],
		"alphaRef": 1,
		"alphaTest": true,
		"translucent": false,
		"translucentBlendOp": "None",
		"doubleSided": true,
		"invertBackFaceNormals": true,
		"dynamicCubemap": true,
		"activeLayers": 1,
		"materialTag0": "beamng",
		"order_simset": 0,
		"version": 1.5
	},
	"material_71_jucyjuce_v60_block_ohv_mid_actor_c_2145209784_sectionmesh_v60_block_middle_ohv138": {
		"name": "material_71_jucyjuce_v60_block_ohv_mid_actor_c_2145209784_sectionmesh_v60_block_middle_ohv138",
		"class": "Material",
		"mapTo": "material_71_jucyjuce_v60_block_ohv_mid_actor_c_2145209784_sectionmesh_v60_block_middle_ohv138",
		"Stages": [
			{
				"normalMap": "camso_pittedironnormal.dds",
				"diffuseColor": [ 0.517647, 0.521569, 0.513725, 1 ],
				"roughnessFactor": 0.9,
				"metallicFactor": 0.2,
				"useAnisotropic": true
			},
			{
			},
			{
			},
			{
			}
		],
		"alphaRef": 1,
		"alphaTest": true,
		"translucent": false,
		"translucentBlendOp": "None",
		"doubleSided": true,
		"invertBackFaceNormals": true,
		"dynamicCubemap": true,
		"activeLayers": 1,
		"materialTag0": "beamng",
		"order_simset": 0,
		"version": 1.5
	},
	"material_72_jucyjuce_v60_block_ohv_mid_actor_c_2145209784_sectionmesh_v60_block_middle_ohv138": {
		"name": "material_72_jucyjuce_v60_block_ohv_mid_actor_c_2145209784_sectionmesh_v60_block_middle_ohv138",
		"class": "Material",
		"mapTo": "material_72_jucyjuce_v60_block_ohv_mid_actor_c_2145209784_sectionmesh_v60_block_middle_ohv138",
		"Stages": [
			{
				"normalMap": "camso_engineblocktophole_01_normal.dds",
				"diffuseColor": [ 0.737255, 0.737255, 0.737255, 1 ],
				"roughnessFactor": 0.25,
				"metallicFactor": 1,
				"useAnisotropic": true
			},
			{
			},
			{
			},
			{
			}
		],
		"alphaRef": 1,
		"alphaTest": true,
		"translucent": false,
		"translucentBlendOp": "None",
		"doubleSided": true,
		"invertBackFaceNormals": true,
		"dynamicCubemap": true,
		"activeLayers": 1,
		"materialTag0": "beamng",
		"order_simset": 0,
		"version": 1.5
	},
	"material_73_jucyjuce_inl_flying_wheel_01_actor_gen_variable_inl_flying_wheel_01_actor_c_cat_2145209779_inl_flying_wheel_01_mesh_inl_flying_wheel_01143": {
		"name": "material_73_jucyjuce_inl_flying_wheel_01_actor_gen_variable_inl_flying_wheel_01_actor_c_cat_2145209779_inl_flying_wheel_01_mesh_inl_flying_wheel_01143",
		"class": "Material",
		"mapTo": "material_73_jucyjuce_inl_flying_wheel_01_actor_gen_variable_inl_flying_wheel_01_actor_c_cat_2145209779_inl_flying_wheel_01_mesh_inl_flying_wheel_01143",
		"Stages": [
			{
				"normalMap": "camso_col_0xff8080ff.dds",
				"diffuseColor": [ 0.737255, 0.737255, 0.737255, 1 ],
				"roughnessFactor": 0.25,
				"metallicFactor": 1
			},
			{
			},
			{
			},
			{
			}
		],
		"alphaRef": 1,
		"alphaTest": true,
		"translucent": false,
		"translucentBlendOp": "None",
		"doubleSided": true,
		"invertBackFaceNormals": true,
		"dynamicCubemap": true,
		"activeLayers": 1,
		"materialTag0": "beamng",
		"order_simset": 0,
		"version": 1.5
	},
	"material_74_jucyjuce_mainexhaustmesh148": {
		"name": "material_74_jucyjuce_mainexhaustmesh148",
		"class": "Material",
		"mapTo": "material_74_jucyjuce_mainexhaustmesh148",
		"Stages": [
			{
				"normalMap": "camso_col_0xff8080ff.dds",
				"diffuseColor": [ 1, 1, 1, 1 ],
				"roughnessFactor": 0,
				"metallicFactor": 1
			},
			{
			},
			{
			},
			{
			}
		],
		"alphaRef": 1,
		"alphaTest": true,
		"translucent": false,
		"translucentBlendOp": "None",
		"doubleSided": true,
		"invertBackFaceNormals": true,
		"dynamicCubemap": true,
		"activeLayers": 1,
		"materialTag0": "beamng",
		"order_simset": 0,
		"version": 1.5
	},
	"material_75_jucyjuce_temp149": {
		"name": "material_75_jucyjuce_temp149",
		"class": "Material",
		"mapTo": "material_75_jucyjuce_temp149",
		"Stages": [
			{
				"normalMap": "camso_col_0xff8080ff.dds",
				"diffuseColor": [ 1, 1, 1, 1 ],
				"roughnessFactor": 0,
				"metallicFactor": 1
			},
			{
			},
			{
			},
			{
			}
		],
		"alphaRef": 1,
		"alphaTest": true,
		"translucent": false,
		"translucentBlendOp": "None",
		"doubleSided": true,
		"invertBackFaceNormals": true,
		"dynamicCubemap": true,
		"activeLayers": 1,
		"materialTag0": "beamng",
		"order_simset": 0,
		"version": 1.5
	},
	"material_76_jucyjuce_temp149": {
		"name": "material_76_jucyjuce_temp149",
		"class": "Material",
		"mapTo": "material_76_jucyjuce_temp149",
		"Stages": [
			{
				"normalMap": "camso_col_0xff8080ff.dds",
				"diffuseColor": [ 0, 0, 0, 1 ],
				"roughnessFactor": 0,
				"metallicFactor": 0
			},
			{
			},
			{
			},
			{
			}
		],
		"alphaRef": 1,
		"alphaTest": true,
		"translucent": false,
		"translucentBlendOp": "None",
		"doubleSided": true,
		"invertBackFaceNormals": true,
		"dynamicCubemap": true,
		"activeLayers": 1,
		"materialTag0": "beamng",
		"order_simset": 0,
		"version": 1.5
	}
}
