{
	"Name": "Athena XXXV",
	"Author": "Camshaft Software LTD",
	"Type": "Automation",
	"ExporterVersion": 210705,
	"AutomationVersion": 2107059968,
	"Weight": 1236,
	"Power": 134,
	"Torque": 403,
	"Years": {
		"min": 2012,
		"max": 2012
	},
	"Drivetrain": "AWD",
	"Transmission": "Automatic",
	"Propulsion": "ICE",
	"Fuel Type": "Gasoline",
	"defaultPaintName1": "Default1",
	"paints": {
		"Default1": {
			"baseColor": [ 0.294118, 0.627451, 0, 1 ],
			"clearcoat": 1,
			"clearcoatRoughness": 0,
			"metallic": 1,
			"roughness": 0.35
		},
		"Black": {
			"baseColor": [ 0.01, 0.01, 0.01, 2 ],
			"clearcoat": 1,
			"clearcoatRoughness": 0,
			"metallic": 1,
			"roughness": 0.35
		},
		"White": {
			"baseColor": [ 1, 1, 1, 2 ],
			"clearcoat": 1,
			"clearcoatRoughness": 0,
			"metallic": 1,
			"roughness": 0.35
		},
		"Red": {
			"baseColor": [ 0.7, 0.1, 0.1, 2 ],
			"clearcoat": 1,
			"clearcoatRoughness": 0,
			"metallic": 1,
			"roughness": 0.35
		},
		"Blue": {
			"baseColor": [ 0.1, 0.2, 0.4, 2 ],
			"clearcoat": 1,
			"clearcoatRoughness": 0,
			"metallic": 1,
			"roughness": 0.35
		}
	}
}
