{
	"material_0_athena_xxxv_athena_xxxv_body0": {
		"name": "material_0_athena_xxxv_athena_xxxv_body0",
		"class": "Material",
		"mapTo": "material_0_athena_xxxv_athena_xxxv_body0",
		"Stages": [
			{
				"normalMap": "camso_col_0xff8080ff.dds",
				"clearCoatFactor": 1,
				"clearCoatRoughnessFactor": 1,
				"opacityMap": "owl1_stamp0.dds",
				"opacityMapUseUV": 1,
				"instanceDiffuse": true,
				"colorPaletteMap": "camso_col_0xffff0000.dds",
				"roughnessFactor": 1,
				"metallicFactor": 1,
				"diffuseColor": [ 1, 1, 1, 1 ],
				"useAnisotropic": true
			},
			{
			},
			{
			},
			{
			}
		],
		"alphaRef": 1,
		"alphaTest": true,
		"translucent": false,
		"translucentBlendOp": "None",
		"doubleSided": true,
		"invertBackFaceNormals": true,
		"dynamicCubemap": true,
		"activeLayers": 1,
		"materialTag0": "beamng",
		"order_simset": 0,
		"version": 1.5
	},
	"material_1_athena_xxxv_athena_xxxv_body0": {
		"name": "material_1_athena_xxxv_athena_xxxv_body0",
		"class": "Material",
		"mapTo": "material_1_athena_xxxv_athena_xxxv_body0",
		"Stages": [
			{
				"normalMap": "camso_col_0xff8080ff.dds",
				"opacityMap": "owl1_stamp0.dds",
				"opacityMapUseUV": 1,
				"diffuseColor": [ 0.00392157, 0.101961, 0.0862745, 1 ],
				"roughnessFactor": 0,
				"metallicFactor": 1,
				"opacityFactor": 1,
				"useAnisotropic": true
			},
			{
			},
			{
			},
			{
			}
		],
		"alphaRef": 1,
		"alphaTest": true,
		"translucent": true,
		"translucentBlendOp": "PreMulAlpha",
		"translucentZWrite": false,
		"castShadows": false,
		"translucentRecvShadows": true,
		"dynamicCubemap": true,
		"activeLayers": 1,
		"materialTag0": "beamng",
		"order_simset": 0,
		"version": 1.5
	},
	"material_2_athena_xxxv_athena_xxxv_body0": {
		"name": "material_2_athena_xxxv_athena_xxxv_body0",
		"class": "Material",
		"mapTo": "material_2_athena_xxxv_athena_xxxv_body0",
		"Stages": [
			{
				"normalMap": "camso_t_leather_01_n.dds",
				"opacityMap": "owl1_stamp0.dds",
				"opacityMapUseUV": 1,
				"diffuseColor": [ 0.705882, 0.454902, 0.309804, 1 ],
				"roughnessFactor": 0.09,
				"metallicFactor": 0,
				"useAnisotropic": true
			},
			{
			},
			{
			},
			{
			}
		],
		"alphaRef": 1,
		"alphaTest": true,
		"translucent": false,
		"translucentBlendOp": "None",
		"doubleSided": true,
		"invertBackFaceNormals": true,
		"dynamicCubemap": true,
		"activeLayers": 1,
		"materialTag0": "beamng",
		"order_simset": 0,
		"version": 1.5
	},
	"material_3_athena_xxxv_athena_xxxv_body0": {
		"name": "material_3_athena_xxxv_athena_xxxv_body0",
		"class": "Material",
		"mapTo": "material_3_athena_xxxv_athena_xxxv_body0",
		"Stages": [
			{
				"normalMap": "camso_col_0xff8080ff.dds",
				"opacityMap": "owl1_stamp0.dds",
				"opacityMapUseUV": 1,
				"diffuseColor": [ 0.0627451, 0.0627451, 0.0627451, 1 ],
				"roughnessFactor": 0,
				"metallicFactor": 0,
				"useAnisotropic": true
			},
			{
			},
			{
			},
			{
			}
		],
		"alphaRef": 1,
		"alphaTest": true,
		"translucent": false,
		"translucentBlendOp": "None",
		"doubleSided": true,
		"invertBackFaceNormals": true,
		"dynamicCubemap": true,
		"activeLayers": 1,
		"materialTag0": "beamng",
		"order_simset": 0,
		"version": 1.5
	},
	"material_4_athena_xxxv_chassis1": {
		"name": "material_4_athena_xxxv_chassis1",
		"class": "Material",
		"mapTo": "material_4_athena_xxxv_chassis1",
		"Stages": [
			{
				"normalMap": "camso_col_0xff8080ff.dds",
				"diffuseColor": [ 0.560784, 0.560784, 0.560784, 1 ],
				"roughnessFactor": 0.2,
				"metallicFactor": 1
			},
			{
			},
			{
			},
			{
			}
		],
		"alphaRef": 1,
		"alphaTest": true,
		"translucent": false,
		"translucentBlendOp": "None",
		"doubleSided": true,
		"invertBackFaceNormals": true,
		"dynamicCubemap": true,
		"activeLayers": 1,
		"materialTag0": "beamng",
		"order_simset": 0,
		"version": 1.5
	},
	"material_5_athena_xxxv_temp2": {
		"name": "material_5_athena_xxxv_temp2",
		"class": "Material",
		"mapTo": "material_5_athena_xxxv_temp2",
		"Stages": [
			{
				"normalMap": "camso_t_noise_n.dds",
				"diffuseColor": [ 1, 1, 1, 1 ],
				"roughnessFactor": 0,
				"metallicFactor": 0,
				"useAnisotropic": true
			},
			{
			},
			{
			},
			{
			}
		],
		"alphaRef": 1,
		"alphaTest": true,
		"translucent": false,
		"translucentBlendOp": "None",
		"doubleSided": true,
		"invertBackFaceNormals": true,
		"dynamicCubemap": true,
		"activeLayers": 1,
		"materialTag0": "beamng",
		"order_simset": 0,
		"version": 1.5
	},
	"material_6_athena_xxxv_temp2": {
		"name": "material_6_athena_xxxv_temp2",
		"class": "Material",
		"mapTo": "material_6_athena_xxxv_temp2",
		"Stages": [
			{
				"normalMap": "camso_col_0xff8080ff.dds",
				"diffuseColor": [ 0.0470588, 0.0470588, 0.0470588, 0 ],
				"roughnessFactor": 0,
				"metallicFactor": 0
			},
			{
			},
			{
			},
			{
			}
		],
		"alphaRef": 1,
		"alphaTest": true,
		"translucent": false,
		"translucentBlendOp": "None",
		"dynamicCubemap": true,
		"activeLayers": 1,
		"materialTag0": "beamng",
		"order_simset": 0,
		"version": 1.5
	},
	"material_7_athena_xxxv_tyre_f2": {
		"name": "material_7_athena_xxxv_tyre_f2",
		"class": "Material",
		"mapTo": "material_7_athena_xxxv_tyre_f2",
		"Stages": [
			{
				"normalMap": "camso_tyrehardll_tread_normal.dds",
				"diffuseColor": [ 0.12549, 0.12549, 0.12549, 1 ],
				"roughnessFactor": 0.4,
				"metallicFactor": 0,
				"useAnisotropic": true
			},
			{
			},
			{
			},
			{
			}
		],
		"alphaRef": 1,
		"alphaTest": true,
		"translucent": false,
		"translucentBlendOp": "None",
		"dynamicCubemap": true,
		"activeLayers": 1,
		"materialTag0": "beamng",
		"order_simset": 0,
		"version": 1.5
	},
	"material_8_athena_xxxv_tyre_f2": {
		"name": "material_8_athena_xxxv_tyre_f2",
		"class": "Material",
		"mapTo": "material_8_athena_xxxv_tyre_f2",
		"Stages": [
			{
				"normalMap": "camso_tyrehardll_sidewall_normal.dds",
				"diffuseColor": [ 0.12549, 0.12549, 0.12549, 1 ],
				"roughnessFactor": 0.4,
				"metallicFactor": 0,
				"useAnisotropic": true
			},
			{
			},
			{
			},
			{
			}
		],
		"alphaRef": 1,
		"alphaTest": true,
		"translucent": false,
		"translucentBlendOp": "None",
		"dynamicCubemap": true,
		"activeLayers": 1,
		"materialTag0": "beamng",
		"order_simset": 0,
		"version": 1.5
	},
	"material_9_athena_xxxv_tyre_f2": {
		"name": "material_9_athena_xxxv_tyre_f2",
		"class": "Material",
		"mapTo": "material_9_athena_xxxv_tyre_f2",
		"Stages": [
			{
				"normalMap": "camso_col_0xff8080ff.dds",
				"diffuseColor": [ 0.74902, 0.756863, 0.74902, 1 ],
				"roughnessFactor": 0.2,
				"metallicFactor": 1
			},
			{
			},
			{
			},
			{
			}
		],
		"alphaRef": 1,
		"alphaTest": true,
		"translucent": false,
		"translucentBlendOp": "None",
		"doubleSided": true,
		"invertBackFaceNormals": true,
		"dynamicCubemap": true,
		"activeLayers": 1,
		"materialTag0": "beamng",
		"order_simset": 0,
		"version": 1.5
	},
	"material_10_athena_xxxv_wheel_f3": {
		"name": "material_10_athena_xxxv_wheel_f3",
		"class": "Material",
		"mapTo": "material_10_athena_xxxv_wheel_f3",
		"Stages": [
			{
				"normalMap": "camso_col_0xff8080ff.dds",
				"diffuseColor": [ 0.74902, 0.756863, 0.74902, 1 ],
				"roughnessFactor": 0.2,
				"metallicFactor": 1
			},
			{
			},
			{
			},
			{
			}
		],
		"alphaRef": 1,
		"alphaTest": true,
		"translucent": false,
		"translucentBlendOp": "None",
		"doubleSided": true,
		"invertBackFaceNormals": true,
		"dynamicCubemap": true,
		"activeLayers": 1,
		"materialTag0": "beamng",
		"order_simset": 0,
		"version": 1.5
	},
	"material_11_athena_xxxv_suspension_f4": {
		"name": "material_11_athena_xxxv_suspension_f4",
		"class": "Material",
		"mapTo": "material_11_athena_xxxv_suspension_f4",
		"Stages": [
			{
				"normalMap": "camso_col_0xff8080ff.dds",
				"diffuseColor": [ 0.596078, 0.596078, 0.596078, 1 ],
				"roughnessFactor": 0.9,
				"metallicFactor": 0.4
			},
			{
			},
			{
			},
			{
			}
		],
		"alphaRef": 1,
		"alphaTest": true,
		"translucent": false,
		"translucentBlendOp": "None",
		"doubleSided": true,
		"invertBackFaceNormals": true,
		"dynamicCubemap": true,
		"activeLayers": 1,
		"materialTag0": "beamng",
		"order_simset": 0,
		"version": 1.5
	},
	"material_12_athena_xxxv_suspension_f4": {
		"name": "material_12_athena_xxxv_suspension_f4",
		"class": "Material",
		"mapTo": "material_12_athena_xxxv_suspension_f4",
		"Stages": [
			{
				"normalMap": "camso_col_0xff8080ff.dds",
				"diffuseColor": [ 0.662745, 0.568627, 0.113725, 0 ],
				"roughnessFactor": 0.3,
				"metallicFactor": 0
			},
			{
			},
			{
			},
			{
			}
		],
		"alphaRef": 1,
		"alphaTest": true,
		"translucent": false,
		"translucentBlendOp": "None",
		"doubleSided": true,
		"invertBackFaceNormals": true,
		"dynamicCubemap": true,
		"activeLayers": 1,
		"materialTag0": "beamng",
		"order_simset": 0,
		"version": 1.5
	},
	"material_13_athena_xxxv_suspension_f4": {
		"name": "material_13_athena_xxxv_suspension_f4",
		"class": "Material",
		"mapTo": "material_13_athena_xxxv_suspension_f4",
		"Stages": [
			{
				"normalMap": "camso_col_0xff8080ff.dds",
				"diffuseColor": [ 0.517647, 0, 0, 0 ],
				"roughnessFactor": 0.3,
				"metallicFactor": 0
			},
			{
			},
			{
			},
			{
			}
		],
		"alphaRef": 1,
		"alphaTest": true,
		"translucent": false,
		"translucentBlendOp": "None",
		"doubleSided": true,
		"invertBackFaceNormals": true,
		"dynamicCubemap": true,
		"activeLayers": 1,
		"materialTag0": "beamng",
		"order_simset": 0,
		"version": 1.5
	},
	"material_14_athena_xxxv_brakecaliper_f5": {
		"name": "material_14_athena_xxxv_brakecaliper_f5",
		"class": "Material",
		"mapTo": "material_14_athena_xxxv_brakecaliper_f5",
		"Stages": [
			{
				"normalMap": "camso_col_0xff8080ff.dds",
				"clearCoatFactor": 1,
				"clearCoatRoughnessFactor": 0,
				"diffuseColor": [ 1, 0, 0, 1 ],
				"roughnessFactor": 0.35,
				"metallicFactor": 1
			},
			{
			},
			{
			},
			{
			}
		],
		"alphaRef": 1,
		"alphaTest": true,
		"translucent": false,
		"translucentBlendOp": "None",
		"doubleSided": true,
		"invertBackFaceNormals": true,
		"dynamicCubemap": true,
		"activeLayers": 1,
		"materialTag0": "beamng",
		"order_simset": 0,
		"version": 1.5
	},
	"material_15_athena_xxxv_brakecaliper_f5": {
		"name": "material_15_athena_xxxv_brakecaliper_f5",
		"class": "Material",
		"mapTo": "material_15_athena_xxxv_brakecaliper_f5",
		"Stages": [
			{
				"normalMap": "camso_col_0xff8080ff.dds",
				"diffuseColor": [ 0.0470588, 0.0470588, 0.0470588, 0 ],
				"roughnessFactor": 0,
				"metallicFactor": 0
			},
			{
			},
			{
			},
			{
			}
		],
		"alphaRef": 1,
		"alphaTest": true,
		"translucent": false,
		"translucentBlendOp": "None",
		"dynamicCubemap": true,
		"activeLayers": 1,
		"materialTag0": "beamng",
		"order_simset": 0,
		"version": 1.5
	},
	"material_16_athena_xxxv_brakecaliper_f5": {
		"name": "material_16_athena_xxxv_brakecaliper_f5",
		"class": "Material",
		"mapTo": "material_16_athena_xxxv_brakecaliper_f5",
		"Stages": [
			{
				"normalMap": "camso_boltnormal.dds",
				"diffuseColor": [ 0.709804, 0.670588, 0.611765, 1 ],
				"roughnessFactor": 0.4,
				"metallicFactor": 1,
				"useAnisotropic": true
			},
			{
			},
			{
			},
			{
			}
		],
		"alphaRef": 1,
		"alphaTest": true,
		"translucent": false,
		"translucentBlendOp": "None",
		"doubleSided": true,
		"invertBackFaceNormals": true,
		"dynamicCubemap": true,
		"activeLayers": 1,
		"materialTag0": "beamng",
		"order_simset": 0,
		"version": 1.5
	},
	"material_17_athena_xxxv_temp6": {
		"name": "material_17_athena_xxxv_temp6",
		"class": "Material",
		"mapTo": "material_17_athena_xxxv_temp6",
		"Stages": [
			{
				"normalMap": "camso_col_0xff8080ff.dds",
				"diffuseColor": [ 0.372549, 0.372549, 0.372549, 1 ],
				"roughnessFactor": 0.9,
				"metallicFactor": 0.4
			},
			{
			},
			{
			},
			{
			}
		],
		"alphaRef": 1,
		"alphaTest": true,
		"translucent": false,
		"translucentBlendOp": "None",
		"doubleSided": true,
		"invertBackFaceNormals": true,
		"dynamicCubemap": true,
		"activeLayers": 1,
		"materialTag0": "beamng",
		"order_simset": 0,
		"version": 1.5
	},
	"material_18_athena_xxxv_temp6": {
		"name": "material_18_athena_xxxv_temp6",
		"class": "Material",
		"mapTo": "material_18_athena_xxxv_temp6",
		"Stages": [
			{
				"normalMap": "camso_col_0xff8080ff.dds",
				"diffuseColor": [ 0.737255, 0.737255, 0.737255, 1 ],
				"roughnessFactor": 0.25,
				"metallicFactor": 1
			},
			{
			},
			{
			},
			{
			}
		],
		"alphaRef": 1,
		"alphaTest": true,
		"translucent": false,
		"translucentBlendOp": "None",
		"doubleSided": true,
		"invertBackFaceNormals": true,
		"dynamicCubemap": true,
		"activeLayers": 1,
		"materialTag0": "beamng",
		"order_simset": 0,
		"version": 1.5
	},
	"material_19_athena_xxxv_temp6": {
		"name": "material_19_athena_xxxv_temp6",
		"class": "Material",
		"mapTo": "material_19_athena_xxxv_temp6",
		"Stages": [
			{
				"normalMap": "camso_col_0xff8080ff.dds",
				"diffuseColor": [ 0.94902, 0.854902, 0.639216, 1 ],
				"roughnessFactor": 0.2,
				"metallicFactor": 1
			},
			{
			},
			{
			},
			{
			}
		],
		"alphaRef": 1,
		"alphaTest": true,
		"translucent": false,
		"translucentBlendOp": "None",
		"doubleSided": true,
		"invertBackFaceNormals": true,
		"dynamicCubemap": true,
		"activeLayers": 1,
		"materialTag0": "beamng",
		"order_simset": 0,
		"version": 1.5
	},
	"material_20_athena_xxxv_suspension_r9": {
		"name": "material_20_athena_xxxv_suspension_r9",
		"class": "Material",
		"mapTo": "material_20_athena_xxxv_suspension_r9",
		"Stages": [
			{
				"normalMap": "camso_boltnormal.dds",
				"diffuseColor": [ 0.709804, 0.670588, 0.611765, 1 ],
				"roughnessFactor": 0.4,
				"metallicFactor": 1,
				"useAnisotropic": true
			},
			{
			},
			{
			},
			{
			}
		],
		"alphaRef": 1,
		"alphaTest": true,
		"translucent": false,
		"translucentBlendOp": "None",
		"doubleSided": true,
		"invertBackFaceNormals": true,
		"dynamicCubemap": true,
		"activeLayers": 1,
		"materialTag0": "beamng",
		"order_simset": 0,
		"version": 1.5
	},
	"material_21_athena_xxxv_suspension_r9": {
		"name": "material_21_athena_xxxv_suspension_r9",
		"class": "Material",
		"mapTo": "material_21_athena_xxxv_suspension_r9",
		"Stages": [
			{
				"normalMap": "camso_col_0xff8080ff.dds",
				"diffuseColor": [ 0.737255, 0.737255, 0.737255, 1 ],
				"roughnessFactor": 0.25,
				"metallicFactor": 1
			},
			{
			},
			{
			},
			{
			}
		],
		"alphaRef": 1,
		"alphaTest": true,
		"translucent": false,
		"translucentBlendOp": "None",
		"doubleSided": true,
		"invertBackFaceNormals": true,
		"dynamicCubemap": true,
		"activeLayers": 1,
		"materialTag0": "beamng",
		"order_simset": 0,
		"version": 1.5
	},
	"material_22_athena_xxxv_temp12": {
		"name": "material_22_athena_xxxv_temp12",
		"class": "Material",
		"mapTo": "material_22_athena_xxxv_temp12",
		"Stages": [
			{
				"normalMap": "camso_col_0xff8080ff.dds",
				"diffuseColor": [ 0.247059, 0.247059, 0.247059, 1 ],
				"roughnessFactor": 0.3,
				"metallicFactor": 0
			},
			{
			},
			{
			},
			{
			}
		],
		"alphaRef": 1,
		"alphaTest": true,
		"translucent": false,
		"translucentBlendOp": "None",
		"doubleSided": true,
		"invertBackFaceNormals": true,
		"dynamicCubemap": true,
		"activeLayers": 1,
		"materialTag0": "beamng",
		"order_simset": 0,
		"version": 1.5
	},
	"material_23_athena_xxxv_temp12": {
		"name": "material_23_athena_xxxv_temp12",
		"class": "Material",
		"mapTo": "material_23_athena_xxxv_temp12",
		"Stages": [
			{
				"normalMap": "camso_t_blanknormal.dds",
				"diffuseColor": [ 0.94902, 0.94902, 0.94902, 0.74902 ],
				"roughnessFactor": 0,
				"metallicFactor": 0,
				"opacityFactor": 0.74902,
				"useAnisotropic": true
			},
			{
			},
			{
			},
			{
			}
		],
		"alphaRef": 1,
		"alphaTest": true,
		"translucent": true,
		"translucentBlendOp": "PreMulAlpha",
		"translucentZWrite": false,
		"castShadows": false,
		"translucentRecvShadows": true,
		"dynamicCubemap": true,
		"activeLayers": 1,
		"materialTag0": "beamng",
		"order_simset": 0,
		"version": 1.5
	},
	"material_23_athena_xxxv_temp12_off": {
		"name": "material_23_athena_xxxv_temp12_off",
		"class": "Material",
		"mapTo": "material_23_athena_xxxv_temp12_off",
		"Stages": [
			{
				"normalMap": "camso_t_blanknormal.dds",
				"diffuseColor": [ 0.94902, 0.94902, 0.94902, 0.74902 ],
				"roughnessFactor": 0,
				"metallicFactor": 0,
				"opacityFactor": 0.74902,
				"useAnisotropic": true
			},
			{
			},
			{
			},
			{
			}
		],
		"alphaRef": 1,
		"alphaTest": true,
		"translucent": true,
		"translucentBlendOp": "PreMulAlpha",
		"translucentZWrite": false,
		"castShadows": false,
		"translucentRecvShadows": true,
		"dynamicCubemap": true,
		"activeLayers": 1,
		"materialTag0": "beamng",
		"order_simset": 0,
		"version": 1.5
	},
	"material_23_athena_xxxv_temp12_on": {
		"name": "material_23_athena_xxxv_temp12_on",
		"class": "Material",
		"mapTo": "material_23_athena_xxxv_temp12_on",
		"Stages": [
			{
				"normalMap": "camso_t_blanknormal.dds",
				"diffuseColor": [ 0.94902, 0.94902, 0.94902, 0.74902 ],
				"roughnessFactor": 0,
				"metallicFactor": 0,
				"opacityFactor": 0.74902,
				"emissiveFactor": [ 0.992141, 0.992141, 0.992141 ],
				"glow": true,
				"useAnisotropic": true
			},
			{
			},
			{
			},
			{
			}
		],
		"alphaRef": 1,
		"alphaTest": true,
		"translucent": true,
		"translucentBlendOp": "PreMulAlpha",
		"translucentZWrite": false,
		"castShadows": false,
		"translucentRecvShadows": true,
		"dynamicCubemap": true,
		"activeLayers": 1,
		"materialTag0": "beamng",
		"order_simset": 0,
		"version": 1.5
	},
	"material_23_athena_xxxv_temp12_onIntense": {
		"name": "material_23_athena_xxxv_temp12_onIntense",
		"class": "Material",
		"mapTo": "material_23_athena_xxxv_temp12_onIntense",
		"Stages": [
			{
				"normalMap": "camso_t_blanknormal.dds",
				"diffuseColor": [ 0.94902, 0.94902, 0.94902, 0.74902 ],
				"roughnessFactor": 0,
				"metallicFactor": 0,
				"opacityFactor": 0.74902,
				"emissiveFactor": [ 1, 1, 1 ],
				"glow": true,
				"useAnisotropic": true
			},
			{
			},
			{
			},
			{
			}
		],
		"alphaRef": 1,
		"alphaTest": true,
		"translucent": true,
		"translucentBlendOp": "PreMulAlpha",
		"translucentZWrite": false,
		"castShadows": false,
		"translucentRecvShadows": true,
		"dynamicCubemap": true,
		"activeLayers": 1,
		"materialTag0": "beamng",
		"order_simset": 0,
		"version": 1.5
	},
	"material_24_athena_xxxv_temp12": {
		"name": "material_24_athena_xxxv_temp12",
		"class": "Material",
		"mapTo": "material_24_athena_xxxv_temp12",
		"Stages": [
			{
				"normalMap": "camso_t_blanknormal.dds",
				"diffuseColor": [ 0.913725, 0.490196, 0.14902, 0.94902 ],
				"roughnessFactor": 0,
				"metallicFactor": 0,
				"opacityFactor": 0.94902,
				"useAnisotropic": true
			},
			{
			},
			{
			},
			{
			}
		],
		"alphaRef": 1,
		"alphaTest": true,
		"translucent": true,
		"translucentBlendOp": "PreMulAlpha",
		"translucentZWrite": false,
		"castShadows": false,
		"translucentRecvShadows": true,
		"dynamicCubemap": true,
		"activeLayers": 1,
		"materialTag0": "beamng",
		"order_simset": 0,
		"version": 1.5
	},
	"material_24_athena_xxxv_temp12_off": {
		"name": "material_24_athena_xxxv_temp12_off",
		"class": "Material",
		"mapTo": "material_24_athena_xxxv_temp12_off",
		"Stages": [
			{
				"normalMap": "camso_t_blanknormal.dds",
				"diffuseColor": [ 0.913725, 0.490196, 0.14902, 0.94902 ],
				"roughnessFactor": 0,
				"metallicFactor": 0,
				"opacityFactor": 0.94902,
				"useAnisotropic": true
			},
			{
			},
			{
			},
			{
			}
		],
		"alphaRef": 1,
		"alphaTest": true,
		"translucent": true,
		"translucentBlendOp": "PreMulAlpha",
		"translucentZWrite": false,
		"castShadows": false,
		"translucentRecvShadows": true,
		"dynamicCubemap": true,
		"activeLayers": 1,
		"materialTag0": "beamng",
		"order_simset": 0,
		"version": 1.5
	},
	"material_24_athena_xxxv_temp12_on": {
		"name": "material_24_athena_xxxv_temp12_on",
		"class": "Material",
		"mapTo": "material_24_athena_xxxv_temp12_on",
		"Stages": [
			{
				"normalMap": "camso_t_blanknormal.dds",
				"diffuseColor": [ 0.913725, 0.490196, 0.14902, 0.94902 ],
				"roughnessFactor": 0,
				"metallicFactor": 0,
				"opacityFactor": 0.94902,
				"emissiveFactor": [ 0.986902, 0.745212, 0.422958 ],
				"glow": true,
				"useAnisotropic": true
			},
			{
			},
			{
			},
			{
			}
		],
		"alphaRef": 1,
		"alphaTest": true,
		"translucent": true,
		"translucentBlendOp": "PreMulAlpha",
		"translucentZWrite": false,
		"castShadows": false,
		"translucentRecvShadows": true,
		"dynamicCubemap": true,
		"activeLayers": 1,
		"materialTag0": "beamng",
		"order_simset": 0,
		"version": 1.5
	},
	"material_24_athena_xxxv_temp12_onIntense": {
		"name": "material_24_athena_xxxv_temp12_onIntense",
		"class": "Material",
		"mapTo": "material_24_athena_xxxv_temp12_onIntense",
		"Stages": [
			{
				"normalMap": "camso_t_blanknormal.dds",
				"diffuseColor": [ 0.913725, 0.490196, 0.14902, 0.94902 ],
				"roughnessFactor": 0,
				"metallicFactor": 0,
				"opacityFactor": 0.94902,
				"emissiveFactor": [ 1, 0.755102, 0.428571 ],
				"glow": true,
				"useAnisotropic": true
			},
			{
			},
			{
			},
			{
			}
		],
		"alphaRef": 1,
		"alphaTest": true,
		"translucent": true,
		"translucentBlendOp": "PreMulAlpha",
		"translucentZWrite": false,
		"castShadows": false,
		"translucentRecvShadows": true,
		"dynamicCubemap": true,
		"activeLayers": 1,
		"materialTag0": "beamng",
		"order_simset": 0,
		"version": 1.5
	},
	"material_25_athena_xxxv_temp12": {
		"name": "material_25_athena_xxxv_temp12",
		"class": "Material",
		"mapTo": "material_25_athena_xxxv_temp12",
		"Stages": [
			{
				"normalMap": "camso_t_blanknormal.dds",
				"diffuseColor": [ 0.94902, 0.94902, 0.94902, 0.34902 ],
				"roughnessFactor": 0,
				"metallicFactor": 0,
				"opacityFactor": 0.34902,
				"useAnisotropic": true
			},
			{
			},
			{
			},
			{
			}
		],
		"alphaRef": 1,
		"alphaTest": true,
		"translucent": true,
		"translucentBlendOp": "AddAlpha",
		"translucentZWrite": false,
		"castShadows": false,
		"translucentRecvShadows": true,
		"dynamicCubemap": true,
		"activeLayers": 1,
		"materialTag0": "beamng",
		"order_simset": 0,
		"version": 1.5
	},
	"material_25_athena_xxxv_temp12_off": {
		"name": "material_25_athena_xxxv_temp12_off",
		"class": "Material",
		"mapTo": "material_25_athena_xxxv_temp12_off",
		"Stages": [
			{
				"normalMap": "camso_t_blanknormal.dds",
				"diffuseColor": [ 0.94902, 0.94902, 0.94902, 0.34902 ],
				"roughnessFactor": 0,
				"metallicFactor": 0,
				"opacityFactor": 0.34902,
				"useAnisotropic": true
			},
			{
			},
			{
			},
			{
			}
		],
		"alphaRef": 1,
		"alphaTest": true,
		"translucent": true,
		"translucentBlendOp": "AddAlpha",
		"translucentZWrite": false,
		"castShadows": false,
		"translucentRecvShadows": true,
		"dynamicCubemap": true,
		"activeLayers": 1,
		"materialTag0": "beamng",
		"order_simset": 0,
		"version": 1.5
	},
	"material_25_athena_xxxv_temp12_on": {
		"name": "material_25_athena_xxxv_temp12_on",
		"class": "Material",
		"mapTo": "material_25_athena_xxxv_temp12_on",
		"Stages": [
			{
				"normalMap": "camso_t_blanknormal.dds",
				"diffuseColor": [ 0.94902, 0.94902, 0.94902, 0.34902 ],
				"roughnessFactor": 0,
				"metallicFactor": 0,
				"opacityFactor": 0.34902,
				"emissiveFactor": [ 0.992141, 0.992141, 0.992141 ],
				"glow": true,
				"useAnisotropic": true
			},
			{
			},
			{
			},
			{
			}
		],
		"alphaRef": 1,
		"alphaTest": true,
		"translucent": true,
		"translucentBlendOp": "AddAlpha",
		"translucentZWrite": false,
		"castShadows": false,
		"translucentRecvShadows": true,
		"dynamicCubemap": true,
		"activeLayers": 1,
		"materialTag0": "beamng",
		"order_simset": 0,
		"version": 1.5
	},
	"material_25_athena_xxxv_temp12_onIntense": {
		"name": "material_25_athena_xxxv_temp12_onIntense",
		"class": "Material",
		"mapTo": "material_25_athena_xxxv_temp12_onIntense",
		"Stages": [
			{
				"normalMap": "camso_t_blanknormal.dds",
				"diffuseColor": [ 0.94902, 0.94902, 0.94902, 0.34902 ],
				"roughnessFactor": 0,
				"metallicFactor": 0,
				"opacityFactor": 0.34902,
				"emissiveFactor": [ 1, 1, 1 ],
				"glow": true,
				"useAnisotropic": true
			},
			{
			},
			{
			},
			{
			}
		],
		"alphaRef": 1,
		"alphaTest": true,
		"translucent": true,
		"translucentBlendOp": "AddAlpha",
		"translucentZWrite": false,
		"castShadows": false,
		"translucentRecvShadows": true,
		"dynamicCubemap": true,
		"activeLayers": 1,
		"materialTag0": "beamng",
		"order_simset": 0,
		"version": 1.5
	},
	"material_26_athena_xxxv_temp12": {
		"name": "material_26_athena_xxxv_temp12",
		"class": "Material",
		"mapTo": "material_26_athena_xxxv_temp12",
		"Stages": [
			{
				"normalMap": "camso_col_0xff8080ff.dds",
				"diffuseColor": [ 0, 0, 0, 1 ],
				"roughnessFactor": 0.3,
				"metallicFactor": 0
			},
			{
			},
			{
			},
			{
			}
		],
		"alphaRef": 1,
		"alphaTest": true,
		"translucent": false,
		"translucentBlendOp": "None",
		"doubleSided": true,
		"invertBackFaceNormals": true,
		"dynamicCubemap": true,
		"activeLayers": 1,
		"materialTag0": "beamng",
		"order_simset": 0,
		"version": 1.5
	},
	"material_27_athena_xxxv_temp12": {
		"name": "material_27_athena_xxxv_temp12",
		"class": "Material",
		"mapTo": "material_27_athena_xxxv_temp12",
		"Stages": [
			{
				"normalMap": "camso_t_taillightreflector_03_normal.dds",
				"diffuseColor": [ 1, 1, 1, 1 ],
				"roughnessFactor": 0.02,
				"metallicFactor": 1,
				"useAnisotropic": true
			},
			{
			},
			{
			},
			{
			}
		],
		"alphaRef": 1,
		"alphaTest": true,
		"translucent": false,
		"translucentBlendOp": "None",
		"doubleSided": true,
		"invertBackFaceNormals": true,
		"dynamicCubemap": true,
		"activeLayers": 1,
		"materialTag0": "beamng",
		"order_simset": 0,
		"version": 1.5
	},
	"material_27_athena_xxxv_temp12_off": {
		"name": "material_27_athena_xxxv_temp12_off",
		"class": "Material",
		"mapTo": "material_27_athena_xxxv_temp12_off",
		"Stages": [
			{
				"normalMap": "camso_t_taillightreflector_03_normal.dds",
				"diffuseColor": [ 1, 1, 1, 1 ],
				"roughnessFactor": 0.02,
				"metallicFactor": 1,
				"useAnisotropic": true
			},
			{
			},
			{
			},
			{
			}
		],
		"alphaRef": 1,
		"alphaTest": true,
		"translucent": false,
		"translucentBlendOp": "None",
		"doubleSided": true,
		"invertBackFaceNormals": true,
		"dynamicCubemap": true,
		"activeLayers": 1,
		"materialTag0": "beamng",
		"order_simset": 0,
		"version": 1.5
	},
	"material_27_athena_xxxv_temp12_on": {
		"name": "material_27_athena_xxxv_temp12_on",
		"class": "Material",
		"mapTo": "material_27_athena_xxxv_temp12_on",
		"Stages": [
			{
				"normalMap": "camso_t_taillightreflector_03_normal.dds",
				"diffuseColor": [ 1, 1, 1, 1 ],
				"roughnessFactor": 0.02,
				"metallicFactor": 1,
				"emissiveFactor": [ 1, 1, 1 ],
				"glow": true,
				"useAnisotropic": true
			},
			{
			},
			{
			},
			{
			}
		],
		"alphaRef": 1,
		"alphaTest": true,
		"translucent": false,
		"translucentBlendOp": "None",
		"doubleSided": true,
		"invertBackFaceNormals": true,
		"dynamicCubemap": true,
		"activeLayers": 1,
		"materialTag0": "beamng",
		"order_simset": 0,
		"version": 1.5
	},
	"material_27_athena_xxxv_temp12_onIntense": {
		"name": "material_27_athena_xxxv_temp12_onIntense",
		"class": "Material",
		"mapTo": "material_27_athena_xxxv_temp12_onIntense",
		"Stages": [
			{
				"normalMap": "camso_t_taillightreflector_03_normal.dds",
				"diffuseColor": [ 1, 1, 1, 1 ],
				"roughnessFactor": 0.02,
				"metallicFactor": 1,
				"emissiveFactor": [ 1, 1, 1 ],
				"glow": true,
				"useAnisotropic": true
			},
			{
			},
			{
			},
			{
			}
		],
		"alphaRef": 1,
		"alphaTest": true,
		"translucent": false,
		"translucentBlendOp": "None",
		"doubleSided": true,
		"invertBackFaceNormals": true,
		"dynamicCubemap": true,
		"activeLayers": 1,
		"materialTag0": "beamng",
		"order_simset": 0,
		"version": 1.5
	},
	"material_28_athena_xxxv_temp12": {
		"name": "material_28_athena_xxxv_temp12",
		"class": "Material",
		"mapTo": "material_28_athena_xxxv_temp12",
		"Stages": [
			{
				"normalMap": "camso_t_blanknormal.dds",
				"diffuseColor": [ 0.913725, 0.490196, 0.14902, 0.94902 ],
				"roughnessFactor": 0,
				"metallicFactor": 0,
				"opacityFactor": 0.94902,
				"useAnisotropic": true
			},
			{
			},
			{
			},
			{
			}
		],
		"alphaRef": 1,
		"alphaTest": true,
		"translucent": true,
		"translucentBlendOp": "PreMulAlpha",
		"translucentZWrite": false,
		"castShadows": false,
		"translucentRecvShadows": true,
		"dynamicCubemap": true,
		"activeLayers": 1,
		"materialTag0": "beamng",
		"order_simset": 0,
		"version": 1.5
	},
	"material_28_athena_xxxv_temp12_off": {
		"name": "material_28_athena_xxxv_temp12_off",
		"class": "Material",
		"mapTo": "material_28_athena_xxxv_temp12_off",
		"Stages": [
			{
				"normalMap": "camso_t_blanknormal.dds",
				"diffuseColor": [ 0.913725, 0.490196, 0.14902, 0.94902 ],
				"roughnessFactor": 0,
				"metallicFactor": 0,
				"opacityFactor": 0.94902,
				"useAnisotropic": true
			},
			{
			},
			{
			},
			{
			}
		],
		"alphaRef": 1,
		"alphaTest": true,
		"translucent": true,
		"translucentBlendOp": "PreMulAlpha",
		"translucentZWrite": false,
		"castShadows": false,
		"translucentRecvShadows": true,
		"dynamicCubemap": true,
		"activeLayers": 1,
		"materialTag0": "beamng",
		"order_simset": 0,
		"version": 1.5
	},
	"material_28_athena_xxxv_temp12_on": {
		"name": "material_28_athena_xxxv_temp12_on",
		"class": "Material",
		"mapTo": "material_28_athena_xxxv_temp12_on",
		"Stages": [
			{
				"normalMap": "camso_t_blanknormal.dds",
				"diffuseColor": [ 0.913725, 0.490196, 0.14902, 0.94902 ],
				"roughnessFactor": 0,
				"metallicFactor": 0,
				"opacityFactor": 0.94902,
				"emissiveFactor": [ 0.986902, 0.745212, 0.422958 ],
				"glow": true,
				"useAnisotropic": true
			},
			{
			},
			{
			},
			{
			}
		],
		"alphaRef": 1,
		"alphaTest": true,
		"translucent": true,
		"translucentBlendOp": "PreMulAlpha",
		"translucentZWrite": false,
		"castShadows": false,
		"translucentRecvShadows": true,
		"dynamicCubemap": true,
		"activeLayers": 1,
		"materialTag0": "beamng",
		"order_simset": 0,
		"version": 1.5
	},
	"material_28_athena_xxxv_temp12_onIntense": {
		"name": "material_28_athena_xxxv_temp12_onIntense",
		"class": "Material",
		"mapTo": "material_28_athena_xxxv_temp12_onIntense",
		"Stages": [
			{
				"normalMap": "camso_t_blanknormal.dds",
				"diffuseColor": [ 0.913725, 0.490196, 0.14902, 0.94902 ],
				"roughnessFactor": 0,
				"metallicFactor": 0,
				"opacityFactor": 0.94902,
				"emissiveFactor": [ 1, 0.755102, 0.428571 ],
				"glow": true,
				"useAnisotropic": true
			},
			{
			},
			{
			},
			{
			}
		],
		"alphaRef": 1,
		"alphaTest": true,
		"translucent": true,
		"translucentBlendOp": "PreMulAlpha",
		"translucentZWrite": false,
		"castShadows": false,
		"translucentRecvShadows": true,
		"dynamicCubemap": true,
		"activeLayers": 1,
		"materialTag0": "beamng",
		"order_simset": 0,
		"version": 1.5
	},
	"material_29_athena_xxxv_temp12": {
		"name": "material_29_athena_xxxv_temp12",
		"class": "Material",
		"mapTo": "material_29_athena_xxxv_temp12",
		"Stages": [
			{
				"normalMap": "camso_col_0xff8080ff.dds",
				"clearCoatFactor": 1,
				"clearCoatRoughnessFactor": 1,
				"instanceDiffuse": true,
				"colorPaletteMap": "camso_col_0xffff0000.dds",
				"roughnessFactor": 1,
				"metallicFactor": 1,
				"diffuseColor": [ 1, 1, 1, 1 ]
			},
			{
			},
			{
			},
			{
			}
		],
		"alphaRef": 1,
		"alphaTest": true,
		"translucent": false,
		"translucentBlendOp": "None",
		"doubleSided": true,
		"invertBackFaceNormals": true,
		"dynamicCubemap": true,
		"activeLayers": 1,
		"materialTag0": "beamng",
		"order_simset": 0,
		"version": 1.5
	},
	"material_30_athena_xxxv_temp12": {
		"name": "material_30_athena_xxxv_temp12",
		"class": "Material",
		"mapTo": "material_30_athena_xxxv_temp12",
		"Stages": [
			{
				"normalMap": "camso_col_0xff8080ff.dds",
				"diffuseColor": [ 1, 0.964706, 0.956863, 1 ],
				"roughnessFactor": 0,
				"metallicFactor": 1
			},
			{
			},
			{
			},
			{
			}
		],
		"alphaRef": 1,
		"alphaTest": true,
		"translucent": false,
		"translucentBlendOp": "None",
		"doubleSided": true,
		"invertBackFaceNormals": true,
		"dynamicCubemap": true,
		"activeLayers": 1,
		"materialTag0": "beamng",
		"order_simset": 0,
		"version": 1.5
	},
	"material_31_athena_xxxv_temp12": {
		"name": "material_31_athena_xxxv_temp12",
		"class": "Material",
		"mapTo": "material_31_athena_xxxv_temp12",
		"Stages": [
			{
				"normalMap": "camso_t_grille01_n.dds",
				"diffuseColor": [ 0.431373, 0.431373, 0.431373, 0.027451 ],
				"roughnessFactor": 1,
				"metallicFactor": 1,
				"diffuseMap": "camso_t_grille01_h_rbgmask.dds",
				"metallicMap": "camso_t_grille01_h_rbgmask.dds",
				"roughnessMap": "camso_t_grille01_h_i_rbgmask.dds",
				"useAnisotropic": true
			},
			{
			},
			{
			},
			{
			}
		],
		"alphaRef": 1,
		"alphaTest": true,
		"translucent": false,
		"translucentBlendOp": "None",
		"doubleSided": true,
		"invertBackFaceNormals": true,
		"dynamicCubemap": true,
		"activeLayers": 1,
		"materialTag0": "beamng",
		"order_simset": 0,
		"version": 1.5
	},
	"material_32_athena_xxxv_efixturetype__eft_number_plate012": {
		"name": "material_32_athena_xxxv_efixturetype__eft_number_plate012",
		"class": "Material",
		"mapTo": "material_32_athena_xxxv_efixturetype__eft_number_plate012",
		"Stages": [
			{
				"normalMap": "camso_hrl_nm_californianew.dds",
				"diffuseMap": "camso_californianew.dds",
				"diffuseColor": [ 1, 1, 1, 1 ],
				"roughnessFactor": 0,
				"metallicFactor": 0,
				"useAnisotropic": true
			},
			{
			},
			{
			},
			{
			}
		],
		"alphaRef": 1,
		"alphaTest": true,
		"translucent": false,
		"translucentBlendOp": "None",
		"doubleSided": true,
		"invertBackFaceNormals": true,
		"dynamicCubemap": true,
		"activeLayers": 1,
		"materialTag0": "beamng",
		"order_simset": 0,
		"version": 1.5
	},
	"material_33_athena_xxxv_temp13": {
		"name": "material_33_athena_xxxv_temp13",
		"class": "Material",
		"mapTo": "material_33_athena_xxxv_temp13",
		"Stages": [
			{
				"normalMap": "camso_col_0xff8080ff.dds",
				"diffuseColor": [ 1, 1, 1, 1 ],
				"roughnessFactor": 0,
				"metallicFactor": 1
			},
			{
			},
			{
			},
			{
			}
		],
		"alphaRef": 1,
		"alphaTest": true,
		"translucent": false,
		"translucentBlendOp": "None",
		"doubleSided": true,
		"invertBackFaceNormals": true,
		"dynamicCubemap": true,
		"activeLayers": 1,
		"materialTag0": "beamng",
		"order_simset": 0,
		"version": 1.5
	},
	"material_34_athena_xxxv_temp13": {
		"name": "material_34_athena_xxxv_temp13",
		"class": "Material",
		"mapTo": "material_34_athena_xxxv_temp13",
		"Stages": [
			{
				"normalMap": "camso_t_leather_01_n.dds",
				"diffuseColor": [ 0.705882, 0.454902, 0.309804, 1 ],
				"roughnessFactor": 0.09,
				"metallicFactor": 0,
				"useAnisotropic": true
			},
			{
			},
			{
			},
			{
			}
		],
		"alphaRef": 1,
		"alphaTest": true,
		"translucent": false,
		"translucentBlendOp": "None",
		"doubleSided": true,
		"invertBackFaceNormals": true,
		"dynamicCubemap": true,
		"activeLayers": 1,
		"materialTag0": "beamng",
		"order_simset": 0,
		"version": 1.5
	},
	"material_35_athena_xxxv_temp13": {
		"name": "material_35_athena_xxxv_temp13",
		"class": "Material",
		"mapTo": "material_35_athena_xxxv_temp13",
		"Stages": [
			{
				"normalMap": "camso_t_blanknormal.dds",
				"diffuseColor": [ 0.47451, 0.0666667, 0.0470588, 0.988235 ],
				"roughnessFactor": 0,
				"metallicFactor": 0,
				"opacityFactor": 0.988235,
				"useAnisotropic": true
			},
			{
			},
			{
			},
			{
			}
		],
		"alphaRef": 1,
		"alphaTest": true,
		"translucent": true,
		"translucentBlendOp": "PreMulAlpha",
		"translucentZWrite": false,
		"castShadows": false,
		"translucentRecvShadows": true,
		"dynamicCubemap": true,
		"activeLayers": 1,
		"materialTag0": "beamng",
		"order_simset": 0,
		"version": 1.5
	},
	"material_35_athena_xxxv_temp13_off": {
		"name": "material_35_athena_xxxv_temp13_off",
		"class": "Material",
		"mapTo": "material_35_athena_xxxv_temp13_off",
		"Stages": [
			{
				"normalMap": "camso_t_blanknormal.dds",
				"diffuseColor": [ 0.47451, 0.0666667, 0.0470588, 0.988235 ],
				"roughnessFactor": 0,
				"metallicFactor": 0,
				"opacityFactor": 0.988235,
				"useAnisotropic": true
			},
			{
			},
			{
			},
			{
			}
		],
		"alphaRef": 1,
		"alphaTest": true,
		"translucent": true,
		"translucentBlendOp": "PreMulAlpha",
		"translucentZWrite": false,
		"castShadows": false,
		"translucentRecvShadows": true,
		"dynamicCubemap": true,
		"activeLayers": 1,
		"materialTag0": "beamng",
		"order_simset": 0,
		"version": 1.5
	},
	"material_35_athena_xxxv_temp13_on": {
		"name": "material_35_athena_xxxv_temp13_on",
		"class": "Material",
		"mapTo": "material_35_athena_xxxv_temp13_on",
		"Stages": [
			{
				"normalMap": "camso_t_blanknormal.dds",
				"diffuseColor": [ 0.47451, 0.0666667, 0.0470588, 0.988235 ],
				"roughnessFactor": 0,
				"metallicFactor": 0,
				"opacityFactor": 0.988235,
				"emissiveFactor": [ 0.905694, 0.361288, 0.301898 ],
				"glow": true,
				"useAnisotropic": true
			},
			{
			},
			{
			},
			{
			}
		],
		"alphaRef": 1,
		"alphaTest": true,
		"translucent": true,
		"translucentBlendOp": "PreMulAlpha",
		"translucentZWrite": false,
		"castShadows": false,
		"translucentRecvShadows": true,
		"dynamicCubemap": true,
		"activeLayers": 1,
		"materialTag0": "beamng",
		"order_simset": 0,
		"version": 1.5
	},
	"material_35_athena_xxxv_temp13_onIntense": {
		"name": "material_35_athena_xxxv_temp13_onIntense",
		"class": "Material",
		"mapTo": "material_35_athena_xxxv_temp13_onIntense",
		"Stages": [
			{
				"normalMap": "camso_t_blanknormal.dds",
				"diffuseColor": [ 0.47451, 0.0666667, 0.0470588, 0.988235 ],
				"roughnessFactor": 0,
				"metallicFactor": 0,
				"opacityFactor": 0.988235,
				"emissiveFactor": [ 1, 0.398907, 0.333333 ],
				"glow": true,
				"useAnisotropic": true
			},
			{
			},
			{
			},
			{
			}
		],
		"alphaRef": 1,
		"alphaTest": true,
		"translucent": true,
		"translucentBlendOp": "PreMulAlpha",
		"translucentZWrite": false,
		"castShadows": false,
		"translucentRecvShadows": true,
		"dynamicCubemap": true,
		"activeLayers": 1,
		"materialTag0": "beamng",
		"order_simset": 0,
		"version": 1.5
	},
	"material_36_athena_xxxv_temp13": {
		"name": "material_36_athena_xxxv_temp13",
		"class": "Material",
		"mapTo": "material_36_athena_xxxv_temp13",
		"Stages": [
			{
				"normalMap": "camso_t_blanknormal.dds",
				"diffuseColor": [ 0.890196, 0.894118, 0.894118, 0.698039 ],
				"roughnessFactor": 0,
				"metallicFactor": 0,
				"opacityFactor": 0.698039,
				"useAnisotropic": true
			},
			{
			},
			{
			},
			{
			}
		],
		"alphaRef": 1,
		"alphaTest": true,
		"translucent": true,
		"translucentBlendOp": "PreMulAlpha",
		"translucentZWrite": false,
		"castShadows": false,
		"translucentRecvShadows": true,
		"dynamicCubemap": true,
		"activeLayers": 1,
		"materialTag0": "beamng",
		"order_simset": 0,
		"version": 1.5
	},
	"material_36_athena_xxxv_temp13_off": {
		"name": "material_36_athena_xxxv_temp13_off",
		"class": "Material",
		"mapTo": "material_36_athena_xxxv_temp13_off",
		"Stages": [
			{
				"normalMap": "camso_t_blanknormal.dds",
				"diffuseColor": [ 0.890196, 0.894118, 0.894118, 0.698039 ],
				"roughnessFactor": 0,
				"metallicFactor": 0,
				"opacityFactor": 0.698039,
				"useAnisotropic": true
			},
			{
			},
			{
			},
			{
			}
		],
		"alphaRef": 1,
		"alphaTest": true,
		"translucent": true,
		"translucentBlendOp": "PreMulAlpha",
		"translucentZWrite": false,
		"castShadows": false,
		"translucentRecvShadows": true,
		"dynamicCubemap": true,
		"activeLayers": 1,
		"materialTag0": "beamng",
		"order_simset": 0,
		"version": 1.5
	},
	"material_36_athena_xxxv_temp13_on": {
		"name": "material_36_athena_xxxv_temp13_on",
		"class": "Material",
		"mapTo": "material_36_athena_xxxv_temp13_on",
		"Stages": [
			{
				"normalMap": "camso_t_blanknormal.dds",
				"diffuseColor": [ 0.890196, 0.894118, 0.894118, 0.698039 ],
				"roughnessFactor": 0,
				"metallicFactor": 0,
				"opacityFactor": 0.698039,
				"emissiveFactor": [ 0.992141, 0.992141, 0.992141 ],
				"glow": true,
				"useAnisotropic": true
			},
			{
			},
			{
			},
			{
			}
		],
		"alphaRef": 1,
		"alphaTest": true,
		"translucent": true,
		"translucentBlendOp": "PreMulAlpha",
		"translucentZWrite": false,
		"castShadows": false,
		"translucentRecvShadows": true,
		"dynamicCubemap": true,
		"activeLayers": 1,
		"materialTag0": "beamng",
		"order_simset": 0,
		"version": 1.5
	},
	"material_36_athena_xxxv_temp13_onIntense": {
		"name": "material_36_athena_xxxv_temp13_onIntense",
		"class": "Material",
		"mapTo": "material_36_athena_xxxv_temp13_onIntense",
		"Stages": [
			{
				"normalMap": "camso_t_blanknormal.dds",
				"diffuseColor": [ 0.890196, 0.894118, 0.894118, 0.698039 ],
				"roughnessFactor": 0,
				"metallicFactor": 0,
				"opacityFactor": 0.698039,
				"emissiveFactor": [ 1, 1, 1 ],
				"glow": true,
				"useAnisotropic": true
			},
			{
			},
			{
			},
			{
			}
		],
		"alphaRef": 1,
		"alphaTest": true,
		"translucent": true,
		"translucentBlendOp": "PreMulAlpha",
		"translucentZWrite": false,
		"castShadows": false,
		"translucentRecvShadows": true,
		"dynamicCubemap": true,
		"activeLayers": 1,
		"materialTag0": "beamng",
		"order_simset": 0,
		"version": 1.5
	},
	"material_37_athena_xxxv_temp13": {
		"name": "material_37_athena_xxxv_temp13",
		"class": "Material",
		"mapTo": "material_37_athena_xxxv_temp13",
		"Stages": [
			{
				"normalMap": "camso_t_blanknormal.dds",
				"diffuseColor": [ 0.913725, 0.415686, 0, 0.898039 ],
				"roughnessFactor": 0,
				"metallicFactor": 1,
				"opacityFactor": 0.898039,
				"useAnisotropic": true
			},
			{
			},
			{
			},
			{
			}
		],
		"alphaRef": 1,
		"alphaTest": true,
		"translucent": true,
		"translucentBlendOp": "PreMulAlpha",
		"translucentZWrite": false,
		"castShadows": false,
		"translucentRecvShadows": true,
		"dynamicCubemap": true,
		"activeLayers": 1,
		"materialTag0": "beamng",
		"order_simset": 0,
		"version": 1.5
	},
	"material_37_athena_xxxv_temp13_off": {
		"name": "material_37_athena_xxxv_temp13_off",
		"class": "Material",
		"mapTo": "material_37_athena_xxxv_temp13_off",
		"Stages": [
			{
				"normalMap": "camso_t_blanknormal.dds",
				"diffuseColor": [ 0.913725, 0.415686, 0, 0.898039 ],
				"roughnessFactor": 0,
				"metallicFactor": 1,
				"opacityFactor": 0.898039,
				"useAnisotropic": true
			},
			{
			},
			{
			},
			{
			}
		],
		"alphaRef": 1,
		"alphaTest": true,
		"translucent": true,
		"translucentBlendOp": "PreMulAlpha",
		"translucentZWrite": false,
		"castShadows": false,
		"translucentRecvShadows": true,
		"dynamicCubemap": true,
		"activeLayers": 1,
		"materialTag0": "beamng",
		"order_simset": 0,
		"version": 1.5
	},
	"material_37_athena_xxxv_temp13_on": {
		"name": "material_37_athena_xxxv_temp13_on",
		"class": "Material",
		"mapTo": "material_37_athena_xxxv_temp13_on",
		"Stages": [
			{
				"normalMap": "camso_t_blanknormal.dds",
				"diffuseColor": [ 0.913725, 0.415686, 0, 0.898039 ],
				"roughnessFactor": 0,
				"metallicFactor": 1,
				"opacityFactor": 0.898039,
				"emissiveFactor": [ 0.986902, 0.696874, 0 ],
				"glow": true,
				"useAnisotropic": true
			},
			{
			},
			{
			},
			{
			}
		],
		"alphaRef": 1,
		"alphaTest": true,
		"translucent": true,
		"translucentBlendOp": "PreMulAlpha",
		"translucentZWrite": false,
		"castShadows": false,
		"translucentRecvShadows": true,
		"dynamicCubemap": true,
		"activeLayers": 1,
		"materialTag0": "beamng",
		"order_simset": 0,
		"version": 1.5
	},
	"material_37_athena_xxxv_temp13_onIntense": {
		"name": "material_37_athena_xxxv_temp13_onIntense",
		"class": "Material",
		"mapTo": "material_37_athena_xxxv_temp13_onIntense",
		"Stages": [
			{
				"normalMap": "camso_t_blanknormal.dds",
				"diffuseColor": [ 0.913725, 0.415686, 0, 0.898039 ],
				"roughnessFactor": 0,
				"metallicFactor": 1,
				"opacityFactor": 0.898039,
				"emissiveFactor": [ 1, 0.706122, 0 ],
				"glow": true,
				"useAnisotropic": true
			},
			{
			},
			{
			},
			{
			}
		],
		"alphaRef": 1,
		"alphaTest": true,
		"translucent": true,
		"translucentBlendOp": "PreMulAlpha",
		"translucentZWrite": false,
		"castShadows": false,
		"translucentRecvShadows": true,
		"dynamicCubemap": true,
		"activeLayers": 1,
		"materialTag0": "beamng",
		"order_simset": 0,
		"version": 1.5
	},
	"material_38_athena_xxxv_temp13": {
		"name": "material_38_athena_xxxv_temp13",
		"class": "Material",
		"mapTo": "material_38_athena_xxxv_temp13",
		"Stages": [
			{
				"normalMap": "camso_t_blanknormal.dds",
				"diffuseColor": [ 0.913725, 0.415686, 0, 0.898039 ],
				"roughnessFactor": 0,
				"metallicFactor": 1,
				"opacityFactor": 0.898039,
				"useAnisotropic": true
			},
			{
			},
			{
			},
			{
			}
		],
		"alphaRef": 1,
		"alphaTest": true,
		"translucent": true,
		"translucentBlendOp": "PreMulAlpha",
		"translucentZWrite": false,
		"castShadows": false,
		"translucentRecvShadows": true,
		"dynamicCubemap": true,
		"activeLayers": 1,
		"materialTag0": "beamng",
		"order_simset": 0,
		"version": 1.5
	},
	"material_38_athena_xxxv_temp13_off": {
		"name": "material_38_athena_xxxv_temp13_off",
		"class": "Material",
		"mapTo": "material_38_athena_xxxv_temp13_off",
		"Stages": [
			{
				"normalMap": "camso_t_blanknormal.dds",
				"diffuseColor": [ 0.913725, 0.415686, 0, 0.898039 ],
				"roughnessFactor": 0,
				"metallicFactor": 1,
				"opacityFactor": 0.898039,
				"useAnisotropic": true
			},
			{
			},
			{
			},
			{
			}
		],
		"alphaRef": 1,
		"alphaTest": true,
		"translucent": true,
		"translucentBlendOp": "PreMulAlpha",
		"translucentZWrite": false,
		"castShadows": false,
		"translucentRecvShadows": true,
		"dynamicCubemap": true,
		"activeLayers": 1,
		"materialTag0": "beamng",
		"order_simset": 0,
		"version": 1.5
	},
	"material_38_athena_xxxv_temp13_on": {
		"name": "material_38_athena_xxxv_temp13_on",
		"class": "Material",
		"mapTo": "material_38_athena_xxxv_temp13_on",
		"Stages": [
			{
				"normalMap": "camso_t_blanknormal.dds",
				"diffuseColor": [ 0.913725, 0.415686, 0, 0.898039 ],
				"roughnessFactor": 0,
				"metallicFactor": 1,
				"opacityFactor": 0.898039,
				"emissiveFactor": [ 0.986902, 0.696874, 0 ],
				"glow": true,
				"useAnisotropic": true
			},
			{
			},
			{
			},
			{
			}
		],
		"alphaRef": 1,
		"alphaTest": true,
		"translucent": true,
		"translucentBlendOp": "PreMulAlpha",
		"translucentZWrite": false,
		"castShadows": false,
		"translucentRecvShadows": true,
		"dynamicCubemap": true,
		"activeLayers": 1,
		"materialTag0": "beamng",
		"order_simset": 0,
		"version": 1.5
	},
	"material_38_athena_xxxv_temp13_onIntense": {
		"name": "material_38_athena_xxxv_temp13_onIntense",
		"class": "Material",
		"mapTo": "material_38_athena_xxxv_temp13_onIntense",
		"Stages": [
			{
				"normalMap": "camso_t_blanknormal.dds",
				"diffuseColor": [ 0.913725, 0.415686, 0, 0.898039 ],
				"roughnessFactor": 0,
				"metallicFactor": 1,
				"opacityFactor": 0.898039,
				"emissiveFactor": [ 1, 0.706122, 0 ],
				"glow": true,
				"useAnisotropic": true
			},
			{
			},
			{
			},
			{
			}
		],
		"alphaRef": 1,
		"alphaTest": true,
		"translucent": true,
		"translucentBlendOp": "PreMulAlpha",
		"translucentZWrite": false,
		"castShadows": false,
		"translucentRecvShadows": true,
		"dynamicCubemap": true,
		"activeLayers": 1,
		"materialTag0": "beamng",
		"order_simset": 0,
		"version": 1.5
	},
	"material_39_athena_xxxv_efixturetype__eft_number_plate013": {
		"name": "material_39_athena_xxxv_efixturetype__eft_number_plate013",
		"class": "Material",
		"mapTo": "material_39_athena_xxxv_efixturetype__eft_number_plate013",
		"Stages": [
			{
				"normalMap": "camso_col_0xff8080ff.dds",
				"diffuseColor": [ 0, 0, 0, 1 ],
				"roughnessFactor": 0.3,
				"metallicFactor": 0
			},
			{
			},
			{
			},
			{
			}
		],
		"alphaRef": 1,
		"alphaTest": true,
		"translucent": false,
		"translucentBlendOp": "None",
		"doubleSided": true,
		"invertBackFaceNormals": true,
		"dynamicCubemap": true,
		"activeLayers": 1,
		"materialTag0": "beamng",
		"order_simset": 0,
		"version": 1.5
	},
	"material_40_athena_xxxv_efixturetype__eft_number_plate013": {
		"name": "material_40_athena_xxxv_efixturetype__eft_number_plate013",
		"class": "Material",
		"mapTo": "material_40_athena_xxxv_efixturetype__eft_number_plate013",
		"Stages": [
			{
				"normalMap": "camso_hrl_nm_californianew.dds",
				"diffuseMap": "camso_californianew.dds",
				"diffuseColor": [ 1, 1, 1, 1 ],
				"roughnessFactor": 0,
				"metallicFactor": 0,
				"useAnisotropic": true
			},
			{
			},
			{
			},
			{
			}
		],
		"alphaRef": 1,
		"alphaTest": true,
		"translucent": false,
		"translucentBlendOp": "None",
		"doubleSided": true,
		"invertBackFaceNormals": true,
		"dynamicCubemap": true,
		"activeLayers": 1,
		"materialTag0": "beamng",
		"order_simset": 0,
		"version": 1.5
	},
	"material_41_athena_xxxv_efixturetype__eft_number_plate013": {
		"name": "material_41_athena_xxxv_efixturetype__eft_number_plate013",
		"class": "Material",
		"mapTo": "material_41_athena_xxxv_efixturetype__eft_number_plate013",
		"Stages": [
			{
				"normalMap": "camso_col_0xff8080ff.dds",
				"diffuseColor": [ 0.603922, 0.603922, 0.623529, 1 ],
				"roughnessFactor": 0.03,
				"metallicFactor": 1
			},
			{
			},
			{
			},
			{
			}
		],
		"alphaRef": 1,
		"alphaTest": true,
		"translucent": false,
		"translucentBlendOp": "None",
		"doubleSided": true,
		"invertBackFaceNormals": true,
		"dynamicCubemap": true,
		"activeLayers": 1,
		"materialTag0": "beamng",
		"order_simset": 0,
		"version": 1.5
	},
	"material_42_athena_xxxv_efixturetype__eft_mirror014": {
		"name": "material_42_athena_xxxv_efixturetype__eft_mirror014",
		"class": "Material",
		"mapTo": "material_42_athena_xxxv_efixturetype__eft_mirror014",
		"Stages": [
			{
				"normalMap": "camso_col_0xff8080ff.dds",
				"diffuseColor": [ 1, 1, 1, 1 ],
				"roughnessFactor": 0,
				"metallicFactor": 1
			},
			{
			},
			{
			},
			{
			}
		],
		"alphaRef": 1,
		"alphaTest": true,
		"translucent": false,
		"translucentBlendOp": "None",
		"doubleSided": true,
		"invertBackFaceNormals": true,
		"dynamicCubemap": true,
		"activeLayers": 1,
		"materialTag0": "beamng",
		"order_simset": 0,
		"version": 1.5
	},
	"material_43_athena_xxxv_temp16": {
		"name": "material_43_athena_xxxv_temp16",
		"class": "Material",
		"mapTo": "material_43_athena_xxxv_temp16",
		"Stages": [
			{
				"normalMap": "camso_col_0xff8080ff.dds",
				"clearCoatFactor": 1,
				"clearCoatRoughnessFactor": 1,
				"instanceDiffuse": true,
				"colorPaletteMap": "camso_col_0xffff0000.dds",
				"roughnessFactor": 1,
				"metallicFactor": 1,
				"diffuseColor": [ 1, 1, 1, 1 ]
			},
			{
			},
			{
			},
			{
			}
		],
		"alphaRef": 1,
		"alphaTest": true,
		"translucent": false,
		"translucentBlendOp": "None",
		"doubleSided": true,
		"invertBackFaceNormals": true,
		"dynamicCubemap": true,
		"activeLayers": 1,
		"materialTag0": "beamng",
		"order_simset": 0,
		"version": 1.5
	},
	"material_44_athena_xxxv_temp16": {
		"name": "material_44_athena_xxxv_temp16",
		"class": "Material",
		"mapTo": "material_44_athena_xxxv_temp16",
		"Stages": [
			{
				"normalMap": "camso_col_0xff8080ff.dds",
				"diffuseColor": [ 0, 0, 0, 1 ],
				"roughnessFactor": 0.3,
				"metallicFactor": 0
			},
			{
			},
			{
			},
			{
			}
		],
		"alphaRef": 1,
		"alphaTest": true,
		"translucent": false,
		"translucentBlendOp": "None",
		"doubleSided": true,
		"invertBackFaceNormals": true,
		"dynamicCubemap": true,
		"activeLayers": 1,
		"materialTag0": "beamng",
		"order_simset": 0,
		"version": 1.5
	},
	"material_45_athena_xxxv_temp16": {
		"name": "material_45_athena_xxxv_temp16",
		"class": "Material",
		"mapTo": "material_45_athena_xxxv_temp16",
		"Stages": [
			{
				"normalMap": "camso_col_0xff8080ff.dds",
				"diffuseColor": [ 0.00392157, 0.101961, 0.0862745, 1 ],
				"roughnessFactor": 0,
				"metallicFactor": 1,
				"opacityFactor": 1
			},
			{
			},
			{
			},
			{
			}
		],
		"alphaRef": 1,
		"alphaTest": true,
		"translucent": true,
		"translucentBlendOp": "PreMulAlpha",
		"translucentZWrite": false,
		"castShadows": false,
		"translucentRecvShadows": true,
		"dynamicCubemap": true,
		"activeLayers": 1,
		"materialTag0": "beamng",
		"order_simset": 0,
		"version": 1.5
	},
	"material_46_athena_xxxv_efixturetype__eft_aerial016": {
		"name": "material_46_athena_xxxv_efixturetype__eft_aerial016",
		"class": "Material",
		"mapTo": "material_46_athena_xxxv_efixturetype__eft_aerial016",
		"Stages": [
			{
				"normalMap": "camso_col_0xff8080ff.dds",
				"diffuseColor": [ 0.247059, 0.247059, 0.247059, 1 ],
				"roughnessFactor": 0.3,
				"metallicFactor": 0
			},
			{
			},
			{
			},
			{
			}
		],
		"alphaRef": 1,
		"alphaTest": true,
		"translucent": false,
		"translucentBlendOp": "None",
		"doubleSided": true,
		"invertBackFaceNormals": true,
		"dynamicCubemap": true,
		"activeLayers": 1,
		"materialTag0": "beamng",
		"order_simset": 0,
		"version": 1.5
	},
	"material_47_athena_xxxv_temp17": {
		"name": "material_47_athena_xxxv_temp17",
		"class": "Material",
		"mapTo": "material_47_athena_xxxv_temp17",
		"Stages": [
			{
				"normalMap": "camso_t_blanknormal.dds",
				"diffuseColor": [ 0.894118, 0.898039, 0.894118, 1 ],
				"roughnessFactor": 0,
				"metallicFactor": 0,
				"opacityFactor": 1,
				"useAnisotropic": true
			},
			{
			},
			{
			},
			{
			}
		],
		"alphaRef": 1,
		"alphaTest": true,
		"translucent": true,
		"translucentBlendOp": "PreMulAlpha",
		"translucentZWrite": false,
		"castShadows": false,
		"translucentRecvShadows": true,
		"dynamicCubemap": true,
		"activeLayers": 1,
		"materialTag0": "beamng",
		"order_simset": 0,
		"version": 1.5
	},
	"material_47_athena_xxxv_temp17_off": {
		"name": "material_47_athena_xxxv_temp17_off",
		"class": "Material",
		"mapTo": "material_47_athena_xxxv_temp17_off",
		"Stages": [
			{
				"normalMap": "camso_t_blanknormal.dds",
				"diffuseColor": [ 0.894118, 0.898039, 0.894118, 1 ],
				"roughnessFactor": 0,
				"metallicFactor": 0,
				"opacityFactor": 1,
				"useAnisotropic": true
			},
			{
			},
			{
			},
			{
			}
		],
		"alphaRef": 1,
		"alphaTest": true,
		"translucent": true,
		"translucentBlendOp": "PreMulAlpha",
		"translucentZWrite": false,
		"castShadows": false,
		"translucentRecvShadows": true,
		"dynamicCubemap": true,
		"activeLayers": 1,
		"materialTag0": "beamng",
		"order_simset": 0,
		"version": 1.5
	},
	"material_47_athena_xxxv_temp17_on": {
		"name": "material_47_athena_xxxv_temp17_on",
		"class": "Material",
		"mapTo": "material_47_athena_xxxv_temp17_on",
		"Stages": [
			{
				"normalMap": "camso_t_blanknormal.dds",
				"diffuseColor": [ 0.894118, 0.898039, 0.894118, 1 ],
				"roughnessFactor": 0,
				"metallicFactor": 0,
				"opacityFactor": 1,
				"emissiveFactor": [ 0.981553, 0.985592, 0.981553 ],
				"glow": true,
				"useAnisotropic": true
			},
			{
			},
			{
			},
			{
			}
		],
		"alphaRef": 1,
		"alphaTest": true,
		"translucent": true,
		"translucentBlendOp": "PreMulAlpha",
		"translucentZWrite": false,
		"castShadows": false,
		"translucentRecvShadows": true,
		"dynamicCubemap": true,
		"activeLayers": 1,
		"materialTag0": "beamng",
		"order_simset": 0,
		"version": 1.5
	},
	"material_47_athena_xxxv_temp17_onIntense": {
		"name": "material_47_athena_xxxv_temp17_onIntense",
		"class": "Material",
		"mapTo": "material_47_athena_xxxv_temp17_onIntense",
		"Stages": [
			{
				"normalMap": "camso_t_blanknormal.dds",
				"diffuseColor": [ 0.894118, 0.898039, 0.894118, 1 ],
				"roughnessFactor": 0,
				"metallicFactor": 0,
				"opacityFactor": 1,
				"emissiveFactor": [ 0.995902, 1, 0.995902 ],
				"glow": true,
				"useAnisotropic": true
			},
			{
			},
			{
			},
			{
			}
		],
		"alphaRef": 1,
		"alphaTest": true,
		"translucent": true,
		"translucentBlendOp": "PreMulAlpha",
		"translucentZWrite": false,
		"castShadows": false,
		"translucentRecvShadows": true,
		"dynamicCubemap": true,
		"activeLayers": 1,
		"materialTag0": "beamng",
		"order_simset": 0,
		"version": 1.5
	},
	"material_48_athena_xxxv_temp17": {
		"name": "material_48_athena_xxxv_temp17",
		"class": "Material",
		"mapTo": "material_48_athena_xxxv_temp17",
		"Stages": [
			{
				"normalMap": "camso_col_0xff8080ff.dds",
				"diffuseColor": [ 0.0980392, 0.0980392, 0.0980392, 0 ],
				"roughnessFactor": 0,
				"metallicFactor": 0
			},
			{
			},
			{
			},
			{
			}
		],
		"alphaRef": 1,
		"alphaTest": true,
		"translucent": false,
		"translucentBlendOp": "None",
		"doubleSided": true,
		"invertBackFaceNormals": true,
		"dynamicCubemap": true,
		"activeLayers": 1,
		"materialTag0": "beamng",
		"order_simset": 0,
		"version": 1.5
	},
	"material_49_athena_xxxv_temp17": {
		"name": "material_49_athena_xxxv_temp17",
		"class": "Material",
		"mapTo": "material_49_athena_xxxv_temp17",
		"Stages": [
			{
				"normalMap": "camso_custom_badge_0003_n.dds",
				"diffuseMapUseUV": 1,
				"diffuseColor": [ 0.886275, 0.886275, 0.886275, 1 ],
				"opacityMap": "camso_custom_badge_0003.dds",
				"opacityMapUseUV": 1,
				"roughnessFactor": 0.1,
				"metallicFactor": 1,
				"useAnisotropic": true
			},
			{
			},
			{
			},
			{
			}
		],
		"alphaRef": 1,
		"alphaTest": true,
		"translucent": false,
		"translucentBlendOp": "None",
		"castShadows": false,
		"translucentRecvShadows": true,
		"dynamicCubemap": true,
		"activeLayers": 1,
		"materialTag0": "beamng",
		"order_simset": 0,
		"version": 1.5
	},
	"material_50_athena_xxxv_temp17": {
		"name": "material_50_athena_xxxv_temp17",
		"class": "Material",
		"mapTo": "material_50_athena_xxxv_temp17",
		"Stages": [
			{
				"normalMap": "camso_col_0xff8080ff.dds",
				"diffuseColor": [ 1, 0.964706, 0.956863, 1 ],
				"roughnessFactor": 0,
				"metallicFactor": 1
			},
			{
			},
			{
			},
			{
			}
		],
		"alphaRef": 1,
		"alphaTest": true,
		"translucent": false,
		"translucentBlendOp": "None",
		"doubleSided": true,
		"invertBackFaceNormals": true,
		"dynamicCubemap": true,
		"activeLayers": 1,
		"materialTag0": "beamng",
		"order_simset": 0,
		"version": 1.5
	},
	"material_51_athena_xxxv_temp17": {
		"name": "material_51_athena_xxxv_temp17",
		"class": "Material",
		"mapTo": "material_51_athena_xxxv_temp17",
		"Stages": [
			{
				"normalMap": "camso_col_0xff8080ff.dds",
				"diffuseColor": [ 0.717647, 0.717647, 0.733333, 1 ],
				"roughnessFactor": 0.03,
				"metallicFactor": 1
			},
			{
			},
			{
			},
			{
			}
		],
		"alphaRef": 1,
		"alphaTest": true,
		"translucent": false,
		"translucentBlendOp": "None",
		"doubleSided": true,
		"invertBackFaceNormals": true,
		"dynamicCubemap": true,
		"activeLayers": 1,
		"materialTag0": "beamng",
		"order_simset": 0,
		"version": 1.5
	},
	"material_52_athena_xxxv_temp17": {
		"name": "material_52_athena_xxxv_temp17",
		"class": "Material",
		"mapTo": "material_52_athena_xxxv_temp17",
		"Stages": [
			{
				"normalMap": "camso_col_0xff8080ff.dds",
				"clearCoatFactor": 0.5,
				"clearCoatRoughnessFactor": 0,
				"diffuseColor": [ 0.741176, 0.741176, 0.741176, 1 ],
				"roughnessFactor": 0.279817,
				"metallicFactor": 1
			},
			{
			},
			{
			},
			{
			}
		],
		"alphaRef": 1,
		"alphaTest": true,
		"translucent": false,
		"translucentBlendOp": "None",
		"doubleSided": true,
		"invertBackFaceNormals": true,
		"dynamicCubemap": true,
		"activeLayers": 1,
		"materialTag0": "beamng",
		"order_simset": 0,
		"version": 1.5
	},
	"material_53_athena_xxxv_temp17": {
		"name": "material_53_athena_xxxv_temp17",
		"class": "Material",
		"mapTo": "material_53_athena_xxxv_temp17",
		"Stages": [
			{
				"normalMap": "camso_t_dirt_n.dds",
				"diffuseColor": [ 1, 1, 1, 1 ],
				"roughnessFactor": 0,
				"metallicFactor": 0,
				"useAnisotropic": true
			},
			{
			},
			{
			},
			{
			}
		],
		"alphaRef": 1,
		"alphaTest": true,
		"translucent": false,
		"translucentBlendOp": "None",
		"doubleSided": true,
		"invertBackFaceNormals": true,
		"dynamicCubemap": true,
		"activeLayers": 1,
		"materialTag0": "beamng",
		"order_simset": 0,
		"version": 1.5
	},
	"material_54_athena_xxxv_temp17": {
		"name": "material_54_athena_xxxv_temp17",
		"class": "Material",
		"mapTo": "material_54_athena_xxxv_temp17",
		"Stages": [
			{
				"normalMap": "camso_col_0xff8080ff.dds",
				"diffuseColor": [ 0.717647, 0.717647, 0.733333, 1 ],
				"roughnessFactor": 0.03,
				"metallicFactor": 1
			},
			{
			},
			{
			},
			{
			}
		],
		"alphaRef": 1,
		"alphaTest": true,
		"translucent": false,
		"translucentBlendOp": "None",
		"doubleSided": true,
		"invertBackFaceNormals": true,
		"dynamicCubemap": true,
		"activeLayers": 1,
		"materialTag0": "beamng",
		"order_simset": 0,
		"version": 1.5
	},
	"material_55_athena_xxxv_temp17": {
		"name": "material_55_athena_xxxv_temp17",
		"class": "Material",
		"mapTo": "material_55_athena_xxxv_temp17",
		"Stages": [
			{
				"normalMap": "camso_col_0xff8080ff.dds",
				"clearCoatFactor": 0.5,
				"clearCoatRoughnessFactor": 0,
				"diffuseColor": [ 0.741176, 0.741176, 0.741176, 1 ],
				"roughnessFactor": 0.279817,
				"metallicFactor": 1
			},
			{
			},
			{
			},
			{
			}
		],
		"alphaRef": 1,
		"alphaTest": true,
		"translucent": false,
		"translucentBlendOp": "None",
		"doubleSided": true,
		"invertBackFaceNormals": true,
		"dynamicCubemap": true,
		"activeLayers": 1,
		"materialTag0": "beamng",
		"order_simset": 0,
		"version": 1.5
	},
	"material_56_athena_xxxv_temp17": {
		"name": "material_56_athena_xxxv_temp17",
		"class": "Material",
		"mapTo": "material_56_athena_xxxv_temp17",
		"Stages": [
			{
				"normalMap": "camso_t_dirt_n.dds",
				"diffuseColor": [ 1, 1, 1, 1 ],
				"roughnessFactor": 0,
				"metallicFactor": 0,
				"useAnisotropic": true
			},
			{
			},
			{
			},
			{
			}
		],
		"alphaRef": 1,
		"alphaTest": true,
		"translucent": false,
		"translucentBlendOp": "None",
		"doubleSided": true,
		"invertBackFaceNormals": true,
		"dynamicCubemap": true,
		"activeLayers": 1,
		"materialTag0": "beamng",
		"order_simset": 0,
		"version": 1.5
	},
	"material_57_athena_xxxv_inl_dohc_5_mid_c_2145549580_sectionmesh_inlv_dohc_5_head_mid17": {
		"name": "material_57_athena_xxxv_inl_dohc_5_mid_c_2145549580_sectionmesh_inlv_dohc_5_head_mid17",
		"class": "Material",
		"mapTo": "material_57_athena_xxxv_inl_dohc_5_mid_c_2145549580_sectionmesh_inlv_dohc_5_head_mid17",
		"Stages": [
			{
				"normalMap": "camso_col_0xff8080ff.dds",
				"diffuseColor": [ 0.866667, 0.878431, 0.905882, 1 ],
				"roughnessFactor": 0.9,
				"metallicFactor": 0.4
			},
			{
			},
			{
			},
			{
			}
		],
		"alphaRef": 1,
		"alphaTest": true,
		"translucent": false,
		"translucentBlendOp": "None",
		"doubleSided": true,
		"invertBackFaceNormals": true,
		"dynamicCubemap": true,
		"activeLayers": 1,
		"materialTag0": "beamng",
		"order_simset": 0,
		"version": 1.5
	},
	"material_58_athena_xxxv_inl_dohc_5_mid_c_2145549580_sectionmesh_inlv_dohc_5_head_mid17": {
		"name": "material_58_athena_xxxv_inl_dohc_5_mid_c_2145549580_sectionmesh_inlv_dohc_5_head_mid17",
		"class": "Material",
		"mapTo": "material_58_athena_xxxv_inl_dohc_5_mid_c_2145549580_sectionmesh_inlv_dohc_5_head_mid17",
		"Stages": [
			{
				"normalMap": "camso_headfacingnormal.dds",
				"diffuseColor": [ 1, 1, 1, 1 ],
				"roughnessFactor": 0,
				"metallicFactor": 0,
				"useAnisotropic": true
			},
			{
			},
			{
			},
			{
			}
		],
		"alphaRef": 1,
		"alphaTest": true,
		"translucent": false,
		"translucentBlendOp": "None",
		"doubleSided": true,
		"invertBackFaceNormals": true,
		"dynamicCubemap": true,
		"activeLayers": 1,
		"materialTag0": "beamng",
		"order_simset": 0,
		"version": 1.5
	},
	"material_59_athena_xxxv_inl_dohc_5_mid_c_2145549580_sectionmesh_inlv_dohc_5_head_mid17": {
		"name": "material_59_athena_xxxv_inl_dohc_5_mid_c_2145549580_sectionmesh_inlv_dohc_5_head_mid17",
		"class": "Material",
		"mapTo": "material_59_athena_xxxv_inl_dohc_5_mid_c_2145549580_sectionmesh_inlv_dohc_5_head_mid17",
		"Stages": [
			{
				"normalMap": "camso_col_0xff8080ff.dds",
				"diffuseColor": [ 0.737255, 0.737255, 0.737255, 1 ],
				"roughnessFactor": 0.25,
				"metallicFactor": 1
			},
			{
			},
			{
			},
			{
			}
		],
		"alphaRef": 1,
		"alphaTest": true,
		"translucent": false,
		"translucentBlendOp": "None",
		"doubleSided": true,
		"invertBackFaceNormals": true,
		"dynamicCubemap": true,
		"activeLayers": 1,
		"materialTag0": "beamng",
		"order_simset": 0,
		"version": 1.5
	},
	"material_60_athena_xxxv_inl_dohc_5_mid_c_2145549580_sectionmesh_inlv_dohc_5_head_mid17": {
		"name": "material_60_athena_xxxv_inl_dohc_5_mid_c_2145549580_sectionmesh_inlv_dohc_5_head_mid17",
		"class": "Material",
		"mapTo": "material_60_athena_xxxv_inl_dohc_5_mid_c_2145549580_sectionmesh_inlv_dohc_5_head_mid17",
		"Stages": [
			{
				"normalMap": "camso_col_0xff8080ff.dds",
				"diffuseColor": [ 0.6, 0.6, 0.6, 1 ],
				"roughnessFactor": 0.3,
				"metallicFactor": 1
			},
			{
			},
			{
			},
			{
			}
		],
		"alphaRef": 1,
		"alphaTest": true,
		"translucent": false,
		"translucentBlendOp": "None",
		"doubleSided": true,
		"invertBackFaceNormals": true,
		"dynamicCubemap": true,
		"activeLayers": 1,
		"materialTag0": "beamng",
		"order_simset": 0,
		"version": 1.5
	},
	"material_61_athena_xxxv_inl_dohc_5_mid_c_2145549580_sectionmesh_inlv_dohc_5_head_mid17": {
		"name": "material_61_athena_xxxv_inl_dohc_5_mid_c_2145549580_sectionmesh_inlv_dohc_5_head_mid17",
		"class": "Material",
		"mapTo": "material_61_athena_xxxv_inl_dohc_5_mid_c_2145549580_sectionmesh_inlv_dohc_5_head_mid17",
		"Stages": [
			{
				"normalMap": "camso_col_0xff8080ff.dds",
				"diffuseColor": [ 0.94902, 0.854902, 0.639216, 1 ],
				"roughnessFactor": 0.2,
				"metallicFactor": 1
			},
			{
			},
			{
			},
			{
			}
		],
		"alphaRef": 1,
		"alphaTest": true,
		"translucent": false,
		"translucentBlendOp": "None",
		"doubleSided": true,
		"invertBackFaceNormals": true,
		"dynamicCubemap": true,
		"activeLayers": 1,
		"materialTag0": "beamng",
		"order_simset": 0,
		"version": 1.5
	},
	"material_62_athena_xxxv_inl_dohc_5_mid_c_2145549580_sectionmesh_inlv_dohc_5_head_mid17": {
		"name": "material_62_athena_xxxv_inl_dohc_5_mid_c_2145549580_sectionmesh_inlv_dohc_5_head_mid17",
		"class": "Material",
		"mapTo": "material_62_athena_xxxv_inl_dohc_5_mid_c_2145549580_sectionmesh_inlv_dohc_5_head_mid17",
		"Stages": [
			{
				"normalMap": "camso_col_0xff8080ff.dds",
				"diffuseColor": [ 0.0470588, 0.0470588, 0.0470588, 0 ],
				"roughnessFactor": 0,
				"metallicFactor": 0
			},
			{
			},
			{
			},
			{
			}
		],
		"alphaRef": 1,
		"alphaTest": true,
		"translucent": false,
		"translucentBlendOp": "None",
		"dynamicCubemap": true,
		"activeLayers": 1,
		"materialTag0": "beamng",
		"order_simset": 0,
		"version": 1.5
	},
	"material_63_athena_xxxv_inl_dohc_4_rockercover_frontmid_80s_c_2145549577_inl_dohc_4_rockercover_frontmid_80s_inl_dohc_4_rockercover_frontmid_80s18": {
		"name": "material_63_athena_xxxv_inl_dohc_4_rockercover_frontmid_80s_c_2145549577_inl_dohc_4_rockercover_frontmid_80s_inl_dohc_4_rockercover_frontmid_80s18",
		"class": "Material",
		"mapTo": "material_63_athena_xxxv_inl_dohc_4_rockercover_frontmid_80s_c_2145549577_inl_dohc_4_rockercover_frontmid_80s_inl_dohc_4_rockercover_frontmid_80s18",
		"Stages": [
			{
				"normalMap": "camso_col_0xff8080ff.dds",
				"clearCoatFactor": 1,
				"clearCoatRoughnessFactor": 0,
				"diffuseColor": [ 0.0588235, 0.52549, 0, 1 ],
				"roughnessFactor": 0.35,
				"metallicFactor": 1
			},
			{
			},
			{
			},
			{
			}
		],
		"alphaRef": 1,
		"alphaTest": true,
		"translucent": false,
		"translucentBlendOp": "None",
		"doubleSided": true,
		"invertBackFaceNormals": true,
		"dynamicCubemap": true,
		"activeLayers": 1,
		"materialTag0": "beamng",
		"order_simset": 0,
		"version": 1.5
	},
	"material_64_athena_xxxv_inl_dohc_4_rockercover_frontmid_80s_c_2145549577_inl_dohc_4_rockercover_frontmid_80s_inl_dohc_4_rockercover_frontmid_80s18": {
		"name": "material_64_athena_xxxv_inl_dohc_4_rockercover_frontmid_80s_c_2145549577_inl_dohc_4_rockercover_frontmid_80s_inl_dohc_4_rockercover_frontmid_80s18",
		"class": "Material",
		"mapTo": "material_64_athena_xxxv_inl_dohc_4_rockercover_frontmid_80s_c_2145549577_inl_dohc_4_rockercover_frontmid_80s_inl_dohc_4_rockercover_frontmid_80s18",
		"Stages": [
			{
				"normalMap": "camso_col_0xff8080ff.dds",
				"clearCoatFactor": 1,
				"clearCoatRoughnessFactor": 0,
				"diffuseColor": [ 1, 1, 1, 1 ],
				"roughnessFactor": 0.263333,
				"metallicFactor": 0.752381
			},
			{
			},
			{
			},
			{
			}
		],
		"alphaRef": 1,
		"alphaTest": true,
		"translucent": false,
		"translucentBlendOp": "None",
		"doubleSided": true,
		"invertBackFaceNormals": true,
		"dynamicCubemap": true,
		"activeLayers": 1,
		"materialTag0": "beamng",
		"order_simset": 0,
		"version": 1.5
	},
	"material_65_athena_xxxv_inl_dohc_4_rockercover_front_80s_c_2145549575_inl_dohc_4_rockercover_front_80s_inl_dohc_4_rockercover_front_80s20": {
		"name": "material_65_athena_xxxv_inl_dohc_4_rockercover_front_80s_c_2145549575_inl_dohc_4_rockercover_front_80s_inl_dohc_4_rockercover_front_80s20",
		"class": "Material",
		"mapTo": "material_65_athena_xxxv_inl_dohc_4_rockercover_front_80s_c_2145549575_inl_dohc_4_rockercover_front_80s_inl_dohc_4_rockercover_front_80s20",
		"Stages": [
			{
				"normalMap": "camso_col_0xff8080ff.dds",
				"diffuseColor": [ 0.168627, 0.168627, 0.168627, 0 ],
				"roughnessFactor": 0.05,
				"metallicFactor": 0
			},
			{
			},
			{
			},
			{
			}
		],
		"alphaRef": 1,
		"alphaTest": true,
		"translucent": false,
		"translucentBlendOp": "None",
		"doubleSided": true,
		"invertBackFaceNormals": true,
		"dynamicCubemap": true,
		"activeLayers": 1,
		"materialTag0": "beamng",
		"order_simset": 0,
		"version": 1.5
	},
	"material_66_athena_xxxv_inl_dohc_4_rockercover_front_80s_c_2145549575_inl_dohc_4_rockercover_front_80s_inl_dohc_4_rockercover_front_80s20": {
		"name": "material_66_athena_xxxv_inl_dohc_4_rockercover_front_80s_c_2145549575_inl_dohc_4_rockercover_front_80s_inl_dohc_4_rockercover_front_80s20",
		"class": "Material",
		"mapTo": "material_66_athena_xxxv_inl_dohc_4_rockercover_front_80s_c_2145549575_inl_dohc_4_rockercover_front_80s_inl_dohc_4_rockercover_front_80s20",
		"Stages": [
			{
				"normalMap": "camso_col_0xff8080ff.dds",
				"diffuseColor": [ 0.0627451, 0.0627451, 0.0627451, 1 ],
				"roughnessFactor": 0,
				"metallicFactor": 0
			},
			{
			},
			{
			},
			{
			}
		],
		"alphaRef": 1,
		"alphaTest": true,
		"translucent": false,
		"translucentBlendOp": "None",
		"doubleSided": true,
		"invertBackFaceNormals": true,
		"dynamicCubemap": true,
		"activeLayers": 1,
		"materialTag0": "beamng",
		"order_simset": 0,
		"version": 1.5
	},
	"material_67_athena_xxxv_inl_dohc_4_rockercover_dynamicmid_80s_c_2145549564_inl_dohc_4_rockercover_dynamicmid_80s_inl_dohc_4_rockercover_dynamicmid_80s27": {
		"name": "material_67_athena_xxxv_inl_dohc_4_rockercover_dynamicmid_80s_c_2145549564_inl_dohc_4_rockercover_dynamicmid_80s_inl_dohc_4_rockercover_dynamicmid_80s27",
		"class": "Material",
		"mapTo": "material_67_athena_xxxv_inl_dohc_4_rockercover_dynamicmid_80s_c_2145549564_inl_dohc_4_rockercover_dynamicmid_80s_inl_dohc_4_rockercover_dynamicmid_80s27",
		"Stages": [
			{
				"normalMap": "camso_col_0xff8080ff.dds",
				"diffuseColor": [ 0.560784, 0.560784, 0.560784, 1 ],
				"roughnessFactor": 0.2,
				"metallicFactor": 1
			},
			{
			},
			{
			},
			{
			}
		],
		"alphaRef": 1,
		"alphaTest": true,
		"translucent": false,
		"translucentBlendOp": "None",
		"doubleSided": true,
		"invertBackFaceNormals": true,
		"dynamicCubemap": true,
		"activeLayers": 1,
		"materialTag0": "beamng",
		"order_simset": 0,
		"version": 1.5
	},
	"material_68_athena_xxxv_v60_dohc_intake_adapter_c_2145549542_mesh_v60_dohc_intake_adapter39": {
		"name": "material_68_athena_xxxv_v60_dohc_intake_adapter_c_2145549542_mesh_v60_dohc_intake_adapter39",
		"class": "Material",
		"mapTo": "material_68_athena_xxxv_v60_dohc_intake_adapter_c_2145549542_mesh_v60_dohc_intake_adapter39",
		"Stages": [
			{
				"normalMap": "camso_col_0xff8080ff.dds",
				"diffuseColor": [ 0.913725, 0.984314, 1, 1 ],
				"roughnessFactor": 0.19,
				"metallicFactor": 1
			},
			{
			},
			{
			},
			{
			}
		],
		"alphaRef": 1,
		"alphaTest": true,
		"translucent": false,
		"translucentBlendOp": "None",
		"doubleSided": true,
		"invertBackFaceNormals": true,
		"dynamicCubemap": true,
		"activeLayers": 1,
		"materialTag0": "beamng",
		"order_simset": 0,
		"version": 1.5
	},
	"material_69_athena_xxxv_v60_intakemanifold_di_4_highend_front_c_2146012777_v60_mpfi_injectorplate_front_v60_di_injectorplate_front48": {
		"name": "material_69_athena_xxxv_v60_intakemanifold_di_4_highend_front_c_2146012777_v60_mpfi_injectorplate_front_v60_di_injectorplate_front48",
		"class": "Material",
		"mapTo": "material_69_athena_xxxv_v60_intakemanifold_di_4_highend_front_c_2146012777_v60_mpfi_injectorplate_front_v60_di_injectorplate_front48",
		"Stages": [
			{
				"normalMap": "camso_pittedironnormal.dds",
				"diffuseColor": [ 0.517647, 0.521569, 0.513725, 1 ],
				"roughnessFactor": 0.9,
				"metallicFactor": 0.2,
				"useAnisotropic": true
			},
			{
			},
			{
			},
			{
			}
		],
		"alphaRef": 1,
		"alphaTest": true,
		"translucent": false,
		"translucentBlendOp": "None",
		"doubleSided": true,
		"invertBackFaceNormals": true,
		"dynamicCubemap": true,
		"activeLayers": 1,
		"materialTag0": "beamng",
		"order_simset": 0,
		"version": 1.5
	},
	"material_70_athena_xxxv_v60_intakemanifold_di_4_highend_front_c_2146012777_v60_mpfi_injectorplate_front_v60_di_injectorplate_front48": {
		"name": "material_70_athena_xxxv_v60_intakemanifold_di_4_highend_front_c_2146012777_v60_mpfi_injectorplate_front_v60_di_injectorplate_front48",
		"class": "Material",
		"mapTo": "material_70_athena_xxxv_v60_intakemanifold_di_4_highend_front_c_2146012777_v60_mpfi_injectorplate_front_v60_di_injectorplate_front48",
		"Stages": [
			{
				"normalMap": "camso_col_0xff8080ff.dds",
				"diffuseColor": [ 0.74902, 0, 0, 1 ],
				"roughnessFactor": 0,
				"metallicFactor": 0
			},
			{
			},
			{
			},
			{
			}
		],
		"alphaRef": 1,
		"alphaTest": true,
		"translucent": false,
		"translucentBlendOp": "None",
		"doubleSided": true,
		"invertBackFaceNormals": true,
		"dynamicCubemap": true,
		"activeLayers": 1,
		"materialTag0": "beamng",
		"order_simset": 0,
		"version": 1.5
	},
	"material_71_athena_xxxv_v60_ohc_belt_c_2145549353_v_alternator_v_alternator_modern60": {
		"name": "material_71_athena_xxxv_v60_ohc_belt_c_2145549353_v_alternator_v_alternator_modern60",
		"class": "Material",
		"mapTo": "material_71_athena_xxxv_v60_ohc_belt_c_2145549353_v_alternator_v_alternator_modern60",
		"Stages": [
			{
				"normalMap": "camso_alternator_modern_low_m_alternator_modern_normal.dds",
				"diffuseColor": [ 1, 1, 1, 1 ],
				"roughnessFactor": 0,
				"metallicFactor": 0,
				"useAnisotropic": true
			},
			{
			},
			{
			},
			{
			}
		],
		"alphaRef": 1,
		"alphaTest": true,
		"translucent": false,
		"translucentBlendOp": "None",
		"doubleSided": true,
		"invertBackFaceNormals": true,
		"dynamicCubemap": true,
		"activeLayers": 1,
		"materialTag0": "beamng",
		"order_simset": 0,
		"version": 1.5
	},
	"material_72_athena_xxxv_test_small_pulley_gen_variable_pulley_dohc_tensionpulley_right_c_cat_2145549351_pulley_component_inl_dohc_4_tensionpulley62": {
		"name": "material_72_athena_xxxv_test_small_pulley_gen_variable_pulley_dohc_tensionpulley_right_c_cat_2145549351_pulley_component_inl_dohc_4_tensionpulley62",
		"class": "Material",
		"mapTo": "material_72_athena_xxxv_test_small_pulley_gen_variable_pulley_dohc_tensionpulley_right_c_cat_2145549351_pulley_component_inl_dohc_4_tensionpulley62",
		"Stages": [
			{
				"normalMap": "camso_col_0xff8080ff.dds",
				"diffuseColor": [ 0, 0, 0, 0 ],
				"roughnessFactor": 0,
				"metallicFactor": 0
			},
			{
			},
			{
			},
			{
			}
		],
		"alphaRef": 1,
		"alphaTest": true,
		"translucent": false,
		"translucentBlendOp": "None",
		"doubleSided": true,
		"invertBackFaceNormals": true,
		"dynamicCubemap": true,
		"activeLayers": 1,
		"materialTag0": "beamng",
		"order_simset": 0,
		"version": 1.5
	},
	"material_73_athena_xxxv_v60_ohc_belt_c_2145549353_alt_bracket_v60_modern_alt_bracket_v60_modern66": {
		"name": "material_73_athena_xxxv_v60_ohc_belt_c_2145549353_alt_bracket_v60_modern_alt_bracket_v60_modern66",
		"class": "Material",
		"mapTo": "material_73_athena_xxxv_v60_ohc_belt_c_2145549353_alt_bracket_v60_modern_alt_bracket_v60_modern66",
		"Stages": [
			{
				"normalMap": "camso_brackets_low_m_alternator_normal.dds",
				"diffuseColor": [ 1, 1, 1, 1 ],
				"roughnessFactor": 0,
				"metallicFactor": 0,
				"useAnisotropic": true
			},
			{
			},
			{
			},
			{
			}
		],
		"alphaRef": 1,
		"alphaTest": true,
		"translucent": false,
		"translucentBlendOp": "None",
		"doubleSided": true,
		"invertBackFaceNormals": true,
		"dynamicCubemap": true,
		"activeLayers": 1,
		"materialTag0": "beamng",
		"order_simset": 0,
		"version": 1.5
	},
	"material_74_athena_xxxv_a_turbo_builder_c_2146335010_node_addstaticmeshcomponent_1_57_turbo_turbinehousing67": {
		"name": "material_74_athena_xxxv_a_turbo_builder_c_2146335010_node_addstaticmeshcomponent_1_57_turbo_turbinehousing67",
		"class": "Material",
		"mapTo": "material_74_athena_xxxv_a_turbo_builder_c_2146335010_node_addstaticmeshcomponent_1_57_turbo_turbinehousing67",
		"Stages": [
			{
				"normalMap": "camso_pittedironnormal.dds",
				"diffuseColor": [ 0.52549, 0.478431, 0.466667, 1 ],
				"roughnessFactor": 0.9,
				"metallicFactor": 0.2,
				"useAnisotropic": true
			},
			{
			},
			{
			},
			{
			}
		],
		"alphaRef": 1,
		"alphaTest": true,
		"translucent": false,
		"translucentBlendOp": "None",
		"doubleSided": true,
		"invertBackFaceNormals": true,
		"dynamicCubemap": true,
		"activeLayers": 1,
		"materialTag0": "beamng",
		"order_simset": 0,
		"version": 1.5
	},
	"material_75_athena_xxxv_a_turbo_builder_c_2146335010_node_addstaticmeshcomponent_1_66_turbo_shaft74": {
		"name": "material_75_athena_xxxv_a_turbo_builder_c_2146335010_node_addstaticmeshcomponent_1_66_turbo_shaft74",
		"class": "Material",
		"mapTo": "material_75_athena_xxxv_a_turbo_builder_c_2146335010_node_addstaticmeshcomponent_1_66_turbo_shaft74",
		"Stages": [
			{
				"normalMap": "camso_col_0xff8080ff.dds",
				"diffuseColor": [ 0.501961, 0.501961, 0.501961, 1 ],
				"roughnessFactor": 0,
				"metallicFactor": 0
			},
			{
			},
			{
			},
			{
			}
		],
		"alphaRef": 1,
		"alphaTest": true,
		"translucent": false,
		"translucentBlendOp": "None",
		"doubleSided": true,
		"invertBackFaceNormals": true,
		"dynamicCubemap": true,
		"activeLayers": 1,
		"materialTag0": "beamng",
		"order_simset": 0,
		"version": 1.5
	},
	"material_76_athena_xxxv_a_turbo_builder_c_2146335010_node_addstaticmeshcomponent_1_68_turbo_turbinewheel78": {
		"name": "material_76_athena_xxxv_a_turbo_builder_c_2146335010_node_addstaticmeshcomponent_1_68_turbo_turbinewheel78",
		"class": "Material",
		"mapTo": "material_76_athena_xxxv_a_turbo_builder_c_2146335010_node_addstaticmeshcomponent_1_68_turbo_turbinewheel78",
		"Stages": [
			{
				"normalMap": "camso_col_0xff8080ff.dds",
				"diffuseColor": [ 0.6, 0.6, 0.6, 1 ],
				"roughnessFactor": 0.3,
				"metallicFactor": 1
			},
			{
			},
			{
			},
			{
			}
		],
		"alphaRef": 1,
		"alphaTest": true,
		"translucent": false,
		"translucentBlendOp": "None",
		"doubleSided": true,
		"invertBackFaceNormals": true,
		"dynamicCubemap": true,
		"activeLayers": 1,
		"materialTag0": "beamng",
		"order_simset": 0,
		"version": 1.5
	},
	"material_77_athena_xxxv_v60_v6_headers_turbo_shortcast_l_c_2145549332_staticmesh_v60_v6_headers_turbo_shortcast_l81": {
		"name": "material_77_athena_xxxv_v60_v6_headers_turbo_shortcast_l_c_2145549332_staticmesh_v60_v6_headers_turbo_shortcast_l81",
		"class": "Material",
		"mapTo": "material_77_athena_xxxv_v60_v6_headers_turbo_shortcast_l_c_2145549332_staticmesh_v60_v6_headers_turbo_shortcast_l81",
		"Stages": [
			{
				"normalMap": "camso_pittedironnormal.dds",
				"diffuseColor": [ 0.439216, 0.4, 0.392157, 1 ],
				"roughnessFactor": 0.9,
				"metallicFactor": 0.2,
				"useAnisotropic": true
			},
			{
			},
			{
			},
			{
			}
		],
		"alphaRef": 1,
		"alphaTest": true,
		"translucent": false,
		"translucentBlendOp": "None",
		"doubleSided": true,
		"invertBackFaceNormals": true,
		"dynamicCubemap": true,
		"activeLayers": 1,
		"materialTag0": "beamng",
		"order_simset": 0,
		"version": 1.5
	},
	"material_78_athena_xxxv_v60_dohc_frontcover_c_2146012748_staticmesh_v60_dohc_frontcover89": {
		"name": "material_78_athena_xxxv_v60_dohc_frontcover_c_2146012748_staticmesh_v60_dohc_frontcover89",
		"class": "Material",
		"mapTo": "material_78_athena_xxxv_v60_dohc_frontcover_c_2146012748_staticmesh_v60_dohc_frontcover89",
		"Stages": [
			{
				"normalMap": "camso_alunormal.dds",
				"diffuseColor": [ 0, 0, 0, 1 ],
				"roughnessFactor": 0.15,
				"metallicFactor": 0,
				"useAnisotropic": true
			},
			{
			},
			{
			},
			{
			}
		],
		"alphaRef": 1,
		"alphaTest": true,
		"translucent": false,
		"translucentBlendOp": "None",
		"doubleSided": true,
		"invertBackFaceNormals": true,
		"dynamicCubemap": true,
		"activeLayers": 1,
		"materialTag0": "beamng",
		"order_simset": 0,
		"version": 1.5
	},
	"material_79_athena_xxxv_a_ignition_system_coilpack_c_2145549163_staticmesh_ignitioncoilpack90": {
		"name": "material_79_athena_xxxv_a_ignition_system_coilpack_c_2145549163_staticmesh_ignitioncoilpack90",
		"class": "Material",
		"mapTo": "material_79_athena_xxxv_a_ignition_system_coilpack_c_2145549163_staticmesh_ignitioncoilpack90",
		"Stages": [
			{
				"normalMap": "camso_col_0xff8080ff.dds",
				"diffuseColor": [ 0, 0, 0, 1 ],
				"roughnessFactor": 0.3,
				"metallicFactor": 0
			},
			{
			},
			{
			},
			{
			}
		],
		"alphaRef": 1,
		"alphaTest": true,
		"translucent": false,
		"translucentBlendOp": "None",
		"doubleSided": true,
		"invertBackFaceNormals": true,
		"dynamicCubemap": true,
		"activeLayers": 1,
		"materialTag0": "beamng",
		"order_simset": 0,
		"version": 1.5
	},
	"material_80_athena_xxxv_v60_block_mid_actor_c_2145549150_sectionmesh_v60_block_middle99": {
		"name": "material_80_athena_xxxv_v60_block_mid_actor_c_2145549150_sectionmesh_v60_block_middle99",
		"class": "Material",
		"mapTo": "material_80_athena_xxxv_v60_block_mid_actor_c_2145549150_sectionmesh_v60_block_middle99",
		"Stages": [
			{
				"normalMap": "camso_col_0xff8080ff.dds",
				"diffuseColor": [ 1, 1, 1, 1 ],
				"roughnessFactor": 0,
				"metallicFactor": 0
			},
			{
			},
			{
			},
			{
			}
		],
		"alphaRef": 1,
		"alphaTest": true,
		"translucent": false,
		"translucentBlendOp": "None",
		"doubleSided": true,
		"invertBackFaceNormals": true,
		"dynamicCubemap": true,
		"activeLayers": 1,
		"materialTag0": "beamng",
		"order_simset": 0,
		"version": 1.5
	},
	"material_81_athena_xxxv_v60_block_mid_actor_c_2145549150_sectionmesh_v60_block_middle99": {
		"name": "material_81_athena_xxxv_v60_block_mid_actor_c_2145549150_sectionmesh_v60_block_middle99",
		"class": "Material",
		"mapTo": "material_81_athena_xxxv_v60_block_mid_actor_c_2145549150_sectionmesh_v60_block_middle99",
		"Stages": [
			{
				"normalMap": "camso_engineblocktophole_01_normal.dds",
				"diffuseColor": [ 0.737255, 0.737255, 0.737255, 1 ],
				"roughnessFactor": 0.25,
				"metallicFactor": 1,
				"useAnisotropic": true
			},
			{
			},
			{
			},
			{
			}
		],
		"alphaRef": 1,
		"alphaTest": true,
		"translucent": false,
		"translucentBlendOp": "None",
		"doubleSided": true,
		"invertBackFaceNormals": true,
		"dynamicCubemap": true,
		"activeLayers": 1,
		"materialTag0": "beamng",
		"order_simset": 0,
		"version": 1.5
	},
	"material_82_athena_xxxv_inl_flying_wheel_01_actor_gen_variable_inl_flying_wheel_01_actor_c_cat_2145549145_inl_flying_wheel_01_mesh_inl_flying_wheel_01104": {
		"name": "material_82_athena_xxxv_inl_flying_wheel_01_actor_gen_variable_inl_flying_wheel_01_actor_c_cat_2145549145_inl_flying_wheel_01_mesh_inl_flying_wheel_01104",
		"class": "Material",
		"mapTo": "material_82_athena_xxxv_inl_flying_wheel_01_actor_gen_variable_inl_flying_wheel_01_actor_c_cat_2145549145_inl_flying_wheel_01_mesh_inl_flying_wheel_01104",
		"Stages": [
			{
				"normalMap": "camso_col_0xff8080ff.dds",
				"diffuseColor": [ 0.737255, 0.737255, 0.737255, 1 ],
				"roughnessFactor": 0.25,
				"metallicFactor": 1
			},
			{
			},
			{
			},
			{
			}
		],
		"alphaRef": 1,
		"alphaTest": true,
		"translucent": false,
		"translucentBlendOp": "None",
		"doubleSided": true,
		"invertBackFaceNormals": true,
		"dynamicCubemap": true,
		"activeLayers": 1,
		"materialTag0": "beamng",
		"order_simset": 0,
		"version": 1.5
	},
	"material_83_athena_xxxv_mainexhaustmesh115": {
		"name": "material_83_athena_xxxv_mainexhaustmesh115",
		"class": "Material",
		"mapTo": "material_83_athena_xxxv_mainexhaustmesh115",
		"Stages": [
			{
				"normalMap": "camso_col_0xff8080ff.dds",
				"diffuseColor": [ 1, 1, 1, 1 ],
				"roughnessFactor": 0,
				"metallicFactor": 1
			},
			{
			},
			{
			},
			{
			}
		],
		"alphaRef": 1,
		"alphaTest": true,
		"translucent": false,
		"translucentBlendOp": "None",
		"doubleSided": true,
		"invertBackFaceNormals": true,
		"dynamicCubemap": true,
		"activeLayers": 1,
		"materialTag0": "beamng",
		"order_simset": 0,
		"version": 1.5
	},
	"material_84_athena_xxxv_temp116": {
		"name": "material_84_athena_xxxv_temp116",
		"class": "Material",
		"mapTo": "material_84_athena_xxxv_temp116",
		"Stages": [
			{
				"normalMap": "camso_col_0xff8080ff.dds",
				"diffuseColor": [ 1, 1, 1, 1 ],
				"roughnessFactor": 0.285714,
				"metallicFactor": 1
			},
			{
			},
			{
			},
			{
			}
		],
		"alphaRef": 1,
		"alphaTest": true,
		"translucent": false,
		"translucentBlendOp": "None",
		"doubleSided": true,
		"invertBackFaceNormals": true,
		"dynamicCubemap": true,
		"activeLayers": 1,
		"materialTag0": "beamng",
		"order_simset": 0,
		"version": 1.5
	},
	"material_85_athena_xxxv_temp116": {
		"name": "material_85_athena_xxxv_temp116",
		"class": "Material",
		"mapTo": "material_85_athena_xxxv_temp116",
		"Stages": [
			{
				"normalMap": "camso_col_0xff8080ff.dds",
				"diffuseColor": [ 0, 0, 0, 0 ],
				"roughnessFactor": 0,
				"metallicFactor": 0
			},
			{
			},
			{
			},
			{
			}
		],
		"alphaRef": 1,
		"alphaTest": true,
		"translucent": false,
		"translucentBlendOp": "None",
		"doubleSided": true,
		"invertBackFaceNormals": true,
		"dynamicCubemap": true,
		"activeLayers": 1,
		"materialTag0": "beamng",
		"order_simset": 0,
		"version": 1.5
	}
}
